title,developer,url,group,monthlyUsers,totalUsers,rating,reviews,description
Google Maps Scraper,Compass,https://apify.com/compass/crawler-google-places?fpr=youssef,google-maps,37839,622864,4.7,1815,"Extract data from thousands of Google Maps locations and businesses, including reviews, reviewer details, images, contact info, including full name, email, and job title, opening hours, prices & more. Export data, run via API, schedule and monitor runs, or integrate with other tools"
Instagram Profile Scraper,Apify,https://apify.com/apify/instagram-profile-scraper?fpr=youssef,social-leads,28175,229701,4.7,175,"Scrape all Instagram profile info. Just add Instagram usernames, IDs or URLs and extract name, join date, number of followers, location, bio, website, related profiles, video&post count, latest posts. Export scraped data, schedule scraper via API, and integrate with other tools or AI workflows"
Google Search Results Scraper,Apify,https://apify.com/apify/google-search-scraper?fpr=youssef,other-lead-sources,19351,191531,4.6,218,"Scrape Google Search Engine Results Pages (SERPs). Select the country or language and extract organic and paid results, AI Mode, AI overviews, ads, queries, People Also Ask, prices, reviews, like a Google SERP API. Export data, run the scraper via API, schedule runs, or integrate with other tools"
Linkedin Jobs Scraper,Curious Coder,https://apify.com/curious_coder/linkedin-jobs-scraper?fpr=youssef,linkedin,17811,164248,4.6,141,"Scrape Linkedin jobs from jobs search results using search URLs or filters. Get full job details, job poster and company details"
LinkedIn Profile Scraper + Email No Cookies,HarvestAPI,https://apify.com/harvestapi/linkedin-profile-scraper?fpr=youssef,email-finders,10498,74324,4.6,92,"Extract detailed information from LinkedIn profiles in bulk, including complete work experience, education history, skills and more. No cookies or account required"
LinkedIn Profile Posts Scraper (No Cookies),HarvestAPI,https://apify.com/harvestapi/linkedin-profile-posts?fpr=youssef,linkedin,9202,37525,4.4,55,"Extract posts from LinkedIn profiles, including content, media, engagement, reactions, comments, and more. No cookies or account required"
Tweet Scraper V2 - X Scraper / Twitter Scraper / X.com Scraper,API Dojo,https://apify.com/apidojo/tweet-scraper?fpr=youssef,social-leads,8027,102587,3.9,196,"Lightning-fast search, URL, list, and profile scraping, with customizable filters., and 30-80 tweets per second, it is ideal for researchers, entrepreneurs, and businesses! Get comprehensive insights from Twitter (X) now!"
Linkedin Post Search Scraper (No Cookies),HarvestAPI,https://apify.com/harvestapi/linkedin-post-search?fpr=youssef,linkedin,6825,29998,5.0,53,Search LinkedIn Posts with advanced filters by target profiles or companies. No cookies or account required
LinkedIn Profile Search Scraper No Cookies Find all people,HarvestAPI,https://apify.com/harvestapi/linkedin-profile-search?fpr=youssef,linkedin,6320,45517,4.4,103,"Search for LinkedIn profiles with filters and extract detailed profile information, including work experience, education history, location, and more. No cookies or account required"
Linkedin Company Details Scraper (No Cookies) Bulk,HarvestAPI,https://apify.com/harvestapi/linkedin-company?fpr=youssef,linkedin,6281,22857,4.5,34,"Extract detailed information from LinkedIn Companies such as company name, address, phone numbers, website, employee count, and more. Find LinkedIn company URLs by name in Bulk. No cookies or account required"
Facebook Ads Library Scraper,Apify,https://apify.com/apify/facebook-ads-scraper?fpr=youssef,social-leads,6277,39074,4.2,58,"Extract advertising data from Facebook, Instagram, WhatsApp, Threads. Get ads, publishers, prices, reach estimates, impressions, links, images, IDs, timestamps, product info, and more from Facebook Ad Library. Export ad data, schedule runs via API, and integrate with other tools or AI workflows"
Facebook Ad Library Scraper,Curious Coder,https://apify.com/curious_coder/facebook-ads-library-scraper?fpr=youssef,social-leads,5869,42504,4.8,110,Scrape ads from facebook ads library search results and facebook pages. Cost
LinkedIn Company Employees Scraper No Cookies,HarvestAPI,https://apify.com/harvestapi/linkedin-company-employees?fpr=youssef,linkedin,5714,30219,3.9,47,"Extract all LinkedIn Company employees with filters and detailed profile information, including complete work experience, and more. No cookies or account required. This actor can try to find contact emails"
Facebook Pages Scraper,Apify,https://apify.com/apify/facebook-pages-scraper?fpr=youssef,social-leads,5442,63377,4.6,54,"Extract basic data from multiple Facebook Pages or Profiles. Extract Facebook page details, website, email, address, messenger, likes, followers, rating, ad running status, and other public data. Export scraped data, schedule scraper via API, integrate with other tools or AI workflows"
Tweet Scraper| Pay-Per Result | No Rate Limits,Kaito T,https://apify.com/kaitoeasyapi/twitter-x-data-tweet-scraper-pay-per-result-cheapest?fpr=youssef,social-leads,4415,27511,4.3,84,"Twitter scraping, 100% reliability, swift data retrieval.This incredible low price is almost too good to be true.Thanks to our large-scale operations and efficient servers, we can offer you rock-bottom prices that no competitors can match"
Google Maps Extractor,Compass,https://apify.com/compass/google-maps-extractor?fpr=youssef,google-maps,4131,103040,4.9,232,"Extract data from hundreds of places fast. Scrape Google Maps by keyword, category, location, URLs & other filters. Get addresses, contact info, opening hours, popular times, prices, menus & more. Export scraped data, run the scraper via API, schedule and monitor runs, or integrate with other tools"
"Reddit Scraper - Posts, Comments, Search & Subreddits",Harsh Maur,https://apify.com/harshmaur/reddit-scraper?fpr=youssef,social-leads,3672,14463,4.5,40,"Scrape Reddit posts, comments, subreddits, user profiles, and keyword search results - no API key, no rate limits, no login., pay only for what you use. Full comment threads, 60+ fields per post, media and galleries. Works with AI Agents, MCP, n8n, Make, Zapier and more"
LinkedIn Company Posts Scraper (No Cookies),HarvestAPI,https://apify.com/harvestapi/linkedin-company-posts?fpr=youssef,linkedin,3608,12415,5.0,21,"Extract posts from LinkedIn companies including content, media, engagement, reactions, comments and more. No cookies or account required. Concurrency + fast response times make mass scraping fast"
LinkedIn Jobs Scraper,Bebity,https://apify.com/bebity/linkedin-jobs-scraper?fpr=youssef,linkedin,3001,40166,4.3,72,"ℹ Designed for both personal and professional use, simply enter your desired job title and location to receive a tailored list of job opportunities. Try it today!"
Google Maps Email Extractor,Lukáš Křivka,https://apify.com/lukaskrivka/google-maps-with-contact-details?fpr=youssef,google-maps,2937,90607,4.6,221,"Extract Google Maps contact details. Scrape websites of Google Maps places for contact details and get email addresses, website, location, address, zipcode, phone number, social media links. Export scraped data, run the scraper via API, schedule and monitor runs or integrate with other tools"
Profile Posts Scraper for LinkedIn [No Cookies],API Maestro,https://apify.com/apimaestro/linkedin-profile-posts?fpr=youssef,linkedin,2361,22973,4.8,67,"Scrape LinkedIn posts data for a given LinkedIn profile including post content, reactions, comments count, and media attachments"
Contact Details Scraper,Vojta Drmota,https://apify.com/vdrmota/contact-info-scraper?fpr=youssef,email-finders,2218,60843,4.7,92,"Email extractor and lead scraper to extract and download emails, phone numbers, Facebook, Twitter, LinkedIn, Instagram, Threads, Snapchat, and Telegram profiles from any website. Extract contact information at scale from lists of URLs and download the data as Excel, CSV, JSON, HTML, and XML"
Twitter (X.com) Scraper Unlimited: No Limits,API Dojo,https://apify.com/apidojo/twitter-scraper-lite?fpr=youssef,social-leads,2091,34247,4.8,101,"Introducing Twitter Scraper Unlimited, the most comprehensive Twitter data extraction solution available. Our enterprise-grade scraper offers unmatched capabilities with a transparent event-based pricing model, making it perfect for both small-scale and large-scale data extraction needs"
Leads Finder - Emails [Apollo Alternative],Code Pioneer,https://apify.com/code_crafter/leads-finder?fpr=youssef,email-finders,2069,47899,3.5,547,"Affordable alternative to ZoomInfo, Lusha & Apollo. Get Business email, Mobile Number, Personal email, LinkedIn profiles, company details etc"
LinkedIn Post Comments Scraper (No Cookies) (No Cookies),HarvestAPI,https://apify.com/harvestapi/linkedin-post-comments?fpr=youssef,linkedin,1832,8040,4.8,22,"Extract LinkedIn post comments or comment replies in bulk, as well as comment social activities such as the number of likes and reactions. No cookies or account required"
Advanced LinkedIn Job Search API,Fantastic.jobs,https://apify.com/fantastic-jobs/advanced-linkedin-job-search-api?fpr=youssef,linkedin,1797,15084,2.9,20,"Access our real-time LinkedIn Jobs database with over 10 million new jobs per month. With detailed company data, recruiter data, and AI enrichments! Get exact results with our advanced filters on title, description, location, company description, no. of employees, industry. Powered by Fantastic.jobs"
Instagram Followers/Following Scraper | No Login | No Cookies,Scraping Solutions,https://apify.com/scraping_solutions/instagram-scraper-followers-following-no-cookies?fpr=youssef,social-leads,1752,15782,4.8,15,"Download Instagram followers or following from any public account. No login, no cookies required. Supports multiple usernames, auto-pagination, and continuation tokens for large exports. Export to JSON, CSV, Excel. Perfect for lead generation, influencer research, and competitor analysis"
Linkedin Profile Search By Name scraper No Cookies,HarvestAPI,https://apify.com/harvestapi/linkedin-profile-search-by-name?fpr=youssef,linkedin,1631,8020,4.5,17,"Search for LinkedIn profiles by name with filters and extract detailed profile information, including work experience, education history, location and more. No cookies or account required"
Profile Details Scraper for LinkedIn + EMAIL (No Cookies),API Maestro,https://apify.com/apimaestro/linkedin-profile-detail?fpr=youssef,email-finders,1624,19514,4.7,64,"Scrape comprehensive LinkedIn profile data including work experience, education history, certifications, and location details. Get structured information from any public LinkedIn profile using their username"
Tiktok Scraper (Pay Per Result),API Dojo,https://apify.com/apidojo/tiktok-scraper?fpr=youssef,social-leads,1619,11243,4.4,30,"Extract TikTok profiles, videos, hashtags, comments at 600 posts/sec. No proxy, 98% success rate. Scrape music, locations & user data with query builder. Export JSON/CSV, API integration. Perfect for influencer discovery, lead gen, market research"
LinkedIn Company Search Scraper No Cookies,HarvestAPI,https://apify.com/harvestapi/linkedin-company-search?fpr=youssef,linkedin,1615,8077,4.4,22,Search for LinkedIn companies with filters and extract detailed company information. No cookies or account required. Fast and reliable actor
Naukri Job Scraper | India & Gulf Jobs,Muhammet Akkurt,https://apify.com/muhammetakkurtt/naukri-job-scraper?fpr=youssef,jobs-hiring-signals,1582,20382,4.4,11,"Naukri Job Scraper extracts job postings from Naukri.com (India) and NaukriGulf.com (Gulf). Scrape job title, company, salary, experience, description and recruiter email by keyword, URL or filters. Export structured data for recruitment analytics, market research and lead generation"
Facebook Posts Search,Scraper One,https://apify.com/scraper_one/facebook-posts-search?fpr=youssef,social-leads,1538,21671,4.2,14,"Search for Facebook posts using keywords or hashtags. Retrieve post URLs, content, publication dates, author details, and engagement metrics. Ideal for monitoring brand mentions on Facebook over time"
Instagram Post & Reel Details Scraper · No Login,Data Slayer,https://apify.com/data-slayer/instagram-post-details?fpr=youssef,social-leads,1529,3619,5,1,"Get full details from any Instagram post or Reel by URL - no login. 128 fields: likes, comments, views, shares, saves, reposts, captions, audio metadata, video URLs, and creator profiles. Bulk URL input. Includes repost_count missing from Apify's own scraper. JSON/CSV/Excel"
X Tweet Scraper | Pay-Per-Result,Xquik,https://apify.com/xquik/x-tweet-scraper?fpr=youssef,social-leads,1468,4731,4.5,14,"Scrape X (Twitter) tweets, replies, profiles, lists, and searches on every Apify plan. Use 50+ filters, batch lookup, and flat exports. No X login. Built by Xquik. World's fastest & cheapest X (Twitter) scraper service. Not affiliated with X Corp"
Career Site Job Listing API,Fantastic.jobs,https://apify.com/fantastic-jobs/career-site-job-listing-api?fpr=youssef,jobs-hiring-signals,1461,7627,4.1,13,"The perfect Job Posting API for high-quality real jobs! Direct postings from over 175k+ company career sites across 54 ATS platforms like: Workday, Greenhouse, and Ashby. Enriched with AI and LinkedIn company data! Includes Lever, Rippling, SuccessFactors, iCIMS. Powered by Fantastic.jobs"
Linkedin Post Scraper No cookies,Supreme Coder,https://apify.com/supreme_coder/linkedin-post?fpr=youssef,linkedin,1447,16583,4.1,54,"Scrape unlimited Linkedin posts without risking your Linkedin account. Live data, Super fast scraping at affordable cost. High success rate"
Fast Instagram Profile Posts Scraper,Instagram Scraper,https://apify.com/instagram-scraper/fast-instagram-post-scraper?fpr=youssef,social-leads,1309,6766,4.7,10,"Instagram Post Scraper. Post data: hashtags, comment_count, like_count, usertags, images, videos, shortcode and etc. Scrape Instagram Posts with Ease and Speed"
Mass Linkedin Profile Scraper with Email (No Cookies),Dev Fusion,https://apify.com/dev_fusion/Linkedin-Profile-Scraper?fpr=youssef,email-finders,1245,63415,3.6,158,"Extract full LinkedIn profile insights: verified email, phone number, work history, education, and more"
Leads Scraper /Run With EMAILSLike Apollo,Pipeline Labs,https://apify.com/pipelinelabs/lead-scraper-apollo-zoominfo-lusha-ppe?fpr=youssef,email-finders,1218,15984,3.0,86,"Scrape Up to 50K leads per run with Emails, LinkedIn URL, Phone Numbers, & More! Similar to Apollo, ZoomInfo, Lusha. 250+ Million Verified Database!"
Posts Search Scraper for LinkedIn | No Cookies,API Maestro,https://apify.com/apimaestro/linkedin-posts-search-scraper-no-cookies?fpr=youssef,linkedin,1214,12245,4.7,37,"Scrape LinkedIn posts by keyword without login. Get post content, reactions, author details, and media. Sort by relevance or date. Perfect for research, analysis, and monitoring trends"
LinkedIn Profile Extractor & Enricher (No Login Required),Unseen User,https://apify.com/unseenuser/LinkedIn-Profile?fpr=youssef,linkedin,1122,2266,5,4,"Extract complete LinkedIn profile data - experience, education, skills, certifications, location, headline. No login, no cookies. Built for B2B sales and lead-gen teams"
Threads Scraper,Automation Lab,https://apify.com/automation-lab/threads-scraper?fpr=youssef,social-leads,1041,3378,4.2,8,"Scrape Meta Threads posts, profiles, and search results. No login needed. Extract text, likes, reply counts, reposts, media, and user data"
Facebook (Meta) Ads Library Scraper,Iñigo Garcia Olaizola,https://apify.com/igolaizola/facebook-ad-library-scraper?fpr=youssef,social-leads,1012,3428,3.9,11,"Extract powerful ad insights from Meta's Facebook Ads Library. Scrape comprehensive data including IDs, ad text, images, links, and page details to fuel digital marketing strategies and competitive research. Optimize and boost campaigns with current, actionable ad data for maximum impact"
"Fast Twitter (X) User Scraper API | Extract Profiles, Followers",API Dojo,https://apify.com/apidojo/twitter-user-scraper?fpr=youssef,social-leads,1011,9129,4.4,16,"Introducing Twitter (X) User Scraper, the ultimate solution for direct user extraction from Twitter (X). It offers blazing speed and comprehensiveness, delivering lightning-fast user extraction features"
Bulk Email Verifier & Validator - BounceVerify,Redify,https://apify.com/bounceverify/bounceverify-email-verifier?fpr=youssef,email-finders,975,3471,5,4,"Bulk email verifier & validator with SMTP validation, catch-all detection, and disposable filtering. The best ZeroBounce & NeverBounce alternative on Apify. Clean leads from Apollo, LinkedIn, or any scraper. Reduce bounce rate to under 2%. GDPR compliant"
LinkedIn Post Reactions Scraper (No Cookies) (No Cookies),HarvestAPI,https://apify.com/harvestapi/linkedin-post-reactions?fpr=youssef,linkedin,970,4949,5.0,19,"Extract reactions of LinkedIn posts or comments, such as likes, appreciations, etc. No cookies or account required"
Instagram Followers and Following Scraper,Apify,https://apify.com/apify/instagram-followers-following-scraper?fpr=youssef,social-leads,968,2913,4.7,9,"Scrape Instagram followers' names. Just add Instagram profile and extract followers' username, name, profile picture URL, private or public status, verified status and Instagram user ID. Export scraped data, schedule scraper via API, and integrate with other tools or AI workflows"
Company Posts Scraper for LinkedIn - No Cookies,API Maestro,https://apify.com/apimaestro/linkedin-company-posts?fpr=youssef,linkedin,930,8697,5.0,17,"Extract public posts and activity from companies including post content, reactions, comments count, and media attachments"
Post Comments & Engagements Scraper for LinkedIn | No Cookies,API Maestro,https://apify.com/apimaestro/linkedin-post-comments-replies-engagements-scraper-no-cookies?fpr=youssef,linkedin,831,5532,5.0,8,"Scrape in Batch all LinkedIn post related data including comments, stats, reactions, replies and media attachments"
Leads Finder - Email + Mobile Number ​,Caleb David,https://apify.com/microworlds/leads-finder?fpr=youssef,email-finders,821,21294,3.7,113,"Cheap alternative to Apollo, ZoomInfo & Lusha. Get business emails, LinkedIn profiles, company details etc.. With verified email and mobile number ​"
"Naukri Job Scraper - Salary, Skills & Detail",Black Falcon Data,https://apify.com/blackfalcondata/naukri-jobs-feed?fpr=youssef,jobs-hiring-signals,774,4864,5,2,"Naukri Job Scraper for naukri.com: India's largest job board (500K+ listings). Salary, walk-in contacts, skills, company profiles, full descriptions. plans; no monthly fee. Incremental mode; compact output for AI/MCP"
Instagram Scraper (Pay Per Result),API Dojo,https://apify.com/apidojo/instagram-scraper?fpr=youssef,social-leads,759,9298,4.7,36,"Famous for its blazing-fast speed and completeness, it offers rapid and efficient scraping of many URLs such as; location, audio, tag, and profile. It's incredibly cost-effective at for every 1000 posts, capable of scraping 100-200 posts each second!"
Skip Trace,ONE API,https://apify.com/one-api/skip-trace?fpr=youssef,enrichment-verification,752,15809,4.6,32,"Locate hard-to-find individuals with our powerful skip trace/tracing API. TruePeopleSearch, Fastpeoplesearch, Lead Finder, Truthfinder, Spokeo, BeenVerified, PeopleFinders. Please leave 5 stars if found useful. If you do not receive any results, please contact: support@realtyapi.io"
LinkedIn Email Finder Find Emails for LinkedIn Profiles,VulnV,https://apify.com/vulnv/linkedin-email-finder?fpr=youssef,email-finders,741,4369,5.0,5,"LinkedIn email finder: paste profile URLs, get business email addresses back. Bulk lookups, JSON or CSV export, pay per email found. Works on free Apify plans, no cookies or login needed"
Naukri Job Scraper - India + Gulf · Emails & 41 Fields,Muhamed Didovic,https://apify.com/memo23/naukri-scraper?fpr=youssef,email-finders,713,4923,4.7,17,"The only Naukri scraper that also covers NaukriGulf - India and the Gulf in one run, so you buy one actor instead of two. 41 fields per job: salary bands, skills, education, apply links, plus optional employer emails and AmbitionBox company ratings. Rated 4.7 by 17 users. JSON or CSV"
Facebook Search Scraper,Jan Danecki,https://apify.com/danek/facebook-search-ppr?fpr=youssef,social-leads,706,42958,4.1,18,"Scrap Facebook search results fast and easy. It is designed to be fast and efficient, so it can extract a large number of results for low price. It is also less likely to be blocked by Facebook"
Google Maps Scraper,VortexData,https://apify.com/vortex_data/google-maps?fpr=youssef,google-maps,702,3115,4.8,18,"Stop wasting your budget on slow, resource-heavy browser-based scrapers. This is the fastest, most cost-effective, and data-rich Google Maps scraper on Apify, designed for high-scale lead generation and market research"
Reddit Scraper,Automation Lab,https://apify.com/automation-lab/reddit-scraper?fpr=youssef,social-leads,694,4128,4.8,6,"Scrape public Reddit search results and subreddit listings, with posts, comments, and profiles available on a best-effort basis. No Reddit account or API key required"
"LinkedIn Company Scraper - Profiles, Search, Posts [No Login]",Unseen User,https://apify.com/unseenuser/LinkedIn-Company-Scraper?fpr=youssef,linkedin,676,1299,5,3,"Scrape LinkedIn company data 3 ways - full profiles, ICP search, and recent posts - without logging in. No cookies, no extension, no account risk. Exact employee counts, every office, industries, org tree. Clean JSON/CSV for HubSpot, Salesforce, Clay, n8n. 99.8% success"
"Taobao 淘宝 Product Detail Scraper - SKUs, Prices, Reviews",Zen Studio,https://apify.com/zen-studio/taobao-detail-scraper?fpr=youssef,other-lead-sources,663,1572,5,2,"Extract SKUs, prices, attributes, optional reviews, images, videos, shop data, and category metadata from Taobao (淘宝) and Tmall (天猫) product URLs or item IDs. Export clean JSON, CSV, and Excel rows"
Company Employees Scraper for LinkedIn | No Cookies,API Maestro,https://apify.com/apimaestro/linkedin-company-employees-scraper-no-cookies?fpr=youssef,linkedin,661,7754,2.9,18,"Extract LinkedIn company employees without sharing your cookies or account. Get structured data including profile details, job titles, and current positions. No login required"
Leads Finder Apollo Alternative,Pipeline Labs,https://apify.com/pipelinelabs/leads-finder-with-emails-apollo-lusha-zoominfo?fpr=youssef,email-finders,651,4172,3.6,12,"Find verified B2B leads with emails, LinkedIn URLs & phone numbers. 250M+ contact database with 100% email coverage. Apollo, Zoominfo & Lusha alternative. Up to 50,000 leads per run"
Tiktok Profile Scraper (Pay Per Result),API Dojo,https://apify.com/apidojo/tiktok-profile-scraper?fpr=youssef,social-leads,650,5191,4.4,17,"Scrape TikTok user profiles at 425 posts/sec with 98% success, no proxy needed. Get followers, bio, badges, full video history & engagement. Username or URL input. Export JSON/CSV, API ready. Perfect for influencer research, lead gen & brand deals"
Trustpilot All Reviews Scraper + · No Cap · AI Insights,Muhamed Didovic,https://apify.com/memo23/trustpilot-scraper-ppe?fpr=youssef,directories,648,2807,4.8,20,"[] Export every Trustpilot review - past the ~200-review web cap. Incremental mode: pull only reviews newer than a date, so daily syncs stay cheap. 40+ fields, company replies, ratings, reviewer country. Filter by star, language, date, verified. Brand search, regional domains"
Upwork Job Scraper,Neatrat,https://apify.com/neatrat/upwork-job-scraper?fpr=youssef,jobs-hiring-signals,603,6808,4.8,33,"Scrape Upwork jobs without limits Bypass CAPTCHAs & apply custom filters. Apify is retiring rental Actors, so pricing is changing. For many users around ~7k jobs/month, cost should stay near the old You still get the same no-cookie setup, with in-house Upwork accounts and proxies built in"
Google Maps Scraper,ScraperLink,https://apify.com/scraperlink/google-maps-scraper?fpr=youssef,google-maps,601,3905,5.0,31,"**CHEAPEST** Google Maps Scraper on Apify - 4× cheaper than competitors. Proxies & platform costs included. Results in seconds. Extract names, phones, addresses, ratings, hours & more. Multi-query, up to 200 results per search"
"Bulk Linkedin Email Finder, Super Cheap",Sniper Coder,https://apify.com/snipercoder/bulk-linkedin-email-finder?fpr=youssef,email-finders,577,3774,4.6,14,"Input: linkedIn|Output: Name, Email, Title, Company, etc. In Bulk| Perfect for Email campaigns, Data Enrichment, Linkedin/Linkedin sales nav Leads. Forget Instantly.ai, apollo.io, and hunter.io, they are all to break the Bank"
Instagram Followers Scraper (No Cookie),Data Doping,https://apify.com/datadoping/instagram-followers-scraper?fpr=youssef,social-leads,576,5929,4.5,14,"Extract Instagram profile followers in bulk without requiring login, session ID, or cookies. This actor provides complete API support, and seamless export options, making large-scale follower collection efficient and reliable"
Linkedin Profile Scraper with Email & Company Data (No Cookie),Data Doping,https://apify.com/datadoping/linkedin-profile-scraper?fpr=youssef,email-finders,576,4342,3.4,11,"For, LinkedIn Profile with Email & Company Data and get complete lead information, including verified emails, using their username, URL, or URN. This advanced scraper integrates with tools like Apollo, Hunter, Lusha etc. to ensure accurate and up-to-date email data"
LinkedIn Profile Comments Scraper (No Cookies),HarvestAPI,https://apify.com/harvestapi/linkedin-profile-comments?fpr=youssef,linkedin,576,2016,5,12,"Extract LinkedIn profile comments, as well as comment social activities such as likes and reactions. No cookies or account required, fast response times"
Leads Scraper Apollo | LinkedIn Profile,Peaky Dev,https://apify.com/peakydev/leads-scraper-ppe?fpr=youssef,linkedin,574,16850,4.0,154,"Cheap ways to Extract leads with verified Mobile Work & Personal Emails. Similar to Apollo, ZoomInfo, Lusha, LinkedIn | Google Maps"
"1688 Products Wholesale Scraper - 50+ Fields, 250+ Products/Min",Zen Studio,https://apify.com/zen-studio/1688-wholesale-scraper?fpr=youssef,other-lead-sources,573,2341,5,4,"Extract 50+ fields per product from 1688.com at 250+ products/minute. Tiered wholesale pricing, supplier verification, factory stats, dropship channels, certifications, trade service scores. Search by keyword (Chinese/English) or offer IDs. JSON output, no login required"
Twitter Scraper,Jan Danecki,https://apify.com/danek/twitter-scraper?fpr=youssef,social-leads,551,7987,4.4,20,"Scrap Twitter fast and easy. It is designed to be fast and efficient, so it can extract a large number of post for low price"
YouTube Comments Scraper API - Extract Video Comments Fast,API Dojo,https://apify.com/apidojo/youtube-comments-scraper?fpr=youssef,social-leads,523,3118,4.8,12,"YouTube Comments Scraper, the ultimate solution for extensive YouTube comments data retrieval. With its high-speed scraping abilities, it provides unmatched effectiveness and thoroughness. Additionally, its cost-effectiveness is unmatched, priced at !"
Trustpilot Reviews Scraper,Automation Lab,https://apify.com/automation-lab/trustpilot?fpr=youssef,directories,517,2302,5,1,"Extract Trustpilot reviews with ratings, replies, reviewer info, and company data. Tiered per-review pricing applies, plus a run start fee"
Facebook Ads Library Scraper,Automation Lab,https://apify.com/automation-lab/facebook-ads-library?fpr=youssef,social-leads,496,2080,4.5,3,"Scrape Facebook / Meta Ad Library for competitor ad monitoring. Search by keyword, Page URL, pasted Ads Library URL, country, status, and media type. Extract creatives, copy, links, media, platforms, spend. No login or Meta API token required"
Linkedin Profile Scraper No cookie,Supreme Coder,https://apify.com/supreme_coder/linkedin-profile-scraper?fpr=youssef,linkedin,495,8677,4.9,32,Scrape Linkedin profiles without risking your Linkedin account. Live data
"Instagram Profile Scraper - Emails, Bio Links & Post Likers",Andrey Afanasenko,https://apify.com/afanasenko/instagram-profile-scraper?fpr=youssef,email-finders,477,3972,2.5,10,"Scrape Instagram profiles at scale - followers and following lists, post likers and commenters, similar-account discovery, keyword and location search. Every profile returns emails, bio links, engagement rate, business category and language. No login needed"
Twitter Profile Scraper: Get Profile Tweets + Their Replies,API Dojo,https://apify.com/apidojo/twitter-profile-scraper?fpr=youssef,social-leads,466,2910,3.4,11,"Extract tweets, replies & engagement data from Twitter profiles. 40 tweets FREE. Get likes, retweets, views & media URLs. Date filtering, reply extraction, custom data transformation. No authentication, no proxy required. Event-based pricing, only pay for what you scrape!"
Leads Finder | Similar to Apollo LinkedIn Leads Generator,Brave Leads,https://apify.com/braveleads/leads-finder-linkedin-apollo-leads-generator?fpr=youssef,linkedin,462,4520,4.5,49,"Maximum Result issue fixed---. Get premium leads similar to apollo, linkedin, zoominfo. Work emails, Phone numbers and more"
X (Twitter) Posts Search,Scraper One,https://apify.com/scraper_one/x-posts-search?fpr=youssef,social-leads,453,2434,5,2,"Search for X (formerly Twitter) posts using keywords or hashtags. Retrieve post URLs, content, publication dates, author details, and engagement metrics. Ideal for monitoring brand mentions on X over time"
Threads Search Scraper,Sachin Kumar Yadav,https://apify.com/igview-owner/threads-search-scraper?fpr=youssef,social-leads,452,8670,3.5,6,"Powerful Meta Threads search scraper for posts and users. Filter by keywords or usernames, export structured data for analytics, research, monitoring and reporting"
Email Verifier & Validator | Bulk Email Verification,Michael G,https://apify.com/michael.g/email-verifier-validator?fpr=youssef,email-finders,429,1931,4.7,35,"Bulk email verifier and email validator for email list verification. Verify email addresses, detect invalid emails, check deliverability, and clean email lists to reduce bounce rates"
TikTok Followers Scraper,Clockworks,https://apify.com/clockworks/tiktok-followers-scraper?fpr=youssef,social-leads,421,12003,4.7,24,"Scrape TikTok followers and following profiles from any account. Input a profile name, and get detailed lists of followers and following profiles with complete metadata. Perfect for lead generation, audience analysis, and segmentation"
LinkedIn Profile Scraper for cheap lead enrichment,Anchor,https://apify.com/anchor/linkedin-profile-enrichment?fpr=youssef,linkedin,419,9898,4.9,21,"Extract LIVE LinkedIn profile data from LinkedIn URLs. Works with people and companies. Upload a CSV of LinkedIn URLs or use the API. Automate your LinkedIn enrichment with N8N, Make, Zapier integrations... No Cookies. Cheap, high-quality, live lead enrichment for LinkedIn profiles !"
"Fast YouTube Channel Scraper API | Profiles, Subs & Stats",API Dojo,https://apify.com/apidojo/youtube-channel-information-scraper?fpr=youssef,social-leads,417,2342,5.0,8,"Extreme flexibility with search functionalities enables you to retrieve extensive channel information in detail. Not just that but YouTube Channel Information Scraper offers you Country, Language, and Location geo-targeting capabilities. !"
Profile Details Batch Scraper for LinkedIn + EMAIL (No Cookies),API Maestro,https://apify.com/apimaestro/linkedin-profile-batch-scraper-no-cookies-required?fpr=youssef,email-finders,415,11750,4.4,18,"(no cookies need) Extract In Bulk comprehensive LinkedIn profile data including work experience, education history, certifications, and location details. Get structured information from any public LinkedIn profile using their username"
StepStone Job Scraper - Keyword/URL Search + Emails [],Muhamed Didovic,https://apify.com/memo23/stepstone-search-cheerio-ppr?fpr=youssef,email-finders,412,1454,5.0,9,"StepStone job scraper - keyword & listing search on StepStone Germany, Austria & Belgium, or drop in any job link for one clean row per posting: title, company, salary, location, skills, dates, labels + employer emails. Pure HTTP, no browser. Totaljobs/CWJobs too"
Instagram Following Scraper (No Cookie),Data Doping,https://apify.com/datadoping/instagram-following-scraper?fpr=youssef,social-leads,409,3269,3.4,6,"Extract Instagram profile following in bulk without requiring login, session ID, or cookies. This actor provides complete API support, and seamless export options, making large-scale follower collection efficient and reliable"
"Fast Instagram Scraper API - Posts, Reels, Profiles & Hashtags",API Dojo,https://apify.com/apidojo/instagram-scraper-api?fpr=youssef,social-leads,405,2598,5,9,"Instagram Scraper API - extract posts, reels, profiles, hashtags, locations & audio FASTat 100-200 posts/sec. Transparent event-based pricing +, FREE posts per query, no login, proxies or API keys. Perfect for influencer analysis, brand & social media monitoring"
X Tweet Scraper | Pay-Per-Result,ScrapeBadger,https://apify.com/scrape.badger/twitter-tweets-scraper?fpr=youssef,social-leads,402,2855,3.3,17,"Scrape X/Twitter tweets for. Advanced search with 40+ filters, batch tweet lookup, replies, retweeters, favoriters, quotes, and similar tweets. No API key needed, no rate limits"
LinkedIn Profile Reactions Scraper (No Cookies),HarvestAPI,https://apify.com/harvestapi/linkedin-profile-reactions?fpr=youssef,linkedin,391,1496,4.8,15,"Extract LinkedIn profile reactions, as well as full post data and social activities. No cookies or account required. Concurrency + fast response times"
Post Data Scraper for LinkedIn | No Cookies,API Maestro,https://apify.com/apimaestro/linkedin-post-detail?fpr=youssef,linkedin,390,1535,5,3,"Linkedin Posts Data Scraper: Extract detailed information from LinkedIn profiles including work experience, education history, and location details"
App Store Reviews Scraper API,The Wolves,https://apify.com/thewolves/appstore-reviews-scraper?fpr=youssef,other-lead-sources,380,2294,5.0,10,"App Store Reviews Scraper is your ultimate tool to retrieve the reviews directly from the Apple Store. With extremely capable information retrieval, the lowest price, and lightning speed, this actor is unbeatable. It's priced at !"
"Multi Job Board Scraper - LinkedIn, Indeed, Glassdoor & More",Pika Choo,https://apify.com/openclawai/job-board-scraper?fpr=youssef,linkedin,377,2907,5.0,4,"Scrape job listings from LinkedIn, Indeed, Glassdoor, Google Jobs & ZipRecruiter simultaneously. Extract job title, company, salary, location, job type, description, company info & more. No API keys needed - pay per result"
Google Jobs Scraper,John,https://apify.com/johnvc/Google-Jobs-Scraper?fpr=youssef,jobs-hiring-signals,373,3812,4.5,13,"The most advanced Google Jobs Scraper available! Built with enterprise-grade flexibility, lightning-fast performance, and comprehensive customization options. Extract detailed job data, application links, company information, and full job descriptions. Unlimited usage, no monthly rental fees"
Youtube Scraper (Pay Per Result),API Dojo,https://apify.com/apidojo/youtube-scraper?fpr=youssef,social-leads,357,30247,3.3,21,"Experience unparalleled efficiency and depth with its ultra-fast capabilities in searching, URL, playlist, channel, and profile scraping. It comes equipped with a variety of filters to customize your data collection precisely. Plus, it's incredibly affordable at !"
Fast Instagram Profile Reels Scraper,Instagram Scraper,https://apify.com/instagram-scraper/instagram-profile-reels-scraper?fpr=youssef,social-leads,357,1438,5,3,"This Actor scrapes public Instagram Reels from profile pages (the Reels tab). It runs in no‑login mode, which makes it fast to start and easy to use for analytics, research, and content monitoring workflows"
Google Maps Scraper emails,Caleb David,https://apify.com/microworlds/crawler-google-places?fpr=youssef,google-maps,346,17751,4.3,115,"Extract data from thousands of Google Maps locations and businesses, including reviews, reviewer details, images, contact info, including full name, email, and job title, opening hours, prices & more. Export data, run via API, schedule and monitor runs, or integrate with other tools"
Google Ads Scraper,Gustavo Silva (Coherent Paradox),https://apify.com/silva95gustavo/google-ads-scraper?fpr=youssef,other-lead-sources,339,4427,4.9,19,"Extract up to 400 ads per minute along with text, image and video ads from Google Ads, scraped from the ad library provided by the Google Ads Transparency Center. Gain access to ad details, ad copy, locations and more for a faster competitive edge"
TikTok Profile Scraper (Private & Public),Abe,https://apify.com/abe/tiktok-profile-scraper?fpr=youssef,social-leads,334,22960,4.6,22,"Scrapes basic profile info for a TikTok page for a given username(s), both private & public. Info returned includes counts for followers, following & likes; as well as name, tagline, bio, image URL and link"
Instagram Profile Scraper (Bio & Posts),CoderX,https://apify.com/coderx/instagram-profile-scraper-bio-posts?fpr=youssef,social-leads,328,6417,5,9,Instagram Profile Insights Scraper is a lightweight tool that collects detailed public data from a list of Instagram usernames. It fetches profile info and recent posts to help you analyze accounts at scale
Google Maps Reviews Scraper,Billy,https://apify.com/web_wanderer/google-reviews-scraper?fpr=youssef,google-maps,327,1969,4.7,8,"Scrape all Google Maps reviews using keywords, place URLs, or IDs. Filter by date, rating, or keyword, and capture reviewer details, translations, photos, aspect ratings, owner replies, and complete business info in structured format"
Profile Full Sections Scraper for LinkedIn + EMAIL | No Cookies,API Maestro,https://apify.com/apimaestro/linkedin-profile-full-sections-scraper?fpr=youssef,email-finders,321,3564,5,8,"Scrape complete LinkedIn profile data including work experience, education history, certifications, and location details. Get structured information from any public LinkedIn profile using their username"
Twitter (X) Follower Scraper | Email| No Rate Limit,Kaito T,https://apify.com/kaitoeasyapi/premium-x-follower-scraper-following-data?fpr=youssef,email-finders,310,5712,4.5,24,"/following! The most affordable X data scraper. Get instant access to follower & following lists. Trusted by marketing pros for accurate social data. Lightning - fast extraction, 99.9% success rate. Start collecting valuable twitter(X) data today!"
Upwork Scraper - Freelance Job Listings with Client Intel,Black Falcon Data,https://apify.com/blackfalcondata/upwork-scraper?fpr=youssef,jobs-hiring-signals,307,1013,5,8,"Scrape Upwork jobs with full client intelligence - country, total spent, payment-verified, rating, reviews, and exact applicant count. 14 filters and incremental mode that reliably emits only new or changed listings across runs"
LinkedIn Job Scraper,Crawlworks,https://apify.com/crawlworks/linkedin-jobs-scraper?fpr=youssef,linkedin,306,2988,4.8,13,"Scrape job listings from LinkedIn.com including title, company, location, and posting details. Fast, reliable LinkedIn jobs data scraper for hiring, research, and analytics"
SEEK Job Scraper - Australia & New Zealand Job Listings,Black Falcon Data,https://apify.com/blackfalcondata/seek-scraper?fpr=youssef,jobs-hiring-signals,302,1436,5,3,"Scrape SEEK's Australia & New Zealand job boards - seek.com.au and seek.co.nz. Structured salary ranges and company intelligence, optional applicant-demand signals for low-competition roles, and incremental new/changed detection"
Etsy Listings Scraper - Live Carts & Ads,Yakugusa Yumitori,https://apify.com/yumitori/etsy-listings-scraper?fpr=youssef,other-lead-sources,296,1105,,0,"Scrape Etsy listings by keyword with data no other scraper exposes - live cart counts, ""X people bought in 24h"" signals, Etsy Ads slot positions, bestseller and star-seller badges, seller velocity. Up to 1,080 per keyword, any country. No proxy or captcha needed"
Youtube Channel Email Scraper,Data Over Coffee,https://apify.com/dataovercoffee/Youtube-Channel-Business-Email-Scraper?fpr=youssef,email-finders,295,4072,4.4,30,"Extract real YouTube channel emails at scale with logged-in accounts & CAPTCHA solving - No BS, Real Emails"
Glassdoor Reviews & Jobs · No 200-Cap · AI Employer Intel,Muhamed Didovic,https://apify.com/memo23/glassdoor-scraper-ppr?fpr=youssef,jobs-hiring-signals,291,1653,4.6,11,"Glassdoor scraper that survives the anti-bot wall - no login, no 200-review cap: full reviews with sub-ratings, pros/cons, employer replies, plus jobs, salaries & interviews. New AI Employer Intelligence: complaint themes, attrition-risk signals & quick wins from real reviews"
All Jobs Scraper (39 Sites),AgentX,https://apify.com/agentx/all-jobs-scraper?fpr=youssef,jobs-hiring-signals,284,3040,4.4,12,"All Jobs Scraper is a job scraper API for 42 platforms that returns 41 unified job, salary, company, application, and public contact fields. One country-aware input can search multiple job boards in the same run"
Linkedin Posts Search Scraper (No Cookie),Data Doping,https://apify.com/datadoping/linkedin-posts-search-scraper?fpr=youssef,linkedin,281,1867,5,1,"For, scrape LinkedIn posts of a keyword and extract full content, engagement stats, and author details using their profile URL. Note: If you're on free tier you can only scrape 4 profile and 100 posts per profile per run (12 profiles in total)"
Wellfound Startup Job Scraper - Equity Ranges & Job Alerts,Black Falcon Data,https://apify.com/blackfalcondata/wellfound-scraper?fpr=youssef,jobs-hiring-signals,281,1667,5,2,"Scrape wellfound.com startup jobs with salary and equity ranges, location, remote status, experience level, and company name and size. Company-only lead-gen mode, incremental runs, and Slack/Telegram/Discord alerts on new postings"
Indeed Jobs Scraper API/Keyword or URL/No Login · Emails,Muhamed Didovic,https://apify.com/memo23/apify-indeed-cheerio-ppr?fpr=youssef,email-finders,276,990,4.5,8,"Indeed jobs + company-leads scraper - search by keyword or URL. Returns salaries, GPS, full descriptions, the resolved external/ATS apply URL, and employer firmographics (CEO, revenue, industry, website) plus optional contact-email enrichment. Clean flat output; hard maxJobs cap"
Google Ads Scraper,Lexis Solutions,https://apify.com/lexis-solutions/google-ads-scraper?fpr=youssef,other-lead-sources,274,2110,4.9,32,"[+Usage] Scrape any company's current & past Google ads - faster than any competitor with unique extra fields they don't have. Get ad copy, impressions, shown dates, media (images & videos), plus unique insights like full ad links, first shown date & audience targeting"
LinkedIn Company Scraper - Company Data for Lead Enrichment,Automation Lab,https://apify.com/automation-lab/linkedin-company-scraper?fpr=youssef,linkedin,271,971,5,1,"Scrape LinkedIn company pages for website, industry, size, employee count, headquarters, specialties, and profile metadata. Use the website field as the starting point for contact discovery and email verification workflows"
Google Maps Reviews Scraper - Most Comprehensive,Kai,https://apify.com/kaix/google-maps-reviews-scraper?fpr=youssef,google-maps,270,1512,4.9,12,"~ most comprehensive Google Maps review scraper. Extract reviews with ratings, text, translations, photos, author details, owner responses, structured dining/hotel/attraction data, and 65+ place fields. Supports keyword filtering, sorting"
Email Finder & Verifier - B2B Email Lookup API,ClearPath,https://apify.com/clearpath/email-finder-api?fpr=youssef,email-finders,268,2195,3.8,4,"Find verified business emails using first name, last name, and company domain. Tests common patterns and validates with SMTP checks. Upload CSV or Excel files for bulk processing. Returns quality-ranked results with alternative emails and confidence scores. Export to JSON or CSV"
Indeed jobs scraper,Curious Coder,https://apify.com/curious_coder/indeed-scraper?fpr=youssef,jobs-hiring-signals,266,4323,4.8,49,This is an actively maintained indeed scraper which can extract job postings and hiring company details at scale from any indeed search results page for a fixed monthly rental price. Well documented with examples and demos
Wellfound Jobs Scraper,Orgupdate,https://apify.com/orgupdate/wellfound-jobs-scraper?fpr=youssef,jobs-hiring-signals,263,2396,5,1,"The latest and most advanced Wellfound, Angel list Jobs Scraper. Our Wellfound, Angel list Jobs Scraper extracts real-time job postings at scale from all over the world. A new research tool built for recruitment, insights and HR"
"TikTok Profile Scraper - Followers, Bio & Score",Khadin Akbar,https://apify.com/khadinakbar/tiktok-profile-scraper?fpr=youssef,social-leads,263,1073,,0,"Turn public TikTok usernames or profile URLs into one creator row with followers, bio, hearts, and a derived Influencer Score from 0 to 80. Built for influencer vetting with no login. Pay per event plus Apify platform usage"
Facebook Marketplace [] Get newest items ASAP,Muhamed Didovic,https://apify.com/memo23/facebook-marketplace-scraper-ppe?fpr=youssef,social-leads,262,1078,4.8,16,"scraper with no cookies or login - anti-bot handled and maintained so your pipeline doesn't die mid-contract. Keyword or URL search, price/condition/radius filters; cars include make, model, odometer & VIN. - a per-result price you can quote to clients"
"LinkedIn People Search - Company, Title, Industry No Cookies",NeuralVerge,https://apify.com/neuralverge/neuralverge-linkedin-people-search?fpr=youssef,linkedin,261,745,,0,"Search LinkedIn people by company, job title, seniority, function, industry, company size, location and experience. Up to 1,000 profiles per run, one row per person. Full mode adds the real profile URL, headline, work history, education and skills. No cookies or account required"
Post Reactions Scraper for LinkedIn,API Maestro,https://apify.com/apimaestro/linkedin-post-reactions?fpr=youssef,linkedin,259,2183,5.0,5,Scrape all reactions data for a given post
Facebook Ads Library Scraper - Meta & Instagram Ads,Yuliia Kulakova,https://apify.com/brilliant_gum/facebook-ads-library-scraper?fpr=youssef,social-leads,259,1572,5,1,"Extract ads from the Meta Ads Library (Facebook & Instagram). Get ad copy, running days, EU spend data, carousel cards, and landing page URLs. The only scraper that tracks how long each ad has been running - your key signal for finding competitor winning ads"
Ozon.ru Product Scraper PRO | Парсер товаров Ozon,Zen Studio,https://apify.com/zen-studio/ozon-scraper-pro?fpr=youssef,other-lead-sources,258,1160,4.7,6,"Full product data for any Ozon URL or search query - pricing, specs, variants, reviews, sellers, price history. Search with filters (price, rating, delivery). Tile-only mode 5x cheaper. JSON/CSV/Excel. No login. | Товары Ozon: цены, характеристики, варианты, отзывы, продавцы, история цен"
Instagram Comments Scraper (No Login),Louis Deconinck,https://apify.com/louisdeconinck/instagram-comments-scraper?fpr=youssef,social-leads,256,3909,4.5,11,"Scrape all comments from any Instagram post in seconds. No login required. Get text, likes, timestamps, and usernames - even from large posts. Fast, affordable, and easy to use. Ideal for lead gen, research, and trend spotting. Just paste the URL and go"
Instagram Following Scraper,Louis Deconinck,https://apify.com/louisdeconinck/instagram-following-scraper?fpr=youssef,social-leads,255,5797,3.9,13,"Instantly scrape who any Instagram user follows - no login needed. Just drop a profile URL, get thousands of “Following” users in seconds. Perfect for growth hacking, competitor research, and lead gen. Fast, cheap, reliable. Built by a top 1% Apify dev"
Instagram Email Phone Scraper - No Cookies,DataFusionX,https://apify.com/devil_port369-owner/instagram-email-phone-scraper-pay-per-result?fpr=youssef,email-finders,254,3076,4.0,17,"Scrape Instagram email, phone number, bio, and business data from any public profile - no login or cookies needed. Includes optional real-time email verification for safe-to-send leads. Perfect for marketers, lead gen agencies, and analysts building - most reliable Instagram email & phone scraper"
Apollo People Leads Scraper,Coladeu,https://apify.com/coladeu/apollo-people-leads-scraper?fpr=youssef,b2b-databases,253,2677,,0,This API can scrape structured people data from Apollo.io. This scraper do NOT provide email addresses or telephone numbers. It does not require Apollo account cookies or authentication
Facebook Post Search Scraper,PowerAI,https://apify.com/powerai/facebook-post-search-scraper?fpr=youssef,social-leads,251,7806,5.0,5,"Extract Facebook posts by keyword with advanced filters, supporting auto-pagination and up to 5000 results per run. Ideal for social media research and content analysis"
"LinkedIn Engagers | Likers, Commenters, Reshares | No Cookies",Scraping Solutions,https://apify.com/scraping_solutions/linkedin-posts-engagers-likers-and-commenters-no-cookies?fpr=youssef,linkedin,251,1386,5,2,"Extract likers, commenters, and resharers from public LinkedIn posts. No login or cookies. Process multiple URLs and export JSON, CSV, or Excel with profiles, comments, source posts, and engagement types for lead generation, ABM, recruiting, and analysis"
"Instagram Comments, Replies and Subscribers Scraper (No Cookie)",Data Doping,https://apify.com/datadoping/instagram-comments-and-replies-scraper?fpr=youssef,social-leads,249,1296,2.9,7,This scraper will help you scrape comments without the need of cookie or your session id. It is able to scrape replies from all users (not just owner's reply). It is able to scrape subscribers if there badge is turned on. This is a paid scraper so scraping is limited for freemium users
Booking.com Hotel Scraper,NanoScrape,https://apify.com/santamaria-automations/booking-com-scraper?fpr=youssef,other-lead-sources,247,1039,,0,"Scrape hotel listings from Booking.com including prices, ratings, availability, and cancellation policies. Uses the unprotected GraphQL API - HTTP-only, low memory, fast"
Meta (Facebook) Ad Library Scraper - Fast & Reliable,Anas Nadeem,https://apify.com/whoareyouanas/meta-ad-scraper?fpr=youssef,social-leads,246,3543,5.0,14,"Scrape Meta ads in seconds - no fluff, just instant access to the ad data and insights you need. Get detailed ad information including title, description, images, videos, CTA, Social platform and metadata"
YouTube Channel Search Scraper,Maxime Dupré,https://apify.com/maximedupre/youtube-channel-search-scraper?fpr=youssef,social-leads,245,1313,5,2,"Find public YouTube channels from keywords or reusable search URLs. Export channel identity, public metrics, profile details, and discovery evidence for its first saved match"
WhatsApp Number Validator,Oussama Production,https://apify.com/devscrapper/whatsapp-number-validator?fpr=youssef,social-leads,244,3202,5.0,5,"Instantly verify if a phone number is active on WhatsApp. Fast, secure, and reliable validation service"
Leads Scraper | 300M base | Like Apollo,Hundevmode Labs,https://apify.com/x_guru/Leads-Scraper-apollo-zoominfo?fpr=youssef,b2b-databases,243,12398,2.0,31,"Extract up to 100K leads per run with Emails, LinkedIn URLs, Phone Numbers & More! Similar to Apollo, ZoomInfo, Lusha. 300M+ Verified Database!. Powered by Dievio.com"
Quora Scraper | No Cookies,Fatih Tahta,https://apify.com/fatihtahta/quora-scraper?fpr=youssef,other-lead-sources,242,20459,5.0,3,"Extracts detailed data from Questions, Answers, Posts, and Profiles for any search query, filter combination, or direct URL on Quora. Ideal for in-depth market research, analyzing authentic public conversations and expert opinions"
Seek Job Scraper,Jacob,https://apify.com/websift/seek-job-scraper?fpr=youssef,jobs-hiring-signals,242,2198,4.8,9,"Effortlessly extract detailed job listings from all Seek sites! This powerful tool scrapes information based on your custom parameters, providing it in a clean, organized, and easily usable format. Perfect for lead generation, market research, or your job search"
Contact Info Scraper: Pay Per Result,Zebu Data,https://apify.com/delicious_zebu/contact-info-scraper-pay-per-result?fpr=youssef,email-finders,236,944,4.1,25,"Extract emails, phone numbers, and social media links from any website. Supports 14 platforms including Facebook, Instagram, LinkedIn, Twitter/X, YouTube, TikTok, WhatsApp, and more. Powerful extraction, simple setup - just enter a URL and go"
Meta (Facebook) Ad Library Scraper - Efficient & Fast,Automly,https://apify.com/automly/facebook-ad-library-scraper?fpr=youssef,social-leads,230,1297,4.3,4,"Scrape the Meta Ad Library for Facebook and Instagram ads. Extract ad copy, images, videos, spend, impressions, and advertiser transparency data. No account or API key required"
Career Site Job Listing Feed,Fantastic.jobs,https://apify.com/fantastic-jobs/career-site-job-listing-feed?fpr=youssef,jobs-hiring-signals,228,1396,5.0,9,"The perfect Job Posting Feed for high-quality real jobs! Direct postings from over 175k company career sites across 54 ATS platforms like: Workday, Greenhouse, and Ashby. Enriched with AI and LinkedIn company data! Includes Lever, Rippling, SuccessFactors, iCIMS. Powered by Fantastic.jobs"
"Clutch.co Scraper - Agencies, Reviews, Emails + AI Insights",Muhamed Didovic,https://apify.com/memo23/apify-clutch-cheerio?fpr=youssef,email-finders,228,945,4.6,11,"Clutch.co scraper for B2B lead gen: agency profiles with 30+ fields, reviews, hourly rates, employee counts, contact emails and buyer leads with budgets. AI pain-point analysis clusters client complaints into ranked themes., 97% success, no caps. JSON/CSV"
"WhatsApp Number Lookup - Profile, Leaks, Telegram, Bulk",Eduardo Airaudo,https://apify.com/eduair94/whatsapp-data-lookup?fpr=youssef,social-leads,227,1730,4.9,13,"Verify any WhatsApp number worldwide. Returns profile picture (real pics for normal users, not just businesses), about/status, business flag, Telegram cross-check, Google/TrueCaller intel, leak/breach data, and bulk verification. Covers gaps left by generic WA lookup actors"
Web Traffic Boots,Hung Dinh,https://apify.com/hung.ad4gate/web-traffic-boots?fpr=youssef,other-lead-sources,226,1169,5.0,2,Generate realistic web traffic for Google Analytics (GA) with sophisticated bot detection avoidance and human-like behavior simulation capabilities. traffic generator auto traffic generate website free traffic web traffic bot unlimited website traffic software organic traffic generator tool
"Pinterest Scraper | Pins, Boards and Profiles",SilentFlow,https://apify.com/silentflow/pinterest-scraper-ppr?fpr=youssef,social-leads,220,1106,5.0,2,"Pay per result Pinterest scraper. Extract pins, boards, users and search results. Pay only for the data you get -. 30+ data fields including images, engagement metrics, SEO metadata and prices"
Glassdoor Jobs Scraper,Orgupdate,https://apify.com/orgupdate/glassdoor-jobs-scraper?fpr=youssef,jobs-hiring-signals,219,1566,,0,"The latest and most advanced Glassdoor Jobs Scraper. Our Glassdoor Jobs Scraper extracts real-time job postings at scale from all over the world. A new research tool built for recruitment, insights and HR"
Instagram User Scraper · Fast & Affordable,API Dojo,https://apify.com/apidojo/instagram-user-scraper?fpr=youssef,social-leads,218,2493,3.6,13,"Extract Instagram profiles, followers, following lists, and public emails by username, URL, or ID. Get bio, verification status, follower counts, contact info. 40 FREE profiles. Export to JSON/CSV, schedule via API, integrate with workflows"
Instagram Email & Phone Scraper,Seemu Scraping,https://apify.com/seemuapps/instagram-contact-scraper?fpr=youssef,email-finders,217,1347,2.3,3,"Find emails and phone numbers for Instagram profiles. Reads the IG contact button, scans the bio, and follows link-in-bio tools (Linktree, Beacons, Stan, Bento, 40+ more)"
Instagram Likes Scraper (No Cookie),Data Doping,https://apify.com/datadoping/instagram-likes-scraper?fpr=youssef,social-leads,213,2259,5,8,This scraper will help you scrape likes without the need of cookie or your session id. It is able to scrape around 1000 unique likers (max in the market). It also shows total likes of a post whose like count is hidden
Google Maps Scraper - Most Comprehensive,Kai,https://apify.com/kaix/google-maps-places-scraper?fpr=youssef,google-maps,212,1327,5,2,"~ most comprehensive Google Maps scraper available. Extract 76+ fields per place including photos, review breakdowns, owner info, contacts, coordinates, and 30+ service options. Just type a keyword and location"
Shopee Search & Category Scraper - Cheapest,Farhan Febrian Nauval,https://apify.com/xtracto/shopee-search?fpr=youssef,enrichment-verification,212,1121,5,3,"Search Shopee products by keyword, category URL, or any Shopee listing URL. Optionally enrich each result with full product detail (price variants, stock, images, attributes, seller info) across multiple countries. Fast, lightweight, and no browser or account required"
Instagram Stories & Highlights Scraper,Goutam Soni,https://apify.com/goat255/instagram-stories-highlights-scraper?fpr=youssef,social-leads,212,858,5.0,2,"Scrape current Instagram stories (24h tray) and all permanent highlight reels with inner items from any public profile. Get original-resolution media URLs, expirations, music, stickers, captions. No Instagram API key, no login"
20+ Million Business Leads With Emails (From Google Maps),Miso,https://apify.com/xmiso_scrapers/millions-us-businesses-leads-with-emails-from-google-maps?fpr=youssef,google-maps,211,3064,4.8,17,Don't have time to scrape google maps? Looking for affordable B2B data apollo.io alternative? Get recent leads from continuously updated database of businesses worldwide with emails and social links scraped for you. Current number of businesses with unique emails:23.000.000+ in 2000+ categories
Google Play Reviews Scraper API,The Wolves,https://apify.com/thewolves/google-play-reviews-scraper?fpr=youssef,other-lead-sources,210,1587,4.0,8,"Google Play Reviews Scraper stands as the most enhanced solution for extracting reviews directly from Google Play, offering unparalleled data retrieval efficiency, unbeatable pricing, and exceptional speed. It charges for 1000 reviews in lightning-speed"
Yelp Reviews Scraper,Billy,https://apify.com/web_wanderer/yelp-reviews-scraper?fpr=youssef,directories,210,811,5,1,"Easily extract Yelp business reviews at scale. This Yelp Reviews Scraper collects ratings, review text, reviewer details, timestamps, photos, and business info. Export data in JSON, CSV, Excel, or via API"
Profile Search Scraper for LinkedIn + EMAIL (No Cookies),API Maestro,https://apify.com/apimaestro/linkedin-profile-search-scraper?fpr=youssef,email-finders,209,2621,4.9,4,"Find and extract detailed LinkedIn profile data by name, location, and job title. Get professional information, contact details, current positions, and more. Perfect for recruitment, sales prospecting, and lead generation. Clean, structured data ready for your business needs"
Scweet Twitter/X Scraper,JEB,https://apify.com/altimis/scweet?fpr=youssef,social-leads,209,2137,4.9,10,"Scrape X (Twitter) tweets and follower lists. Search by keywords, hashtags, users, dates. Export JSON/CSV/XLSX.. Free plan included"
Meta Ads Library Scraper,SolidCode,https://apify.com/solidcode/meta-ads-library-scraper?fpr=youssef,social-leads,209,1100,5,2,"[ ] Extract ads from Meta's public Ad Library across Facebook, Instagram, Messenger, Audience Network, Threads, and WhatsApp. Search by keyword, advertiser page, or Ad Library URL. Returns ad copy, CTAs, advertiser details, dates, platforms, and audience estimates. No login required"
Profile Comments Scraper for LinkedIn [No Cookies],API Maestro,https://apify.com/apimaestro/linkedin-profile-comments?fpr=youssef,linkedin,206,1679,5,7,"Linkedin User comments scraper: Extract comments LinkedIn profiles and users including post content, reactions, stats, media attachments and more"
Instagram Highlights Scraper,Seemu Scraping,https://apify.com/seemuapps/instagram-highlights-scraper?fpr=youssef,social-leads,206,1389,5,1,Fetch Instagram highlights and their stories for any public profile
Instagram Followers/Following Scraper (No cookies/login),CoderX,https://apify.com/coderx/instagram-followers-following-scraper-no-cookies-login?fpr=youssef,social-leads,205,2295,5,8,"Scrape followers and following lists from any public Instagram account - no login required. Get structured profile data for every user, with pagination support to extract thousands of accounts in one run"
"Threads Full Scraper - Posts, Profiles & Replies | No Login",Raven,https://apify.com/pro100chok/threads-scraper-usage?fpr=youssef,social-leads,205,797,4.9,5,"All-in-one Meta Threads.net scraper: search posts by keyword, extract user profiles with followers, and collect reply threads. Full engagement data, contact extraction, media URLs. 20 parallel workers, auto-retry, proxy rotation. No login"
Fast TikTok Scraper API | Influencer Data & Analytics API,API Dojo,https://apify.com/apidojo/tiktok-scraper-api?fpr=youssef,social-leads,202,1234,5,8,"TikTok Scraper API - fast TikTok data extraction for videos, profiles, hashtags, music, locations and search. 200 posts/sec, 98% success rate. 10-20 posts FREE, then. No login, proxies or API keys needed; JSON/CSV output for analytics"
Instagram Related Users Scraper,The Netaji,https://apify.com/thenetaji/instagram-related-user-scraper?fpr=youssef,social-leads,201,1364,3.7,7,"Discover Instagram accounts similar to a seed profile, chain discovery up to 5 levels deep to map a whole niche, export the connection graph, and enrich every result with business email, phone, category and address for outreach-ready leads"
Facebook Posts Scraper,Scraper One,https://apify.com/scraper_one/facebook-posts-scraper?fpr=youssef,social-leads,199,1704,5,5,"Scrape Facebook posts from Facebook profiles, pages, groups etc. Retrieve post URLs, content, publication dates, author details, and engagement metrics. Ideal for Facebook monitoring solutions"
Email OSINT Checker - Account Finder & Reverse Lookup,daehwan kim,https://apify.com/ntriqpro/email-osint-search?fpr=youssef,email-finders,198,1802,5.0,1,"Enter an email address and find out where it already has an account - 120+ platforms including LinkedIn, Twitter/X, Spotify, Pinterest, Adobe and Imgur. Nothing is sent to the address: no password-reset mail, no notification. Open-source holehe engine. Batch up to 500 addresses per run"
"Shopify Store Leads Scraper - Emails, Phones & Ratings",ClearPath,https://apify.com/clearpath/shopify-store-leads?fpr=youssef,email-finders,198,1630,4.4,4,"Scrape Shopify store leads by keyword or category. Extract emails, phone numbers, addresses, ratings, and social links. Find storeleads for B2B outreach, supplier discovery, and market research"
"Decision makers Email finder, Super cheap",Sniper Coder,https://apify.com/snipercoder/decision-maker-email-finder?fpr=youssef,email-finders,197,2220,3.9,12,"Input: Domain|Output: Name, Email, Title, Company, etc of Decision makers.| Perfect for Lead Generation, Email campaigns, Data Enrichment. Forget AnymailFinder, apollo.io, hunter.io, they are all to break the Bank"
Instagram Related Profiles Scraper - Similar Accounts,Andrey Afanasenko,https://apify.com/afanasenko/instagram-related-profiles-scraper?fpr=youssef,social-leads,197,951,4,2,"Scrape Instagram accounts and profiles similar to any handle - competitor accounts, suggested accounts and niche discovery from Instagram's own Suggested for You. Expand 1-5 seeds into a whole niche, with emails, bio links, engagement rate and Reels views per profile. No login needed"
Facebook Pages Posts PPR,Jan Danecki,https://apify.com/danek/facebook-pages-posts-ppr?fpr=youssef,social-leads,192,1904,2.3,8,"Scrap Facebook pages posts fast and easy. It is designed to be fast and efficient, so it can extract a large number of results for low price. It is also less likely to be blocked by Facebook"
ImmoScout24 ImmobilienScout24.de|.ch|.at + Price-Cut Archive,Muhamed Didovic,https://apify.com/memo23/immobilienscout24-scraper?fpr=youssef,other-lead-sources,182,709,5,10,"[] ImmobilienScout24.de/.at/.ch: search, expose detail and Makler profiles, 100+ fields. Every recorded price cut and days on market per listing, plus optional AI market analysis that scores each postcode for ROI, cashflow, payback and regulatory risk"
Instagram Followers & Followings Scraper,The Netaji,https://apify.com/thenetaji/instagram-followers-followings-scraper?fpr=youssef,social-leads,181,1229,4.2,15,Scrape both followers and followings of Instagram users in a single run
"B2B Leads Finder [NO COOKIES] - like apollo, linkedIn",Olympus,https://apify.com/olympus/b2b-leads-finder?fpr=youssef,linkedin,180,4287,4.6,82,Extract premium leads from your favorite b2b platform Work & Personal Emails Phone
Парсер объявлений Авито / Avito Scraper: телефоны и цены,Zen Studio,https://apify.com/zen-studio/avito-listings-scraper?fpr=youssef,other-lead-sources,179,1068,5,3,"Парсер объявлений Авито: телефоны продавцов в открытом виде, цены, характеристики, отзывы и координаты. 76 категорий: авто, недвижимость, вакансии, услуги, посуточная аренда и отели"
Linkedin Sales Navigator Scraper,Curious Coder,https://apify.com/curious_coder/linkedin-sales-navigator-search-scraper?fpr=youssef,linkedin,177,8763,4.4,38,"Scrape Linkedin sales navigator search results, lists, new results, profiles to extract social media urls, company website, positions"
LinkedIn Profile Scraper NO COOKIES,Atomus APIs,https://apify.com/atomus/linkedin-profile-scraper?fpr=youssef,linkedin,175,739,5,3,"Scrape LinkedIn profiles into structured records: name, title, headline, summary, company, location, skills, education, and work history. Submit up to 5,000 URLs per run, each returns one record. Pay only for profiles found; not-found and errors are free. No account or cookies needed"
Meta | Facebook Ads Library Scraper,Azzouzana,https://apify.com/azzouzana/meta-facebook-instagram-ads-library?fpr=youssef,social-leads,173,537,5.0,8,"#1 Ultimate Meta | Instagram & Facebook Ad Library Scraper Fast. Get ad creatives, status & more from FB Pages, Instagram profiles or an Ad Library search URLs. Get deep audience demographics (age/gender), reach metrics & much more! High-velocity, enterprise-grade scraping"
Tiktok User Profile API,Novi,https://apify.com/novi/tiktok-user-info-api?fpr=youssef,social-leads,169,3910,4.1,9,"Get infomation a TikTok profile/user with fast API. Gain access to TikTok user information with remarkable speed and efficiency through our high-performance API. Real-time, authentic data. No pre-built databases"
LinkedIn Company Employees Scraper,Hamza,https://apify.com/apt_marble/linkedin-company-employees-scraper?fpr=youssef,linkedin,169,1249,5,3,"Map the workforce of any LinkedIn company. Get a clean roster of names, titles, regions, and profile URLs - either through public Google discovery (no login) or via your LinkedIn session cookie for the complete current employee list"
Instagram Profile Scraper · Account Age & Verified Emails,Data Slayer,https://apify.com/data-slayer/instagram-user-info-scraper-cookieless?fpr=youssef,email-finders,167,855,,0,"Scrape public Instagram profiles in bulk. Get the published account-creation month, registration country, username-change count, followers, bio, links, public email and phone, with optional email verification. No login or cookies"
"Idealista AI Market Intel · Bypass 1,500 · EMAILS",Muhamed Didovic,https://apify.com/memo23/idealista-scraper?fpr=youssef,email-finders,165,856,5.0,12,"Production Idealista scraper for Spain, Italy & Portugal - anti-bot handled, maintained daily, bypasses the hidden 1,500-result cap (+31% rows). 80+ fields, agent phones & emails, GPS. NEW AI Market Analysis: per-city short-let ADR, occupancy, rent & yield with cited sources. Fl"
Zillow Scraper (),Iñigo Garcia Olaizola,https://apify.com/igolaizola/zillow-scraper-ppe?fpr=youssef,other-lead-sources,161,777,5,9,"Zillow data extractor / API alternative. Scrape US listings at scale (buy, rent, sold) with rich fields and images. Use granular filters, sort, proxies. Export JSON/CSV to drive real-estate analytics, comps, market trends, and investor/agent leads"
Shopee Scraper - All In One,Farhan Febrian Nauval,https://apify.com/xtracto/shopee-scraper?fpr=youssef,other-lead-sources,160,2639,4.1,10,"All-in-one Shopee scraper to extract product, search, category, and shop data across multiple countries. fast, lightweight, and no browser or account required"
LinkedIn Company Employees Scraper & Email Finder - No Login,Muhamed Didovic,https://apify.com/memo23/linkedin-company-employees-scraper?fpr=youssef,email-finders,160,448,5,1,"Find a company's employees on LinkedIn without login. Pass company names or URLs, filter by title and seniority, and get name, current title, employer, location and profile URL, plus an optional email finder. Each row is verified against your company and graded high, medium or low, with the reason"
Username Checker - OSINT Search Across 3000+ Sites (Maigret),daehwan kim,https://apify.com/ntriqpro/maigret-actor?fpr=youssef,enrichment-verification,159,1166,5,3,"Enter a username and see where that handle is registered across 3000+ social, forum, gaming, dating and developer platforms - with a direct profile URL for each hit. Powered by the open-source Maigret engine (MIT); rated 5.0 by users; JSON, CSV and Excel export plus REST API and scheduling"
Telegram Get Phone Info,akula.marketing,https://apify.com/akula.marketing/Telegram-Get-Phone-Info?fpr=youssef,social-leads,157,3326,4.9,4,"Look up Telegram accounts by phone number. Get username, profile photo, premium status, and account details for lead verification and OSINT"
Linkedin Sales Navigator Scraper,FreshData,https://apify.com/freshdata/linkedin-sales-navigator-scraper?fpr=youssef,linkedin,157,1498,3.0,4,A powerful tool designed to extract detailed leads information from a sales navigator URL - without the need for cookies or login
Google Ads Scraper,Automation Lab,https://apify.com/automation-lab/google-ads-scraper?fpr=youssef,other-lead-sources,157,770,5,2,"Scrape Google Ads from the Ads Transparency Center for competitor monitoring. Search by advertiser name, domain, or ID. Get ad copy, headlines, media, formats, and shown dates. Export to JSON, CSV, Excel"
Instagram Profile Scraper,Instagram Scraper,https://apify.com/instagram-scraper/instagram-profile-scraper?fpr=youssef,social-leads,154,823,,0,"Scrape Instagram profile data and profile statistics from public Instagram pages with an Apify Actor. This actor focuses on profiles (not posts) and returns a clean dataset with the essentials (identity, stats, and account flags), plus optional previews like latest_posts, etc"
Google Jobs Scraper,Orgupdate,https://apify.com/orgupdate/google-jobs-scraper?fpr=youssef,jobs-hiring-signals,153,2840,4.6,2,"The latest and most advanced Google Job Scraper. Our Indeed, LinkedIn, and Google Jobs Scraper rolled into one. This scraper extracts real-time job postings at scale from any active Google Jobs search results from all over the world a research tool built for recruitment, insights, HR and Claude AI"
YouTube Channel Email Scraper,LurkAPI,https://apify.com/lurkapi/youtube-channel-email-scraper?fpr=youssef,email-finders,152,881,5,3,"Extract business emails, contact info, and social media links from YouTube channel About pages. Supports @handles, channel URLs, and channel IDs"
Telegram Scraper,Tri⟁angle,https://apify.com/tri_angle/telegram-scraper?fpr=youssef,social-leads,150,4643,2.8,17,Scrape profiles and messages in a couple of seconds
Zillow Agents Leads [Download over 1M of Agents],Muhamed Didovic,https://apify.com/memo23/zillow-agents-leads-scraper-ppe?fpr=youssef,email-finders,150,798,5,10,"The only Zillow agents scraper with its own 1,100,000+ agent database - instant, uncapped (beats the 250-per-search limit), 98% with a direct cell + email, plus brokerage, reviews & full sales history. Search any city, ZIP or state, or live-scrape a URL. Export CSV/JSON/Excel or pull via API"
Google Maps Email Extractor,Alexandre Manguis,https://apify.com/leadsbrary/google-maps-email-extractor?fpr=youssef,google-maps,149,1429,4.0,5,"Search Google Maps by keyword and instantly collect email addresses for each business. Get name, address, phone, website, rating, reviews, GPS coordinates and emails - ready to export as CSV, JSON or Excel"
LinkedIn Company Employees Scraper & New Hire Monitor,Thirdwatch,https://apify.com/thirdwatch/linkedin-company-employees-scraper?fpr=youssef,linkedin,148,1019,5,1,"Find public LinkedIn employee profiles by company, title, and location. Choose low-cost basic discovery or full public-profile enrichment, and monitor confirmed new employees without cookies or a LinkedIn login"
eBay Scraper,Automation Lab,https://apify.com/automation-lab/ebay-scraper?fpr=youssef,other-lead-sources,148,949,5,1,"Scrape eBay listings for price monitoring: prices, shipping, condition, seller ratings, bids, sold counts, discounts, and images. Filter by condition, listing type, and price range"
"Facebook Group & Page Scraper - Posts, Comments & Reactions",Anas Nadeem,https://apify.com/whoareyouanas/facebook-group-scraper?fpr=youssef,social-leads,147,1101,5.0,4,"Scrape posts from public & private Facebook groups and page. Extract post text, author info, reactions, comments, shares, images, videos, and group metadata. Cookie auth for private groups. Clean JSON/CSV output. No API key needed"
Mobile.de Scraper (PPR),3x1t,https://apify.com/3x1t/mobile-de-scraper-ppr?fpr=youssef,other-lead-sources,147,803,4,1,"Effortlessly scrape car data from Germany's largest vehicle marketplace, Mobile.de. Get access to millions of entries of cars, motorbikes, etc. across Europe. Fast, cheap & reliable. PPR version for smaller use cases"
"Instagram Profile Scraper - email, phone, socials",Goldmine,https://apify.com/logical_scrapers/instagram-profile-scraper?fpr=youssef,email-finders,146,2308,5,3,"Scrape detailed Instagram user profile information including contact details, social links, and business information"
Fast TikTok Profile Scraper API,API Dojo,https://apify.com/apidojo/tiktok-profile-scraper-api?fpr=youssef,social-leads,146,837,5.0,7,"TikTok Profile Scraper API - extract complete creator profiles, follower stats, and post history at 200 posts/sec. (20 posts FREE) +. No login or proxies, ideal for influencer research, competitor tracking, talent scouting, and building TikTok creator databases at scale"
Advanced Linkedin Job Scraper,Curious Coder,https://apify.com/curious_coder/linkedin-jobs-search-scraper?fpr=youssef,linkedin,144,4437,5.0,11,Scrape linkedin job postings and get company and recruiter details. Supports boolean search and other advanced search filters. Success rate is > 98%
"Similarweb Scraper - Traffic, AI Traffic & WHOIS",VortexData,https://apify.com/vortex_data/similarweb-scraper?fpr=youssef,enrichment-verification,144,503,5,2,"Spy on any website in seconds: traffic, rankings, top keywords, AI traffic share (ChatGPT/Claude/Gemini), competitors, similar sites & WHOIS - all from Similarweb. No login or API key. Bulk parallel scrape, captcha-resilient. Export to JSON/CSV/Excel. SEO, lead gen, research"
"Taobao Tmall 淘宝 Product Scraper - Prices, SKUs, Reviews",Zen Studio,https://apify.com/zen-studio/taobao-search-scraper?fpr=youssef,other-lead-sources,143,658,4.7,3,"Extract Taobao (淘宝) and Tmall (天猫) prices, SKUs, reviews, shop data, images, and attributes by keyword. Supports Chinese searches like 女装, 口红, 手机壳; exports JSON, CSV, and Excel"
LinkedIn Posts Scraper NO COOKIES,Atomus APIs,https://apify.com/atomus/linkedin-posts-scraper-pro?fpr=youssef,linkedin,143,638,5,3,"Scrape every post from any LinkedIn profile or company page: post text, media, reactions, comments, shares, reposts, author details, and mentions. No LinkedIn account or cookies needed. Auto-pagination handles full feeds, with batch scraping across many profiles in one run"
"Email OSINT & Verifier - Finder, Account Lookup, 18+ Sites",SR,https://apify.com/s-r/apifyosintemail?fpr=youssef,email-finders,142,2885,4.3,3,"Investigate email addresses with OSINT intelligence. Validates format, detects accounts across 133 platforms (Instagram, X, Spotify, Amazon, Etsy, Adobe, Medium, WordPress and more), checks data breach history, and provides A-F risk scoring. Batch lookups with concurrency control"
Facebook Page Search Scraper,PowerAI,https://apify.com/powerai/facebook-page-search-scraper?fpr=youssef,social-leads,142,1230,4.9,2,"Extract Facebook pages by keyword with location filtering, supporting auto-pagination and up to 5000 results per run. Ideal for brand research and competitor analysis"
Free Google Search Results Scraper - SERP API by Country,SR,https://apify.com/s-r/free-google-search-results-serp---only-0-25-per-1-000-results?fpr=youssef,other-lead-sources,140,961,4.5,4,"Ultra-fast Google Search scraper. Extract comprehensive SERP data including rank, title, snippet, URL, domain and favicon. Free Apify plans get 10 results per run to try it on, paid plans run uncapped"
Facebook Pages & Profile Scraper,Premium Scraper,https://apify.com/premiumscraper/facebook-pages-profile-scraper?fpr=youssef,social-leads,140,567,5,1,"Scrape any Facebook Page or Profile - extract name, bio, followers, page likes, category, website, address, business hours, profile picture, cover photo, education, work history & all meta tags. No account needed. Pay per result. Facebook Pages & Profile Scraper"
Linkedin Phone Scraper | Instant Phones (No Cookies),Hundevmode Labs,https://apify.com/x_guru/linkedin-phone-Scraper-no-cookies?fpr=youssef,linkedin,139,1141,4,1,Find phones by LinkedIn URLs instantly! Search 300M+ database for work & personal phones. No cookies | Powered by Dievio.com
PhoneInfoga - Phone Number OSINT Scanner,DataCach,https://apify.com/datacach/phoneinfoga-phone-number-osint-scanner?fpr=youssef,email-finders,137,2614,,0,"Reverse phone lookup powered by PhoneInfoga. Detects carrier, country, line type and OSINT footprints for any international number. Integrates Numverify, Google Search and OVH. Free to start"
Facebook Ads Scraper Pro,FlowExtract API,https://apify.com/dz_omar/facebook-ads-scraper-pro?fpr=youssef,social-leads,135,1503,4.9,20,"Ad Library data: creatives, targeting & metrics. Successful Ad scrapeds * cheaper & more complete"
"Yandex Maps Scraper | Парсер Яндекс Карт: Leads, Reviews & API",Zen Studio,https://apify.com/zen-studio/yandex-maps-scraper?fpr=youssef,google-maps,133,981,3.6,6,"Unofficial Yandex Maps API. Scrape business data, phone numbers, emails, reviews, photos, and posts from Russia, Turkey, and CIS. Export 80 fields to Excel, JSON, or CSV. No browser needed - fast, unlimited, and pay-per-result. Includes AI review summaries and full menu prices"
G2 Scraper - Reviews by Product Name · AI Insights + Emails,Muhamed Didovic,https://apify.com/memo23/g2-scraper?fpr=youssef,email-finders,133,538,4.3,7,"Scrape G2.com software reviews - search by product name (Slack, HubSpot) or by category, no G2 URL needed. Get ratings, pros and cons, verified-reviewer details, star and date filters, deterministic review insights, opt-in AI pain-point analysis and contact-email enrichment"
LinkedIn All-in-One Scraper No cookies,ScrapeForge,https://apify.com/scrapeforge/linkedin-all-in-one?fpr=youssef,linkedin,133,369,4.8,4,"Search LinkedIn posts by keywords, scrape profile posts, company posts, and get post details - all in one actor. Powered by real-time data, no cookies required"
Job Details Scraper for LinkedIn (No Cookies),API Maestro,https://apify.com/apimaestro/linkedin-job-detail?fpr=youssef,linkedin,132,1732,5.0,4,"Extract comprehensive LinkedIn job details including full description, company information, salary insights, and application statistics. Get detailed data from any LinkedIn job ID"
Facebook Post Scraper,Pratik Dani,https://apify.com/pratikdani/facebook-post-scraper?fpr=youssef,social-leads,132,894,4.9,3,"The Facebook Post Scraper Actor is a powerful tool designed to extract detailed information from Facebook posts using valid Facebook Post URLs. It provides comprehensive data about posts, including user information, engagement metrics, media attachments, and more"
Substack Scraper,Automation Lab,https://apify.com/automation-lab/substack-scraper?fpr=youssef,other-lead-sources,132,501,,0,"Scrape Substack newsletters - posts, comments, publication metadata. Full archive depth with no caps. Export to JSON, CSV, Excel, or connect via API"
Glassdoor jobs scraper,Bebity,https://apify.com/bebity/glassdoor-jobs-scraper?fpr=youssef,jobs-hiring-signals,131,2327,4.4,6,"ℹ Elevate your job search with the sleek Glassdoor Scraper for Apify. Tailor-made for the modern job seeker, it's your secret weapon in the job market. Dive into a world of opportunities with custom searches, precise filtering. Fast, efficient, and incredibly user-friendly"
Upwork Job Extractor,Flash Mage,https://apify.com/flash_mage/upwork?fpr=youssef,jobs-hiring-signals,131,1388,4.9,11,"upwork job extractor | 0.001 | fast, cheap, cost-effective, reliable, up-to-date, and highly stable data scraping service, optimized for long-term use with the fastest crawling speeds, low container usage, and pricing to boost your upwork job scraper performance!"
TripAdvisor Reviews Scraper API,The Wolves,https://apify.com/thewolves/tripadvisor-reviews-scraper?fpr=youssef,directories,131,1301,5.0,9,"The Wolves proudly presents TripAdvisor Review Scraper, the perfect solution for TripAdvisor review extraction. Incredibly, it retrieves 100-200 reviews per second at an amazing cost-effective rate of. Get any data from TripAdvisor by targeting. Cheapest!!"
Product Hunt Launches Scraper,Maxime Dupré,https://apify.com/maximedupre/product-hunt-scraper?fpr=youssef,other-lead-sources,127,786,4.6,4,"Collect Product Hunt launches from daily and past leaderboards, category or topic pages, and supported URLs. Export ranks, engagement, teams, media, and optional extra data"
Linkedin Sales Navigator Scraper,Linkedin Scrapers,https://apify.com/bestscrapers/linkedin-sales-navigator-scraper?fpr=youssef,linkedin,126,3031,3.5,31,A powerful tool designed to extract detailed lead information from a Sales Navigator URL - without the need for cookies or login
Fast Website Content Crawler,David,https://apify.com/6sigmag/fast-website-content-crawler?fpr=youssef,other-lead-sources,125,4569,4.9,7,"A high-performance web scraper that rapidly extracts and analyzes content from multiple websites simultaneously. Perfect for competitive research, content aggregation, and website structure analysis"
LinkedIn Company Profile Scraper,Pratik Dani,https://apify.com/pratikdani/linkedin-company-profile-scraper?fpr=youssef,linkedin,125,1928,1,1,"This LinkedIn company extractor program enables you to gather comprehensive information on multiple companies in bulk. It provides details such as company name, address, phone numbers, website, employee count, and more"
Easy Bulk Email Validator - Verify Emails,Miso,https://apify.com/xmiso_scrapers/easy-bulk-email-validator---verify-emails-from-1-7-1000-rows?fpr=youssef,email-finders,125,1467,3.0,14,"Super easy real time email validator using MillionVerifier api. Check if your emails scraped from apollo.io or google maps are worth your email campaign efforts. No need to overpay posh services like NeverBounce, Zerobounce or Clearout"
Linkedin Email Scraper | Instant Emails (No Cookies),Hundevmode Labs,https://apify.com/x_guru/linkedin-email-Scraper-no-cookies?fpr=youssef,email-finders,123,1392,4.1,4,Find emails by LinkedIn URLs instantly! Search 300M+ database for work & personal emails. No cookies | Powered by Dievio.com
LinkedIn Posts Scraper - Keyword & Hashtag [NO COOKIES],Unseen User,https://apify.com/unseenuser/LinkedIn-Post-Seach-Scraper?fpr=youssef,linkedin,123,512,5,5,"Search LinkedIn's public post graph by keyword, hashtag, or author. Extract content, engagement metrics, reaction breakdowns, author profile data, and timestamps. No login, no cookies. Built for social listening, B2B competitive intelligence, and thought-leader research"
"Website Contact Finder - Emails, Phones & Socials for Leads",Automation Lab,https://apify.com/automation-lab/website-contact-finder?fpr=youssef,email-finders,121,1197,,0,"Turn company websites from Google Maps, directories, CRMs, or spreadsheets into outreach-ready contact signals. Extract public emails, phone numbers, social profiles, contact pages, and optional email verification in bulk"
Instagram Scraper Followers Following,Scraping Solutions,https://apify.com/scraping_solutions/instagram-scraper-followers-following?fpr=youssef,social-leads,119,652,5,1,"Download an Instagram account’s followers or following. Input a username or a list of usernames (array). The actor auto-paginates, adds safe delays to reduce blocks, and returns clean JSON/CSV with id, username, full name, profile link, and privacy flags - ideal for research and growth"
Reddit Posts Search Scraper,VulnV,https://apify.com/vulnv/reddit-posts-search-scraper?fpr=youssef,social-leads,116,975,5,2,"Search and scrape Reddit posts by keyword. Extract detailed post data, comments, scores, timestamps, and metadata for research and analysis"
Google Jobs Scraper API - Pay Per Result,John,https://apify.com/johnvc/google-jobs-scraper---pay-per-result?fpr=youssef,jobs-hiring-signals,116,450,5,2,"The most advanced Google Jobs Scraper available! Built with enterprise-grade flexibility, lightning-fast performance, and comprehensive customization options. Extract detailed job data, application links, company information, and full job descriptions. Unlimited usage, no monthly rental fees"
Goofish Scraper 闲鱼 Xianyu (Idlefish) - Listings + Sellers,Zen Studio,https://apify.com/zen-studio/goofish-xianyu-search-scraper?fpr=youssef,other-lead-sources,115,563,1,1,"Extract Goofish 闲鱼 (Xianyu/Idlefish) listings by keyword. 150+ output fields per result: price, Zhima credit, specs, images, shipping, category labels, service guarantees, C2C posting metadata, and seller profile details. Up to 1,500 results per keyword. Chinese or English search terms. JSON output"
Decision makers from company domains - verified email or phone,Pequod,https://apify.com/pequod-labs/company-decision-maker-finder?fpr=youssef,email-finders,115,294,5.0,3,"Turn company domains into named decision makers - CEO, founder, VP - with SMTP-verified named-DM or generic-inbox email, phones and LinkedIn. B2B database + AI research. +; plan discounts to 20%, 50% off beyond 250 contacts/run. No API keys"
Instagram Scraper,Automation Lab,https://apify.com/automation-lab/instagram-scraper?fpr=youssef,social-leads,114,1146,4.8,3,"Scrape public Instagram profiles, posts, comments, reels, and hashtags. Public routes are tried first; supply an Instagram session cookie for login-gated workflows. Export as JSON, CSV, or Excel"
"Deep Email, Phone, & Social Media Scraper Search",peterasorensen,https://apify.com/peterasorensen/snacci?fpr=youssef,email-finders,113,5109,4.9,33,"A powerful tool that searches emails, phone numbers, and social media profiles from any website. It intelligently navigates, prioritizing pages likely to have contact info - even deep in the site. Perfect for lead generation, market research, competitive analysis, and building contact databases"
"Twitter/X Scraper: Tweets, Profiles & Search",Automation Lab,https://apify.com/automation-lab/twitter-scraper?fpr=youssef,social-leads,113,1346,5,3,"Twitter scraper and X scraper for profiles, tweets, timelines, search, followers, and following. Profiles/timelines work without login; search supports advanced syntax"
2gis Places Scraper,Mikhail Mamaev,https://apify.com/m_mamaev/2gis-places-scraper?fpr=youssef,google-maps,113,1298,4.8,13,"Извлекайте данные из тысяч мест и предприятий на 2ГИС, включая номера телефонов, соцсети, сайты. отзывы, фотографии и многое другое. Экспортируйте данные, запускайте через API, планируйте и отслеживайте запуски или интегрируйте с другими инструментами"
X.com Twitter API Scraper,xtdata,https://apify.com/xtdata/twitter-x-scraper?fpr=youssef,social-leads,112,3058,3.5,7,"Scrape Twitter (X) data efficiently with this powerful Apify Actor. Real-time, authentic data. No pre-built databases. Extract tweets, user profiles, and more using keywords, hashtags, URLs, and advanced search filters. Fast, reliable, and cost-effective. #TwitterScraper"
Etsy Scraper,Automation Lab,https://apify.com/automation-lab/etsy-scraper?fpr=youssef,other-lead-sources,111,963,5,2,"Scrape Etsy listings for handmade and vintage marketplace price monitoring. Extract names, prices, shops, ratings, images, and availability from search results"
Website Email Scraper - All Contacts,The Netaji,https://apify.com/thenetaji/website-email-scraper?fpr=youssef,email-finders,110,1748,4.4,4,"The Actor crawls a website and returns one evidence-rich record per URL supplied: emails, phone numbers, social profiles, and addresses, each with a confidence score, source page, and detection method. Emails are format-checked and flagged when their domain matches the site's own"
Store Leads (14M E-Commerce Leads),Monster Leads,https://apify.com/ecommerce_leads/store-leads-14m-e-commerce-leads?fpr=youssef,email-finders,110,1015,5,2,"Store leads for Shopify,Woocommerce,Magento,Squarespace,Ecwid,BigCommerce,Opencart,Webflow,PrestaShop and Demandware with phones,emails,apps,location,social networks,categories and technologies"
Linkedin Profile Posts Scraper (No Cookie),Data Doping,https://apify.com/datadoping/linkedin-profile-posts-scraper?fpr=youssef,linkedin,110,769,5.0,2,"For, scrape LinkedIn posts of a profile and extract full content, engagement stats, and author details using their profile URL. Note: If you're on free tier you can only scrape 4 profile and 100 posts per profile per run (12 profiles in total)"
Hiring.Cafe [] Search by URLs or Filters/Keywords,Muhamed Didovic,https://apify.com/memo23/apify-hiring-cafe-scraper?fpr=youssef,jobs-hiring-signals,110,615,5,14,"including job titles, descriptions, requirements, company information, compensation details, and location data. Users get fields like job ID, application URL, education requirements, employment type, company size, and geolocation coordinates for market analysis"
"Hiring.Cafe Scraper - 2.8M AI Jobs, 46 ATS",Black Falcon Data,https://apify.com/blackfalcondata/hiringcafe-scraper?fpr=youssef,jobs-hiring-signals,110,304,5,1,"Scrape Hiring.Cafe (hiring.cafe) - AI-enriched job aggregator with 2.8M+ listings from 46 ATS platforms. Extract structured salary and company data, filter listings by centre-radius location, and track changes incrementally across recurring runs"
Google Maps No-Website Leads Scraper - Prospects by Radius,Black Falcon Data,https://apify.com/blackfalcondata/google-maps-no-website-leads-scraper?fpr=youssef,google-maps,109,877,5,2,"Find local businesses with NO website on Google Maps (google.com/maps) - name · category · address · phone · rating · reviews & a 0-100 lead score. Every lead ships a phone; those with only a Facebook or Instagram page ship that link too. Pay per result, no code"
Facebook Ads Library Scraper: Meta Ad Spy Tool,Walid,https://apify.com/dltik/facebook-ads-scraper?fpr=youssef,social-leads,109,417,5,1,"Scrape Facebook & Instagram ads from Meta Ad Library by keyword, page or URL. Get ad copy, creatives, carousel cards, CTA links, EU spend, impressions, age/gender audience reach and running-days per ad. Filter by country, language, status. For ad spy, dropshipping, agencies"
"Crunchbase - 139K Company DB, Funding, Investors & News ()",Muhamed Didovic,https://apify.com/memo23/crunchbase-scraper?fpr=youssef,b2b-databases,109,229,5,2,"Crunchbase four ways: live company scrape (Cloudflare handled), the Instant Database of 139K+ profiles served in seconds, 19,000+ VC firms with contacts at no surcharge, and Crunchbase News articles that name the companies they cover. Funding Monitor returns only NEW rounds per run"
TikTok Follower Count & YouTube Subscriber Scraper Tracker,Kevin Savani,https://apify.com/k1ra/social-media-followers-scraper?fpr=youssef,social-leads,108,255,4.7,6,"Social media profile scraper - follower counts, subscriber counts & post counts in bulk from Instagram, TikTok, YouTube, Twitter/X, LinkedIn, Facebook, Threads & Reddit. Use as a follower growth tracker, YouTube subscriber counter, Instagram API alternative. No login, no cookies. Monitor competitors"
Website Email & Phone Finder,Caprolok,https://apify.com/caprolok/website-email-phone-finder?fpr=youssef,email-finders,107,2345,4.2,3,"Accelerate your outreach by using our Contact Details Scraper to quickly gather emails from any domain, enhancing your marketing strategies and expanding your sales network"
X (Twitter) Followers Scraper,API ninja,https://apify.com/api-ninja/x-twitter-followers-scraper?fpr=youssef,social-leads,107,914,4.0,18,"Scrape X(Twitter) followers, following, affiliates, list members, list followers, and community members. Get structured Twitter user data (handles, bios, follower counts, verification, and more)"
Linkedin Company Details Scraper (No Cookie),Data Doping,https://apify.com/datadoping/linkedin-company-scraper?fpr=youssef,linkedin,107,500,5,1,"For, scrape LinkedIn company profiles and get complete business information, including funding details, employee count, and verification status, using their identifier, URL, or URN"
Email Verifier | Enterprise Grade,Fatih Tahta,https://apify.com/fatihtahta/email-verifier-validator-pro?fpr=youssef,email-finders,106,1073,4.1,3,"Advanced email verification with live handshakes and catch-all detection by using validatedmails.com API. Validates SMTP, DNS/MX, and deliverability; returns rich detailed reasoning. Use to clean lists, cut bounces, protect sender reputation"
Find Mobile Phones of Decision Makers,Parvenu,https://apify.com/parvenu/mobile-phone-enrichment?fpr=youssef,b2b-databases,106,757,5.0,3,Find mobile phones for decision makers for
Twitter Profile Ppr,Jan Danecki,https://apify.com/danek/twitter-profile-ppr?fpr=youssef,social-leads,106,649,5.0,2,"Scrap Twitter profiles fast and easy. It is designed to be fast and efficient, so it can extract a large number of profiles for low price"
"TikTok Profile Posts Scraper | No Login, No Cookies, Bulk",Scraping Solutions,https://apify.com/scraping_solutions/tiktok-profile-scraper-posts?fpr=youssef,social-leads,106,594,5,1,"Scrape public TikTok profile posts in bulk without login or cookies. Extract captions, hashtags, music, video URLs, dates, views, likes, comments, shares, saves, creator profiles, and audience statistics. Filter by pinned status, profile section, sorting, and date; export to JSON, CSV, or Excel"
Linkedin Company Post Scraper,FreshData,https://apify.com/freshdata/linkedin-company-post-scraper?fpr=youssef,linkedin,105,584,5,1,Extract posts from any linkedin company. No cookies required
Companies Search Scraper for LinkedIn | No Cookies,API Maestro,https://apify.com/apimaestro/linkedin-companies-search-scraper?fpr=youssef,linkedin,104,2037,5.0,6,"Scrape LinkedIn companies using keywords without login and get structured data including company profiles, industries, locations, and follower count"
LinkedIn To Email,Anchor,https://apify.com/anchor/linkedin-to-email?fpr=youssef,email-finders,104,1168,5,3,LinkedIn to Email turns LinkedIn URLs into an email at scale. LinkedIn2email is the best and cheapest tool for any task related to LinkedIn outreach. Relies on fresh data you need to keep a good reputation score
"JobStreet Scraper - MY, SG, ID & PH Job Listings",Black Falcon Data,https://apify.com/blackfalcondata/jobstreet-scraper?fpr=youssef,jobs-hiring-signals,103,429,5.0,2,"Scrape JobStreet Malaysia, Singapore, Indonesia & the Philippines (SEEK platform). Salary, full descriptions, company intelligence (logo, reviews, perks), and optional applicant-demand signals to find low-competition roles. Incremental mode emits only new and changed listings"
Expedia.com & Hotel.com [] Reviews/Ratings/Sentiment A,Muhamed Didovic,https://apify.com/memo23/expedia-scraper?fpr=youssef,other-lead-sources,103,352,5.0,8,"[] Expedia + Hotels.com + Things-To-Do activities - only scraper covering all 3 brands. Deeplink auto-resolution, date filter, 10+ regional TLDs, bare property IDs. 25+ fields: sentiment, traveled-with, manager responses, category ratings. JSON or CSV. Pure HTTP"
mobile.de [] Fast Scraper · Finance · Dealer GPS,Black Falcon Data,https://apify.com/blackfalcondata/mobile-de-scraper?fpr=youssef,other-lead-sources,103,279,5,1,"Scrape mobile.de - Germany's largest car marketplace (1.4M+ listings). Get full specs, market price ratings and dealer phone & GPS; filter by make/model or zip radius and track new, price-changed and delisted cars across runs. JSON/CSV export"
TikTok User Scraper,API Dojo,https://apify.com/apidojo/tiktok-user-scraper?fpr=youssef,social-leads,102,1686,5,9,"Scrape TikTok users at 425/sec with 98% success - no proxy needed. Extract usernames, bios, followers, verification, engagement & account stats. Supports username/URL input. Export JSON/CSV with API integration. Ideal for influencer research, lead gen & brand partnerships"
Skyscanner Flight Scraper API - Fares & Multi-City,Muhamed Didovic,https://apify.com/memo23/skyscanner-scraper?fpr=youssef,other-lead-sources,102,386,5,2,"unlimited extraction. Skyscanner Flight Scraper API - itineraries, fares, schedules & routes by flights URL or search filters. One-way, round-trip & multi-city. 180+ fields per itinerary: legs, segments, carriers, stops, layovers, Best/Cheapest/Fastest tags. Pure HTTP"
TikTok Profile Posts - Bulk Video Scraper [NO LOGIN],Unseen User,https://apify.com/unseenuser/TikTok-posts?fpr=youssef,social-leads,101,278,5,5,"Scrape every public TikTok video from any profile - captions, views, likes, no-watermark MP4 URLs, ad flags, TikTok Shop links, cross-platform creator IDs. Optional per-video transcripts (AI fallback). Also scrape public TikTok collections/playlists by URL. Clean, flat, analysis-ready output"
Kleinanzeigen.de | Scraper (Richest output)[PPE],Muhamed Didovic,https://apify.com/memo23/kleinanzeigen-search-scraper-ppe?fpr=youssef,other-lead-sources,101,275,5.0,2,"extract detailed listings from Kleinanzeigen.de, saving you time by automating data collection for property, product, and service ads. It helps in market analysis, competitor research, and lead generation, providing accurate and timely insights from Germany's platforms"
Instagram Profile Scraper API,CoderX,https://apify.com/coderx/instagram-profile-scraper-api?fpr=youssef,social-leads,100,3354,5.0,12,"Instagram Profile Insights Scraper is a fast and lightweight tool for extracting rich public data from Instagram usernames. It retrieves profile details and the latest posts, making it easy to analyze accounts at scale for research, marketing, or competitive insights"
Linkedin Profile Search By Services No Cookies,HarvestAPI,https://apify.com/harvestapi/linkedin-profile-search-by-services?fpr=youssef,linkedin,100,1830,4.5,13,"Search for LinkedIn profiles by keywords of services and extract detailed profile information, including work experience, education history, location and more. No cookies or account required"
Instagram Hashtag Scraper | Posts & Reels | No Cookies,Scraping Solutions,https://apify.com/scraping_solutions/instagram-hashtag-scraper-pro-no-cookies?fpr=youssef,social-leads,100,1087,5,5,"Extract public Instagram posts and Reels from one or more hashtags without login or cookies. Choose Top, Recent, or Reels-only feeds and export structured results to JSON, CSV, or Excel for trend research, campaign monitoring, influencer discovery, and lead generation"
Immobiliare.it []| Search | Detail Pages | Agencies,Muhamed Didovic,https://apify.com/memo23/immobiliare-scraper?fpr=youssef,other-lead-sources,99,435,5,9,"Scraper Immobiliare.it: incolla un URL di ricerca, annuncio o agenzia e ottieni dati strutturati. Prezzo con metriche del mutuo, superficie, locali, bagni, piano, classe energetica, spese, foto, coordinate GPS, macrozona e microzona, contatti agenzia. Export JSON, CSV o Excel"
Fast Instagram Profile Stats Checker,karamelo,https://apify.com/karamelo/fast-instagram-profile-stats-checker-free?fpr=youssef,social-leads,97,2211,5,3,Scrape Statistics for Instagram accounts profiles for followers count and followings and numbers of posts fast and clean data. Ideal for monitoring and data analysis of accounts changes
Linkedin Profile Scraper,Crawler Bros,https://apify.com/crawlerbros/linkedin-profile-scraper?fpr=youssef,linkedin,97,1520,3.0,11,"Scrape LinkedIn public profiles without login. Get name, headline, experience, education, followers, and recent articles"
Google Maps Scraper,Boztek LTD,https://apify.com/boztek-ltd/google-maps-scraper?fpr=youssef,google-maps,96,2925,4.4,11,"Extract data from thousands of Google Maps locations and businesses, including reviews, reviewer details, images, contact info, including full name, email, opening hours, prices & more. Export data, run via API, schedule and monitor runs, or integrate with other tools"
Wellfound Jobs Scraper - Fast & cheap,ClearPath,https://apify.com/clearpath/wellfound-api-ppe?fpr=youssef,jobs-hiring-signals,96,930,,0,"Extract startup job listings from Wellfound (formerly AngelList) as structured JSON, CSV, or Excel. Get job titles, salaries, equity, company details, and full descriptions. Filter by role, location, or company. Monitor mode with Telegram alerts tracks new postings automatically. Pay per result"
"Person Data Enrichment - Email, Phone & LinkedIn",Ryan Clinton,https://apify.com/ryanclinton/person-enrichment-lookup?fpr=youssef,email-finders,96,602,,0,"Enriches persons from People Data Labs - cheaper than Clay, Apollo, or ZoomInfo. Name + company → verified work email, job title, seniority, phone, LinkedIn, and location. Pay-per-event:. No subscription"
LoopNet US + UK + Realla [] Commercial Property Scraper,Muhamed Didovic,https://apify.com/memo23/loopnet-scraper-ppe?fpr=youssef,other-lead-sources,96,465,5.0,13,"scrape commercial property from LoopNet (US) AND LoopNet UK / Realla (UK) in one actor - the only Apify scraper bundling both. Lease & sale listings across all US states + every UK city. Rich rows: address, geo, sqft, asking rent/price, broker, EPC"
LinkedIn Ad Library Scraper,Gen First,https://apify.com/ivanvs/linkedin-ad-library-scraper?fpr=youssef,linkedin,95,427,3.6,3,"Extract details about ads from LinkedIn Ad Library. Scrape ad details like when it was run, ad targeting, advertiser and content of ad. Download ad data in JSON, XML, Excel format"
Google Maps Places Extractor,Enckay Data,https://apify.com/enckay/google-maps-places-extractor?fpr=youssef,google-maps,94,1542,,0,"Extract Places and businesses from Google Maps. Scrap phone numbers, emails, website, business hours, address and gps, Google Place ID. Use filters to include or exclude irrelevant leads"
Ultimate TikTok Scraper (no-limit),Novi,https://apify.com/novi/tiktok-scraper-ultimate?fpr=youssef,social-leads,93,750,5,3,"Scrape TikTok profiles, videos, and hashtags to extract key data. Use search queries or direct URLs to gather post details, shares, hearts, followers, music data, and user info"
Instagram Profiles Scraper PPR,Jan Danecki,https://apify.com/danek/instagram-profiles-scraper-ppr?fpr=youssef,social-leads,92,3165,4.4,3,Scrap all necessary data from Instagram Profile in no-time. No need for a Instagram account
LinkedIn Company Finder - Company Page URL From Any Domain,SR,https://apify.com/s-r/free-linkedin-company-finder---linkedin-address-from-any-site?fpr=youssef,linkedin,92,1170,5,1,"Find LinkedIn company pages for any domain name. This powerful actor searches and extracts LinkedIn company URLs for domains, supporting international LinkedIn subdomains and bulk processing. Perfect for sales teams, recruiters, and data enrichment"
TikTok Followers & Following Scraper No Login | Bulk,Scraping Solutions,https://apify.com/scraping_solutions/tiktok-followers-following-scraper?fpr=youssef,social-leads,92,622,5,2,"Extract TikTok followers and following lists for any public account. No login required. Bulk scraping, audience analysis, influencer discovery, competitor research, and lead generation. Fast, clean, export-ready JSON/CSV"
Linkedin Open Profile Status,FreshData,https://apify.com/freshdata/linkedin-open-profile-status?fpr=youssef,linkedin,92,587,5,1,"Accurately detects whether a LinkedIn profile is open to receiving InMail messages (i.e., Open Profile status: true or false)"
Apollo Companies Leads Scraper,Coladeu,https://apify.com/coladeu/apollo-organizations-scraper?fpr=youssef,b2b-databases,91,1221,1,1,"This API can scrape structured companies data from Apollo.io, including emails and phone numbers. It does not require Apollo account cookies or authentication"
Youtube Email Bulk Scraper,exporter24,https://apify.com/exporter24/youtube-email-bulk-scraper?fpr=youssef,email-finders,90,1034,5,3,Extract the email address of given youtube channel from public data
Google Maps Scraper,Poidata,https://apify.com/poidata/google-maps-scraper?fpr=youssef,google-maps,89,2914,4.3,13,"Maps Scraper & API. Extract businesses by keyword, category, location, coordinates, radius or polygon. Get addresses, phones, websites, ratings, reviews, opening hours, categories, coordinates & more. Export to JSON, CSV or Excel or automate via API"
Instagram Media Downloader - Bulk Download Media 2026,red,https://apify.com/instaprism/instagram-media-downloader?fpr=youssef,social-leads,89,2519,4.1,7,"No login required. Download Instagram images and videos in bulk. Get high-resolution media from posts, reels, stories. Save to Apify storage. Export direct URLs"
Realtor.com [] [Download All Agents] [No 3K Limit],Muhamed Didovic,https://apify.com/memo23/realtor-search-cheerio?fpr=youssef,email-finders,88,636,5,15,"Effortlessly scrape real estate data from Realtor.com, including property listings AND agent profiles. Extract property details like prices, amenities, locations, and photos, plus agent information such as contact details, reviews, specializations, and performance metrics"
LinkedIn Company Data & Insights Scraper [NO COOKIE],RICEMAN,https://apify.com/riceman/linkedin-company-data-insights-scraper?fpr=youssef,linkedin,87,884,5,2,"Scrape comprehensive LinkedIn company data & business insights without your LinkedIn account. Extract basic company data, headcount growth, job openings, hiring patterns & employee analytics. Automatic retries, pay-per-use"
"Shopify Store Analyzer | Revenue, Traffic & Apps",Apivault Labs,https://apify.com/apivault_labs/shopify-store-analyzer?fpr=youssef,other-lead-sources,87,354,5.0,2,"Analyze or discover Shopify stores for competitor research and lead generation. Get revenue and traffic estimates, products, best sellers, apps, contacts, ads, store health, opportunities and change tracking. -15 per 1,000 results by Apify plan"
"Xing Scraper - Jobs, Companies & Profiles ()",Muhamed Didovic,https://apify.com/memo23/xing-scraper?fpr=youssef,jobs-hiring-signals,87,350,5,1,"Xing scraper - jobs, companies & profiles in one actor. Paste any xing.com URL (search, /jobs/{slug}, /pages/{slug}, /profile/{id}) or filter by keyword + location + discipline + radius. 35+ fields per row: salary, Kununu, employees, social links. JSON or CSV"
"Instagram Following Scraper - Instant, No-Login Required",DataVoyantLab,https://apify.com/datavoyantlab/instagram-following-scraper?fpr=youssef,social-leads,86,1733,,0,"Instantly extract any Instagram user's following list - no login required. Drop profile URL, get thousands of followers with usernames, full names, profile pics, verification status in seconds. Perfect for growth hacking, competitor research, lead generation. Faster, cheaper, more reliable"
"Company Leads Scraper similar to Apollo, LinkedIn",Peaky Dev,https://apify.com/peakydev/company-organization-scraper-apollo-linkedin?fpr=youssef,linkedin,86,879,4.9,28,"WE ARE BACK --- Extract company leads using a wide range of filters including industry, revenue, employee size similar to Apollo, linkedin, zoominfo"
"AutoScout24 Scraper [] - 930K Cars, 9 Countries",Black Falcon Data,https://apify.com/blackfalcondata/autoscout24-scraper?fpr=youssef,other-lead-sources,86,282,5.0,2,"platform usage included. Scrape autoscout24.com - Europe's largest used-car market: Germany · Austria · Italy · Spain · France · Belgium · Netherlands · Luxembourg, plus Switzerland via autoscout24.ch. 930K+ listings with full specs and dealer contacts"
Leboncoin.fr Scraper | Fast & Reliable,Fatih Tahta,https://apify.com/fatihtahta/leboncoin-fr-scraper?fpr=youssef,jobs-hiring-signals,85,633,3.6,8,"Extract clean, structured data from France’s top classifieds site Leboncoin.fr. Get listings for real estate, cars, jobs, and more with rich outputs including pricing, location, seller details and more. Ideal for market research, lead gen or price tracking"
X Follower Scraper | Pay-Per-Result,Xquik,https://apify.com/xquik/x-follower-scraper?fpr=youssef,social-leads,85,465,5,5,"Scrape X (Twitter) followers, following, list members, subscribers, and community members on every Apify plan. Compare audiences. No X login. Built by Xquik. World's fastest & cheapest X (Twitter) scraper service. Not affiliated with X Corp"
Craigslist Scraper,SolidCode,https://apify.com/solidcode/craigslist-scraper?fpr=youssef,jobs-hiring-signals,84,422,,0,"[ ] Extract Craigslist listings across cars, housing, jobs, electronics, furniture, services, gigs, and events. Filter by keyword, price, condition, or sort - or paste URLs directly. Each row includes title, price, location, description, images, post ID, and category-specific attributes"
StepStone.de Scraper - Germany's Leading Job Board,NanoScrape,https://apify.com/santamaria-automations/stepstone-de-scraper?fpr=youssef,jobs-hiring-signals,84,381,5,1,"Extract jobs from StepStone.de, Germany's largest job portal. Get job titles, companies, locations, descriptions, salary info & contact details. Supports search filters (location, Bundesland, employment type, experience level). Optional LLM extraction for requirements & benefits"
LinkedIn User Comments & Reactions Scraper [NO COOKIES],Unseen User,https://apify.com/unseenuser/LinkedIn-user-comments-reactions?fpr=youssef,linkedin,83,852,5,6,"See exactly what any LinkedIn user has commented on or reacted to recently - their full engagement history. Surface what topics they care about and which thought leaders they follow. No login, no cookies. Built for personalized B2B outreach and ABM teams"
"Website Email Scraper - Emails, Phones & Socials",Data Runner,https://apify.com/jurassic_jove/website-email-extractor?fpr=youssef,email-finders,83,779,,0,"Pull emails, phones, and social links from any website. Auto-follows Linktree and bio pages - no manual digging"
Google Maps Scraper,API ninja,https://apify.com/api-ninja/google-maps-scraper?fpr=youssef,google-maps,83,652,4.9,14,"Extract comprehensive business data from Google Maps, including ratings, emails, social media profiles, photos, and operational details. Perfect for market research and lead generation"
"Domain Contact Scraper - Email, Phone & Social Extractor",Emiliano Mastragostino,https://apify.com/emastra/website-contact-scraper?fpr=youssef,email-finders,82,1036,5,1,"Extract public emails, phone numbers, WhatsApp numbers, and social profiles from websites. Priority-first crawling returns one clean, consolidated result per submitted URL, with status and crawl diagnostics for automation"
Leads Finder Apollo Leads Generator,Olympus,https://apify.com/olympus/leads-finder-apollo-leads-generator?fpr=youssef,b2b-databases,82,496,4.8,22,"Affordable ways to generate leads with emails and phone numbers like platforms similar to apollo, linkedin, zoominfo"
Etsy Keyword Research + Reverse Keyword Tool,Yakugusa Yumitori,https://apify.com/yumitori/etsy-keyword-tool?fpr=youssef,other-lead-sources,81,239,,0,"Find the Etsy keywords actually worth chasing. Every term is scored on real demand (live carts, recent sales), competition and buyer intent, measured from Etsy instead of estimated. Reverse-keyword a competitor's listing or a whole shop to see the searches Etsy ties to them"
LinkedIn Ad Library Scraper [NO COOKIES],Unseen User,https://apify.com/unseenuser/LinkedIn-ads?fpr=youssef,linkedin,81,209,5,4,"Extract every ad your competitors run on LinkedIn - creatives, headlines, CTAs, body copy, carousels, video, targeting and run dates. 34 fields per ad. Search by brand or keyword, or paste an Ad Library URL. No login, no cookies. For B2B marketers and growth agencies"
"Bulk Decision makers Email finder, cheap",Sniper Coder,https://apify.com/snipercoder/bulk-decision-makers-email-finder?fpr=youssef,email-finders,80,1003,1.6,5,"Input: Domain|Output: Name, Email, Title, Company, etc of Decision makers In Bulk.| Perfect for Lead Generation, Email campaigns, and Data Enrichment. Forget AnymailFinder, apollo.io, hunter.io, they are all to break the Bank"
ImportYeti Scraper - US Import Records & Supplier Data,Zen Studio,https://apify.com/zen-studio/importyeti-scraper?fpr=youssef,email-finders,80,510,5.0,2,"Extract supplier profiles, shipment records, and trade data from ImportYeti. Search by company, product, or address. 60+ fields per result: HS codes, shipping lanes, carriers, bills of lading, trading partners, and contact info. No login required"
LinkedIn Company Employees Scraper With Decision Makers,George Kioko,https://apify.com/george.the.developer/linkedin-company-employees-scraper?fpr=youssef,linkedin,79,2045,1,1,"Scrape all employees of any LinkedIn company with names, job titles, locations and profile URLs, plus decision maker flags, seniority bands and departments. You pay only for rows tied to the company you asked for. Free monitoring tracks new hires, departures and title changes. No login, no cookies"
LinkedIn Jobs Scraper - Multiple Titles & Locations in One!,LNTB,https://apify.com/lntb/linkedin-jobs-scraper---multiple-titles-locations-in-one?fpr=youssef,linkedin,79,995,4.0,10,"This LinkedIn Job Scraper allows you to extract job listings across multiple job titles and locations: Key Features: Input multiple job titles (e.g. ""Software Engineer"", ""Data Analyst"") Input multiple locations (e.g. ""London"", ""New York"", ""Berlin"") Filters by work type: On-site, Remote, Hybrid"
"Instagram Profile Scraper - Fast Bulk, 99% Success Rate",Unseen User,https://apify.com/unseenuser/igscraping?fpr=youssef,social-leads,78,1373,5,5,"Bulk Instagram profile scraper. Extract profile metadata, latest posts, follower/following counts, bio, external links, and auto-calculated engagement rate - at scale. No Instagram account, no cookies, no login. Built for influencer platforms, lead gen, and brand monitoring"
LinkedIn Profile Scraper No Login Required,VulnV,https://apify.com/vulnv/linkedin-profile-scraper?fpr=youssef,linkedin,78,1204,2.1,4,"Extract comprehensive data from public LinkedIn user profiles including work experience, education, skills, connections, and activity. Bulk processing supported. No LinkedIn authentication needed - just provide profile URLs and get structured JSON data"
Crunchbase Scraper - Unlimited Data No API Pricing 100% Success,David Bhatt,https://apify.com/davidsharadbhatt/crunchbase-company-scraper?fpr=youssef,b2b-databases,78,1082,4.8,14,"Extract unlimited Crunchbase data without expensive API pricing. Get funding rounds, investors, revenue, employees & contact info. 130+ fields.. No rate limits. 100% success rate. Alternative to Tracxn, Apollo.io, ZoomInfo, Linkedin and Google Maps"
Contact Info Scraper,Zebu Data,https://apify.com/delicious_zebu/contact-info-scraper?fpr=youssef,email-finders,78,819,5,29,"Extract emails, phone numbers, and social media links from any website. Supports 14 platforms including Facebook, Instagram, LinkedIn, Twitter/X, YouTube, TikTok, WhatsApp, and more. Powerful extraction, simple setup - just enter a URL and go"
"Threads Scraper - Threads, Post & Profile",The Netaji,https://apify.com/thenetaji/threads-scraper?fpr=youssef,social-leads,78,499,4.5,5,"Paste Threads profile and post links together and export profile records or individual posts with their authors, media and public replies. No Threads login or account needed"
LinkedIn People Profile Scraper,Pratik Dani,https://apify.com/pratikdani/linkedin-people-profile-scraper?fpr=youssef,linkedin,77,1828,3.0,5,"Retrieve LinkedIn profile URLs and extract comprehensive profile details. This includes basic information, employment history, skills, company information, biography, location, and more"
300K+ Amazon Sellers Email Leads,Miso,https://apify.com/xmiso_scrapers/eu-amazon-sellers-email-leads?fpr=youssef,email-finders,77,1053,2.8,20,"Database of scraped sellers from Amazon marketplaces with emails, phone numbers and other valuable data"
Google Maps Scraper,NanoScrape,https://apify.com/santamaria-automations/google-maps-scraper?fpr=youssef,google-maps,77,884,5,3,"Scrape Google Maps for: 30+ fields, reviews, photos, hours, GPS. Enrich every result with 20+ optional add-ons: emails, phones, socials, LinkedIn, SSL, tech stack, SEO, AI contacts, jobs & icebreakers. All merged into ONE row per business. No dataset joins. MCP-ready for AI agents"
Reddit Comment Scraper - Export Comments & Replies (),Harsh Maur,https://apify.com/harshmaur/reddit-comments-scraper?fpr=youssef,social-leads,77,233,5.0,5,"Scrape Reddit comments without the API - every comment and nested reply from any post URL, 'load more comments' expanded automatically. Export to CSV, Excel, or JSON for sentiment analysis, AI training data, or research. No login, no rate limits"
Instagram Followers Scraper,Louis Deconinck,https://apify.com/louisdeconinck/instagram-followers-scraper?fpr=youssef,social-leads,76,2178,3.0,5,"Instantly scrape all followers from any Instagram account, no login needed. Just drop a profile handle, get thousands of followers in seconds. Perfect for growth hacking, competitor research, and lead gen. Fast, cheap, reliable. Built by a top 1% Apify dev"
Facebook Pages Scraper,Sam,https://apify.com/cleansyntax/facebook-pages-scraper?fpr=youssef,social-leads,76,1525,4.8,7,"Facebook Pages Scraper extracts comprehensive details from Facebook Pages. It gathers valuable info - such as page_names, addresses, emails, phone numbers, etc - making it ideal for building high-quality leads and fueling your marketing or sales strategies"
"All-in-One Review Scraper: G2, Capterra & Trustpilot",Zen Studio,https://apify.com/zen-studio/software-review-scraper?fpr=youssef,directories,76,446,4,1,"Scrape reviews from G2, Capterra, TrustRadius, Gartner, and Trustpilot in one run. Just type a product name or domain. Get unified ratings, pros/cons, reviewer details, dates, and platform-specific sub-ratings. Filter by star rating and sort order. Export as JSON, CSV, or Excel"
YouTube Search & Video Metrics [] Scraper,Muhamed Didovic,https://apify.com/memo23/youtube-search-results-scraper?fpr=youssef,social-leads,76,310,5.0,2,"Scrape YouTube search results without login or API key. Metrics mode returns flat analytics rows - parsed views, duration, channel, publish age - per video, with free title/age filters (filtered videos never charged). Schedule it for keyword monitoring. JSON or CSV"
Eventbrite Scraper - Event & Organizer Data,Aitor Sanchez-Mansilla,https://apify.com/aitorsm/eventbrite?fpr=youssef,other-lead-sources,75,660,5.0,3,"Efficiently scrape and extract Eventbrite event data for market research, lead generation, and event aggregation. This Eventbrite Scraper provides structured data on event details, organizers, dates, venues, and pricing, with flexible filtering options by country, city, and category"
Instagram Followers / Following Scraper (No cookies),Dead,https://apify.com/dead00/instagram-followers-following-scraper-no-cookies?fpr=youssef,social-leads,75,255,1,1,"Scrape followers or following lists from any public Instagram profile. Input usernames, set a limit, get clean structured data. No cookies, no login, no setup"
Dice Jobs Scraper,Umesh Patidar,https://apify.com/worldunboxer/dice-jobs-scraper?fpr=youssef,jobs-hiring-signals,74,725,4.4,2,"Boost your job search with our Dice Job Scraper! Easily extract job listings, company details, salaries, and full job descriptions from Dice.com. Automate job scraping with high accuracy and efficiency. Perfect for recruiters, analysts, and job seekers. Get real-time job data instantly!"
Facebook Page Contact Scraper,SASWAVE,https://apify.com/saswave/facebook-company-page-scraper?fpr=youssef,social-leads,74,700,5,5,"Collect informations at scale about: phone, email, page id, popular hours, openings, name, description, industry category, likes, followers, followings, ratings, website, social network links. Extract data from facebook company contact info page"
Twitter X Profile Viewer,Sachin Kumar Yadav,https://apify.com/igview-owner/x-twitter-profile-viewer?fpr=youssef,social-leads,74,548,,0,"Powerful Twitter/X profile scraper that extracts user data, follower counts, bio information, and verification status. Works with usernames or full Twitter/X URLs. Ideal for social media research, influencer analysis, and bulk data collection"
German Imprint Scraper & Leads Finder (Google Search),Winning Solutions,https://apify.com/winningsolutions/german-imprint-scraper?fpr=youssef,email-finders,74,346,5,4,"AI-powered Apify Actor that scrapes Impressum pages on German websites and extracts decision-makers (Geschäftsführer, Vorstand), validated B2B emails, company addresses, VAT IDs, and Handelsregister numbers. Structured JSON output for B2B lead generation, sales prospecting, and CRM enrichment"
Craigslist with Optional Emails [] Search | Details,Muhamed Didovic,https://apify.com/memo23/craigslist-scraper?fpr=youssef,email-finders,74,322,5,5,"No limits, no quotas, unlimited extraction. Get attributes like bedrooms, square footage, prices, or compensation. Captures descriptions, high-res images, embedded map coordinates (Lat/Lon), phone numbers, and directly extracts EMAILS! Outputs directly to JSON/CSV"
Tiktok Followers Scraper,API ninja,https://apify.com/api-ninja/tiktok-followers-scraper?fpr=youssef,social-leads,74,220,5,3,"Scrape TikTok followers or following at scale from profile URLs, @handles, or user IDs. Fast, paginated, structured, and ready for API, scheduling, and automations on Apify"
LinkedIn Company Scraper (No Login) Bulk,Sourabh Kumar,https://apify.com/sourabhbgp/linkedin-company-scraper?fpr=youssef,linkedin,74,212,,0,"Bulk LinkedIn company scraper for B2B lead enrichment. Returns 33 fields per company: employees, all office locations with postal codes, followers, recent posts with reactions, products, similar companies and live open-job count. Company names and IDs accepted. No login"
Yandex Maps Places Scraper,Mikhail Mamaev,https://apify.com/m_mamaev/yandex-maps-places-scraper?fpr=youssef,google-maps,73,1543,3.6,11,"Extract structured data from thousands of Yandex Maps locations and businesses, including phone numbers, emails, websites, reviews, images, addresses, coordinates, ratings, categories, opening hours & more"
LinkedIn Scraper at Scale Without Cookie,FreshData,https://apify.com/freshdata/fresh-linkedin-profile-data?fpr=youssef,linkedin,73,1131,5,5,"Get real-time LinkedIn profile data, including experience, education, current company and more"
TikTok Profile Scraper (Pay Per Result),Yevhenii Molodtsov,https://apify.com/xmolodtsov/tiktok-profile-scraper?fpr=youssef,social-leads,73,151,5,1,"Scrape TikTok profiles by username at a fraction of the usual pay-per-result price: followers, bio, links, verified badge, TikTok Shop seller data, latest posts. Drop-in input/output compatible with popular TikTok profile scrapers. No proxies needed. Guaranteed row per handle, 1000/run"
Uber Eats Scraper [PPR],borderline,https://apify.com/borderline/uber-eats-scraper-ppr?fpr=youssef,b2b-databases,72,637,5,3,"Pay per result - Fast and cost-effective Uber Eats Scraper requiring just a search query and location or using stores urls. Instantly retrieve comprehensive restaurant data, including names, phone, ratings, locations, and menus. Seamlessly integrates, offering a highly efficient data solution"
LinkedIn Company Posts Scraper - Bulk Export [NO LOGIN],Unseen User,https://apify.com/unseenuser/Company-Posts?fpr=youssef,linkedin,72,166,5.0,3,"LinkedIn post scraper for company pages - bulk-export posts with engagement, hashtags, mentions, and author profile enrichment (headline, industry, location, followers). Filter by keyword; sort by top engagement. Paste URLs or bare handles like 'google'. No login, no cookies. >99% success"
Instahyre Jobs Scraper - India Tech Jobs & Hiring Monitor,Muhamed Didovic,https://apify.com/memo23/instahyre-jobs-scraper?fpr=youssef,jobs-hiring-signals,72,111,5,1,"Search and monitor India tech jobs on Instahyre - title, skills, city, apply URL and the full hiring-company profile (headcount, founded year, tagline) on every row. Track only-new postings, filter by skill, city, company or size, and add employer emails. JSON, CSV or Excel"
Advanced Search TikTok API (free-watermark videos),Novi,https://apify.com/novi/advanced-search-tiktok-api?fpr=youssef,social-leads,71,25156,1.2,2,"TikTok Search Scraper - Explore, discover, and analyze TikTok content with ease. Gain valuable insights and optimize your marketing efforts. Provides no-watermark download link"
Instagram Followers Scraper - No‑Login Follower Data API,DataVoyantLab,https://apify.com/datavoyantlab/instagram-followers-scraper?fpr=youssef,social-leads,71,1949,2.9,4,"Scrape public Instagram followers in seconds. no login, pay‑per‑use, CSV/JSON output. Ideal for marketing, research, and automation"
"Linkedin Email Finder, Super Cheap",Sniper Coder,https://apify.com/snipercoder/linkedin-email-finder?fpr=youssef,email-finders,71,888,4.5,5,"Input: linkedin|Output: Name, Email, Title, Company, etc.| Perfect for Email campaigns, Data Enrichment, Linkedin/Linkedin sales nav Leads. Forget Instantly.ai, apollo.io, and hunter.io, they are all to break the Bank"
Instagram Hashtag Scraper,CoderX,https://apify.com/coderx/instagram-hashtag-scraper?fpr=youssef,social-leads,71,712,4.0,4,"This scraper extracts users from Instagram based on a hashtag. Just enter a hashtag and set the number of usernames you need. It collects user details like usernames, IDs, and captions, making it perfect for social media analysis and research"
LinkedIn Post Comment & Reaction Extractor [NO COOKIES],Unseen User,https://apify.com/unseenuser/linkedin-post-comment-reaction-extractor-no-cookies?fpr=youssef,linkedin,71,593,5,6,"Extract every commenter and reactor on any public LinkedIn post - profiles, comment text, reaction types, timestamps. The highest-signal lead source on LinkedIn: engaged commenters are 5-10x warmer than cold search results. No login, no cookies. Built for B2B sales teams"
StepStone.de Job Scraper - Salary & Skills,Black Falcon Data,https://apify.com/blackfalcondata/stepstone-de-scraper?fpr=youssef,jobs-hiring-signals,71,389,5,1,"Scrape stepstone.de for German job listings - salary range, skills, employment type, company and location. Half the per-result price of leading alternatives monthly fee, zero timeouts over the last 30 days, and Bundesland or radius filters"
LinkedIn Profile & Company Posts Scraper (Engagers & Comments),Scraping Solutions,https://apify.com/scraping_solutions/linkedin-profile-company-posts-scraper-engagers-comments?fpr=youssef,linkedin,71,269,5,1,"Scrape LinkedIn posts from profiles and companies, and extract engagers, reposts, and comments. Supports post URLs, runs in parallel, and delivers clean structured data for lead generation, analytics, and automation"
Linkedin Employees Scraper,Caprolok,https://apify.com/caprolok/linkedin-employees-scraper?fpr=youssef,linkedin,69,4140,1.0,23,"Effortlessly gather LinkedIn URLs and names of employees in bulk. Ideal for HR and recruitment, this tool quickly provides essential contact information, simplifying talent search and networking opportunities"
LinkedIn People Search Scraper,PowerAI,https://apify.com/powerai/linkedin-peoples-search-scraper?fpr=youssef,linkedin,69,3967,1,6,"Extract professional profiles from LinkedIn with detailed metadata including names, titles, companies, and direct URLs. Perfect for talent acquisition, competitor analysis, and business development"
Fast App Store Reviews Scraper API | iOS Reviews & Ratings,Agents,https://apify.com/theagents/appstore-reviews?fpr=youssef,other-lead-sources,69,813,3.5,13,"Lightning-fast App Store review scraper that fetches up to 200 reviews per second across multiple countries. Extract valuable user feedback via App IDs or URLs, with custom mapping options. Affordable. Perfect for developers, marketers, and researchers"
"Telegram Scraper - Group, Channel Member Scraper",bhansalisoft,https://apify.com/bhansalisoft/telegram-group-member-scraper?fpr=youssef,social-leads,68,3118,5.0,2,"Telegram scraper for extracting available members from groups and channels. Get User IDs, usernames, names and access hashes with no Telegram login required. Scrape Telegram group and channel members with a Telegram Member Scraper"
Fast TikTok API (free-watermark videos),Novi,https://apify.com/novi/fast-tiktok-api?fpr=youssef,social-leads,67,2218,4.9,6,"Fastest TikTok API for Trend, Hashtag, Search, Music, User, Comment. Real-time, authentic data. No pre-built databases. Provides no-watermark video download links"
WhatsApp Number Validator - Bulk Check 10K per Run,ClearPath,https://apify.com/clearpath/whatsapp-phone-number-validator-api?fpr=youssef,email-finders,66,993,3.5,2,"Check if phone numbers have WhatsApp. Validate up to 10,000 numbers per run from CSV, Excel, or direct input. Yes/no result per number. Clean contact lists before WhatsApp campaigns"
LinkedIn Jobs Scraper,Dataji,https://apify.com/dataji/apify-linkdin-jobs?fpr=youssef,linkedin,66,487,,0,"Scrape LinkedIn jobs without login or cookies. Get title, company, location, salary, full description, and company details. Search by keyword or paste a LinkedIn search URL, filter by title, company, or salary, and export to JSON, CSV, or Excel"
LinkedIn Company Posts Scraper - No Cookies,Data Doping,https://apify.com/datadoping/linkedin-company-posts-scraper?fpr=youssef,linkedin,66,396,2.9,3,"For, scrape LinkedIn posts of a company and extract full content, engagement stats, and author details using their profile URL. Note: If you're on free tier you can only scrape 4 companies and 100 posts per company per run (12 companies in total)"
Businesses Without Websites Leads Scraper (Google Maps),Miso,https://apify.com/xmiso_scrapers/businesses-without-websites-leads-scraper-google-maps?fpr=youssef,google-maps,65,1640,5.0,10,"Get unique leads of various businesses which don't seem to have their own website yet. Offer them web related services, SEO, design etc. This is list of potential candidates, not guaranteed for 100% accuracy"
"Website Contact Scraper - Email, Phone & Social",Logiover,https://apify.com/logiover/website-contact-scraper?fpr=youssef,email-finders,65,1057,,0,"Bulk email and contact extractor for any website. Scrape emails, phones and social links with no API and export leads to CSV or JSON"
BAYUT [] | Search & Detail(s) & Agent(s) & Company(s),Muhamed Didovic,https://apify.com/memo23/apify-bayut-scraper?fpr=youssef,other-lead-sources,65,421,5,6,"get comprehensive Bayut property data including pricing, specs (rooms, area, furnishing), location details, agent/agency info, verification status, high-res photos, and multilingual descriptions. Ideal for market analysis, lead generation, and property research"
Post Reshares/Reposts Scraper for LinkedIn | No Cookies,API Maestro,https://apify.com/apimaestro/linkedin-post-reshares?fpr=youssef,linkedin,65,335,5,2,"LinkedIn Post Reposts Scraper: Extract reposts for a given LinkedIn post including author data, stats, media attachments and more"
X Reply Scraper | Pay-Per-Result,Xquik,https://apify.com/xquik/x-reply-scraper?fpr=youssef,social-leads,65,233,5,4,"Scrape X (Twitter) replies, comments, conversations, and reply timelines on every Apify plan. Use bulk URLs, 25+ filters, and flat exports. No X login. Built by Xquik. World's fastest & cheapest X (Twitter) scraper service. Not affiliated with X Corp"
Yelp Reviews Scraper,API ninja,https://apify.com/api-ninja/yelp-reviews-scraper?fpr=youssef,directories,65,192,5,3,"Scrape Yelp customer reviews from business URLs or IDs with sorting, rating filters, pagination, and resilient API retries"
Website Contact Extractor,Better Devs Scrape,https://apify.com/betterdevsscrape/contact-details-extractor?fpr=youssef,email-finders,64,629,5.0,1,"The cheapest contact scraper on Apify. Extract emails, phone numbers, company names, addresses & 25+ social profiles - 50% less than competitors. Smart crawling auto-finds contact pages, bypasses Cloudflare protection, browser mode for JS sites, sitemap discovery"
Meetup Scraper,Filip Cicvárek,https://apify.com/filip_cicvarek/meetup-scraper?fpr=youssef,other-lead-sources,64,499,4.9,7,"Scrape Meetup.com events, groups or organizers by keyword, city or coordinates. Get 30+ fields per event including dates, venue with GPS, RSVP counts, fees, group member counts, organizer details, topics and ratings"
TikTok Ads Library FAST,Data Xplorer,https://apify.com/data_xplorer/tiktok-ads-library-fast?fpr=youssef,social-leads,64,438,5,1,"Unlock TikTok's ad intelligence with our powerful scraper. Extract competitor campaigns, creative assets and performance metrics. Search by keyword, advertiser name or ID across all regions. Get comprehensive ad data for market-leading insights"
Eventbrite Event Scraper,ParseForge,https://apify.com/parseforge/eventbrite-scraper?fpr=youssef,other-lead-sources,64,366,5.0,2,"Scrapes Eventbrite events by direct URL or search filters. Returns each event as a flat row with title, date, venue, price, and optional organizer details"
LinkedIn Jobs Scraper,Chronometrica,https://apify.com/chronometrica/linkedin-jobs-scraper?fpr=youssef,linkedin,64,314,5.0,1,"Scrape LinkedIn job listings by keyword, location, search URL, or job ID. Save clean unique job rows by default, skip duplicates across overlapping searches and URLs, and extract companies, posted dates, full descriptions, salary signals, criteria, applicant text, Easy Apply status, and job URLs"
Instagram Keyword Posts Urls Scraper,SaSkY,https://apify.com/sasky/instagram-keyword-posts-urls-scraper?fpr=youssef,social-leads,63,573,4.2,4,Scrapes Instagram posts URLs related to a given keyword
10times Events Scraper - Trade Shows & Conferences API,Zen Studio,https://apify.com/zen-studio/10times-events-scraper?fpr=youssef,other-lead-sources,63,348,,0,"Extract trade shows, conferences, and exhibitions from 10times.com with 59 data points per event. Filter by city name, industry, date, or keyword. Get organizer contacts, venue details, visitor estimates, exhibitor counts, and full schedules. 1,000 events in under 60 seconds. No account needed"
Company Domain & Social Links Finder,Crawler Bros,https://apify.com/crawlerbros/company-domain?fpr=youssef,linkedin,63,275,2,1,"Given a company name, return the company's official website domain and its social media links (LinkedIn, X/Twitter, Facebook, Instagram, YouTube, TikTok, GitHub)"
Meta Ad Library Scraper - Facebook & Instagram [NO COOKIES],Unseen User,https://apify.com/unseenuser/meta-ads?fpr=youssef,social-leads,63,204,5.0,4,"See every creative variant your competitors are testing, not just one ad per campaign. Scrape the Meta Ad Library for Facebook and Instagram ads by keyword, brand or ad ID - copy, CTA, media, landing URL and video transcripts. No login, no cookies, no proxy to configure, nothing to get blocked"
Bundesagentur für Arbeit (Arbeitsagentur) Scraper,Lexis Solutions,https://apify.com/lexis-solutions/bundesagentur-fur-arbeit-arbeitsagentur-scraper?fpr=youssef,jobs-hiring-signals,62,601,5,18,The Arbeitsagentur Scraper is a web scraping tool that retrieves public job postings from Arbeitsagentur.de. Bundesagentur für Arbeit is the official job search website in Germany
GulfTalent Job Scraper,Shahid Irfan,https://apify.com/shahidirfan/GulfTalent-Job-Scraper?fpr=youssef,jobs-hiring-signals,62,348,4.9,14,"Scrape live job listings from GulfTalent across UAE, Saudi Arabia, Kuwait & Bahrain. Extract job titles, companies, salaries, experience requirements, job descriptions & application links. Ideal for Gulf recruitment analytics, salary intelligence, talent market research & HR datasets"
TikTok User Profile Scraper,xtdata,https://apify.com/xtdata/tiktok-user-information-scraper?fpr=youssef,social-leads,61,3360,5,4,"TikTok Profile Scraper: Extract profile data by username, user ID, or URL. Real-time, authentic data. No pre-built databases. Perfect for market research and influencer analysis. Scrape TikTok profiles easily. No proxy, no limit"
Crunchbase Companies Scraper,Pratik Dani,https://apify.com/pratikdani/crunchbase-companies-scraper?fpr=youssef,b2b-databases,61,1117,1.5,4,"The Crunchbase Companies Overview Actor is a powerful tool that extracts comprehensive company information from Crunchbase URLs. It provides detailed insights about companies including their basic information, financial data, social presence, web traffic statistics, and technological stack"
"Search Similar YouTube Channels by Content, Not Keywords",Data Over Coffee,https://apify.com/dataovercoffee/youtube-channel-lookalike-finder?fpr=youssef,social-leads,61,581,5,4,"Search similar YouTube channels by content - 200M+ creators, ranked, with stats + emails"
TikTok Trends Scraper [NO COOKIES],Unseen User,https://apify.com/unseenuser/TikTok-Search-Scraper?fpr=youssef,social-leads,61,263,5,3,"Scrape what's trending on TikTok by country: hashtags, sounds, creators, and users. No TikTok account, API key, or login. Built for content strategists, e-commerce brands, and trend researchers who need to spot trends before they peak. Export JSON, CSV, Excel"
Zillow [] | Bypass Zillow limit of 500 | All-In-One,Muhamed Didovic,https://apify.com/memo23/zillow-scraper-ppe?fpr=youssef,other-lead-sources,61,172,5.0,8,"No limits, no quotas, unlimited extraction. Unleash the full power of Zillow data - no limits, no restrictions. Comprehensive scraping for any search URL, delivering complete property insights at scale"
Skool Classroom Media/Video · Posts · Nested Comments,Muhamed Didovic,https://apify.com/memo23/skool-posts-with-comments-scraper?fpr=youssef,other-lead-sources,60,1095,4.9,23,"Skool.com posts + nested comments + classroom courses + media files. Date filter for new-content delta runs, storage dedup across runs (no double-billing), tab selector for community/classroom, configurable comment depth. The most thorough Skool content extractor. JSON or CSV"
Etsy Reviews,datawizards,https://apify.com/hello.datawizards/etsy-reviews?fpr=youssef,other-lead-sources,60,466,5,2,Quickly extract detailed customer reviews from Etsy product listings. Perfect for Etsy sellers and analysts!
Instagram Followers List Scraper,CoderX,https://apify.com/coderx/instagram-followers-list-scraper?fpr=youssef,social-leads,59,3362,4.9,7,"Easily scrape followers from public Instagram profiles. This tool automatically collects the full list of followers from any public Instagram account. Ideal for marketers, researchers, and data analysts who need follower data for public accounts"
Leads Scraper Emails like Apollo,Mando,https://apify.com/amr-mando/lead-finder?fpr=youssef,email-finders,59,2649,3.7,37,"Emails & Linkedin & Description and way more... Like Apollo, Zoominfo, Lusha, Crunchbase"
"Zillow Property Scraper - Agent Data, Zestimate, Price History",Andrey Afanasenko,https://apify.com/afanasenko/zillow-property-agent-data-scraper?fpr=youssef,email-finders,59,749,4.9,4,"Scrape Zillow property listings and agent contacts - emails, phones, price history, Zestimate and 70+ fields. This Zillow scraper filters for FSBO, foreclosures, multi family and sold comps, by ZIP code, ZPID or any Zillow URL, across homes for sale, rent and sold. Export to CSV, JSON or Excel"
Mobile.de Scraper,Gen First,https://apify.com/ivanvs/mobile-de-scraper?fpr=youssef,other-lead-sources,59,411,5.0,1,"Extract data from mobile.de for data on thousands of car listings. Scrape car listings, extract descriptions, images, prices, mileage, contact number, addresses, names, engine information, the transmission of the car, and all other listing details"
Email Address Validator,API ninja,https://apify.com/api-ninja/email-address-validator?fpr=youssef,email-finders,58,308,5,4,"Validate email lists with a two-step verification pipeline: regex structure check followed by internal 2-step validation. Perfect for CRM cleanup, lead qualification, and campaign hygiene"
Inmuebles24 Scraper with Emails Estate API,Azzouzana,https://apify.com/azzouzana/inmuebles24-scraper-pro-by-search-url?fpr=youssef,email-finders,58,220,4.6,8,"com Scraper | PropTech Data extraction via search URL. Scrape: price, sqm, rooms, bedrooms, construction year, maintenance fees, amenities, photos, agency contacts & much more! Export JSON, CSV, Excel. Most cost-effective tool for real estate market analysis in Mexico!"
"OLX Brazil Scraper | Listings, Prices & Seller Data",SolidCode,https://apify.com/solidcode/olx-brazil-scraper?fpr=youssef,other-lead-sources,58,212,5.0,2,"[ ] Scrape OLX Brazil listings at scale. Extract titles, prices, descriptions, photos, seller details, location, and category data from Brazil's largest classifieds marketplace by keyword or URL"
"Whatnot Scraper - Extract Seller, Search & Category Data",Epic Scrapers,https://apify.com/epicscrapers/whatnot-scraper?fpr=youssef,other-lead-sources,58,161,5,4,"Scrape Whatnot.com at scale - search results, seller profiles, reviews, live shows, shop listings, auctions, category leaderboards & more. Fast, reliable and no auth required. Export as JSON, CSV, XML or Excel. Search by keyword or URL, analyze sellers in bulk, or browse and deep-into any category"
"Website Lead Intelligence - Find the Right Person, Verified",Ryan Clinton,https://apify.com/ryanclinton/website-contact-scraper?fpr=youssef,email-finders,57,857,4.4,3,"Turn company websites into ready-to-email decision-makers. Verified emails, named contacts ranked by seniority, buying-committee classification, A/B/C decision tiers, and optional scheduled monitoring + CRM auto-push to HubSpot/Salesforce"
"2GIS Scraper (Phones, Emails, Reviews) | Парсер 2ГИС API",Zen Studio,https://apify.com/zen-studio/2gis-places-scraper-api?fpr=youssef,google-maps,57,664,4.4,4,"2GIS scraper and API - extract phones, emails, reviews, and photos from 207 cities across 20 countries. 1,000 places in 90 seconds. 731 categories, 20+ filters, branch discovery. Парсер 2ГИС: телефоны, email, отзывы и фото организаций. Экспорт в JSON, CSV, Excel"
"Shopify Store Finder - URLs, emails & more",Iñigo Garcia Olaizola,https://apify.com/igolaizola/shopify-store-finder?fpr=youssef,email-finders,57,492,5.0,2,"Shopify Store Finder locates Shopify stores by keyword and returns structured data: ID, title, description, URL, contact emails, earliest page date, and estimated product count range. Perfect for market research, lead generation, and competitor discovery"
Indeed Jobs Scraper,AgentX,https://apify.com/agentx/indeed-jobs-scraper?fpr=youssef,jobs-hiring-signals,57,330,4.1,4,"Indeed Jobs Scraper is an Indeed jobs scraper for 62 countries that returns 41 structured job, salary, company, application, and public contact fields with optional source-supported filters"
"Amazon Seller Contact Scraper - Emails, Phone, VAT & Ratings",Muhamed Didovic,https://apify.com/memo23/amazon-sellers-scraper?fpr=youssef,email-finders,57,204,5.0,2,"Turn any Amazon search, best-seller list or product URL into a lead list of the third-party sellers behind the products - with legal business name, address, VAT number, phone and email (EU impressum), ratings and storefront. 18 marketplaces, pure HTTP. Opt-in email enrichment. JSON/CSV"
Telegram Member Scraper,AgentX,https://apify.com/agentx/telegram-member-scraper?fpr=youssef,social-leads,56,1363,4.8,9,"Telegram member scraper for public groups, returning 23-field profiles from the visible participant list and optional message-author discovery. Export IDs, usernames, names, public flags, presence, bot facts, discovery path, and source-group context"
Contact Info Finder,Supreme Coder,https://apify.com/supreme_coder/contact-info-finder?fpr=youssef,email-finders,56,1062,3.6,5,Find people and their contact info from any website or Linkedin URL in bulk
SeLoger Scraper Estate Extractor,Azzouzana,https://apify.com/azzouzana/seloger-mass-products-scraper-by-search-url?fpr=youssef,other-lead-sources,56,439,5.0,3,"PropTech Extraction de données immobilières via URL. Scrapez: prix, m², pièces, chambres, DPE, charges, honoraires, meublé, balcon, garage, photos, contacts et bien plus ! Export JSON, CSV, Excel ou API"
LinkedIn Groups Scraper - Members & Posts [NO COOKIES],Unseen User,https://apify.com/unseenuser/LinkedIn-Groups-Scraper?fpr=youssef,linkedin,56,255,5,4,"Extract members, posts, and discussions from any public LinkedIn Group. Identify niche professional communities and build hyper-targeted lead lists by group affiliation. No login, no cookies, no Chrome extension. Bulk-process multiple groups. Built for B2B marketers and recruiters"
Onlyfans profile scraper,Curious Coder,https://apify.com/curious_coder/onlyfans-scraper?fpr=youssef,other-lead-sources,55,2559,5,1,"Onlyfans data extractor scrapes profiles in bulk with all details including, name, bio, last online, engagement insights, social media urls, etc"
Instagram Followers Scraper & Enricher · No Login,Data Slayer,https://apify.com/data-slayer/instagram-followers-scraper---no-login?fpr=youssef,social-leads,55,821,5.0,2,"Extract followers from any Instagram profile and optionally enrich with emails, phone numbers, websites, bios, follower counts, and categories. 31 fields per result. SocialScraper alternative - pay per result. Optional MillionVerifier email verification. No login. JSON/CSV/Excel"
Google Ads Scraper,FlowExtract API,https://apify.com/dz_omar/google-ads-scraper?fpr=youssef,other-lead-sources,55,791,5,5,"Extract ads from Google’s Ads Transparency Center [0.70/1K ] by URL, advertiser, or domain, including political & election ads. Get creative previews, spend ranges, impressions, demographics & regions. Dedicated proxy for paying users; optional Google login"
Instagram Profile Posts Scraper No cookies,Scraping Solutions,https://apify.com/scraping_solutions/instagram-profile-posts-scraper-no-cookies?fpr=youssef,social-leads,55,711,,0,"Just enter one or more Instagram usernames and instantly extract all their posts. Export the data in various formats, run the scraper via API, schedule and monitor scraping sessions, and seamlessly integrate with your favorite tools or workflows. Perfect for marketers, analysts, and automation pros"
Airbnb Pro Host · Business Emails by City,Corentin Robert,https://apify.com/corent1robert/airbnb-professional-host-scraper?fpr=youssef,email-finders,55,508,4.8,5,"Search any city worldwide for Airbnb professional hosts. Business emails, phones, and company names where disclosed (best in EU/EEA). Companion Actors: Airbnb Property Details and Airbnb Calendar. Free plan: 20 contacts. No login"
LinkedIn Jobs Scraper,AgentX,https://apify.com/agentx/linkedin-jobs-scraper?fpr=youssef,linkedin,55,455,5,3,"LinkedIn Jobs Scraper is a LinkedIn jobs scraper for 98 countries that returns 41 structured job, salary, company, application, and public contact fields without login"
Sales Navigator Search Scraper No Cookies,Pratik Dani,https://apify.com/pratikdani/sales-navigator-search-scraper-no-cookies?fpr=youssef,linkedin,53,962,,0,"This tool efficiently scrapes contact and company data from Sales Navigator search results without needing cookies. It extracts individual and company details, and sales intelligence, enabling users to build prospect lists, personalize outreach, and gain market insights"
Sales Navigator Scraper By Filters,Linkedin Scrapers,https://apify.com/bestscrapers/sales-navigator-scraper-by-filters?fpr=youssef,linkedin,53,703,,0,Find and scrape LinkedIn Sales Navigator leads with advanced filters
it Scraper | Italy Real Estate API,Azzouzana,https://apify.com/azzouzana/immobiliare-it-listing-page-scraper-by-search-url?fpr=youssef,other-lead-sources,53,683,5.0,10,"#1 Molto semplice! Inserisci il link alla pagina di ricerca e ottieni i risultati! Estrai rapidamente le informazioni dettagliate sugli immobili (titolo, descrizione, foto, valutazioni energetiche, prezzo, contatti, trasporti e altro) a basso costo, con esportazione in JSON, CSV, HTML, EXCEL"
LinkedIn Company Followers - Export Audience,The Howlers,https://apify.com/alizarin_refrigerator-owner/linkedin-company-followers-scraper?fpr=youssef,linkedin,53,379,1,2,Export followers of any LinkedIn company page for competitor research and targeted outreach
Website Email & Contact Scraper,Maxime Dupré,https://apify.com/maximedupre/website-emails-scraper?fpr=youssef,email-finders,52,1211,4.6,3,"Find public contact email addresses from the website URLs you submit. Get one unique, normalized email per dataset row with the source and seed URLs attached"
Reddit Scraper,mick_,https://apify.com/labrat011/reddit-scraper?fpr=youssef,social-leads,52,346,5,3,"Scrape Reddit posts, comments, search results, and user profiles. No API keys or browser needed. Supports 4 modes: subreddit posts (hot/new/top/rising), Reddit search, user profiles, and full comment trees. Fast, lightweight HTTP-based scraping with built-in rate limiting and retry logic"
"Realestate.com.au Scraper Sold, Rent & Buy Listings",Azzouzana,https://apify.com/azzouzana/real-estate-au-scraper-pro?fpr=youssef,other-lead-sources,52,296,5,6,"'s Realestate.com.au! Bypass 2K limit & Extract comprehensive property data - including addresses, prices, bedrooms, bathrooms, parking, land size, agent contacts, media, and more. Just plug in your search URL, and you're good to go! AI agents are ready. Start now!"
Meta Brand Collaboration Scraper,Apify,https://apify.com/apify/brand-collaboration-scraper?fpr=youssef,social-leads,52,198,4.6,5,"Extract branded content partnerships from Meta Ad Library. Get creators, brand partners, content types, dates, and links from Instagram and Facebook. Enrich with profile and post details. Export data, schedule runs via API, and integrate with other tools or AI workflows workflows"
Instagram Location Scraper (Pay Per Result),API Dojo,https://apify.com/apidojo/instagram-location-scraper?fpr=youssef,social-leads,51,1922,5,10,"Instagram Location Scraper, your premier solution for harvesting data from locations on Instagram. It offers remarkable value at, with the capability to scrape between 100-200 posts per second!"
WhatsApp Number Validator (Single and Bulk),Michael Hunter,https://apify.com/api_factory/whatsapp-number-validator-single-and-bulk?fpr=youssef,social-leads,51,1186,3.3,3,"WhatsApp: +447984004914 E-mail: contact@apifactory.pro Instantly check and validate WhatsApp phone numbers programmatically. Verify active accounts in bulk, clean lead lists, and prevent fraud. Fast, accurate, and built for seamless integration into your CRMs, apps, and automated workflows"
Facebook Reactions (Likes) Scraper,Scraper One,https://apify.com/scraper_one/facebook-reactions-scraper?fpr=youssef,social-leads,51,845,3.8,7,"Extract reaction data from Facebook posts, such as who reacted, their profile information, and the type of reaction (like, sad, haha, angry etc.). Ideal for audience analysis, influencer insights, engagement tracking and social media monitoring"
LinkedIn Email + Profile Scraper Active Leads (No Login),SlothTechLabs,https://apify.com/slothtechlabs/linkedin-email-finder-profile-scraper-no-login?fpr=youssef,email-finders,51,440,,0,"The LinkedIn email scraper that skips dormant profiles. Real company domain pulled from the company's LinkedIn page (not guessed from its name), top-3 email patterns with honest confidence, activity score, seniority & decision-maker signals, industry. CRM-ready CSV. Pay per success - failed = free"
Propwire.com [] Leads Scraper,Muhamed Didovic,https://apify.com/memo23/propwire-leads-scraper?fpr=youssef,other-lead-sources,51,308,5.0,7,"Get comprehensive property data: estimated equity, foreclosure status (auction dates/lenders), mortgage and transfer history, owner portfolios, and tax assessments. Access detailed building specs like SF and year built, plus motivated seller lead types, including pre-foreclosures and high equity"
LinkedIn Profile Posts Scraper - Bulk [NO COOKIES],Unseen User,https://apify.com/unseenuser/LinkedIn-Content?fpr=youssef,linkedin,51,292,5,4,"Scrape every post from a list of LinkedIn profiles in one bulk run. One flat row per post: text, hashtags, engagement, reaction breakdowns, media, and the original post behind every repost. Filter by exact dates. No login, no cookies. Built for competitor analysis, social listening and ABM"
"LinkedIn Jobs Scraper by URL - Listings, Salaries (No Login)",Web Data Labs,https://apify.com/cryptosignals/linkedin-jobs-scraper?fpr=youssef,linkedin,50,770,5,3,"Scrape LinkedIn job listings by search URL - extract job title, company, salary, location, skills and apply links. No login, no API key, no rate limits. Bypass anti-bot detection. CSV/JSON output. Pay per result. Proxycurl alternative for job board scraping and recruiter lead generation"
"Meta Ad Library Scraper - Facebook Ads, Days Running & Changes",WebDataLabs,https://apify.com/webdatalabs/meta-ad-library-scraper?fpr=youssef,social-leads,50,668,5,1,"Scrape Meta Ad Library by keyword and get what other scrapers skip: exact days each ad has been running, AFINN sentiment on the copy, advertiser Page likes, per-carousel-card creatives, and a new-vs-changed flag across scheduled runs. Facebook, Instagram, Messenger, Threads. 249 countries"
TikTok Music & Sound Scraper,API Dojo,https://apify.com/apidojo/tiktok-music-scraper?fpr=youssef,social-leads,50,424,4.8,8,"Scrape TikTok music data at 300 tracks/sec with 98% success - no proxy needed. Extract titles, artists, IDs, usage counts, covers & video data in real-time. Supports URL/ID input. Export JSON/CSV with full API integration. Perfect for trend tracking, viral analysis & campaigns"
Naukri Scraper,Epic Scrapers,https://apify.com/epicscrapers/naukri-scraper?fpr=youssef,jobs-hiring-signals,50,299,4.5,2,"Naukri Scraper is a fast, reliable Apify Actor that extracts detailed job listings from India’s top portal, naukri.com. Perfect for recruiters and analysts, it captures job titles, companies, salaries, experience, skills, and full descriptions using API scraping for accurate, up-to-date data"
Fresh Linkedin Profile Data,Linkedin Scrapers,https://apify.com/bestscrapers/fresh-linkedin-profile-data?fpr=youssef,linkedin,49,949,1.3,5,The **Fresh LinkedIn Profile Data Scraper** is a powerful tool designed to extract detailed profile information from public LinkedIn URLs - without the need for cookies or login
"Domain to LinkedIn URL Resolver: Batch or Single, Clay Ready",Mamba Labs,https://apify.com/mambalabs/domain-to-linkedin-url-resolver?fpr=youssef,linkedin,49,366,4.9,2,"Resolves a company domain, or a batch list of domains in one run, to LinkedIn company URLs, one row per domain, via pattern matching and web search. Every row carries resolution_method, confidence and a slug_mismatch flag, so a weak match is visible rather than silent. Flat, Clay-ready, MCP-ready"
"Reddit Scraper API - Posts, Comments & Monitoring",Thirdwatch,https://apify.com/thirdwatch/reddit-scraper?fpr=youssef,social-leads,49,346,5,1,"Scrape public Reddit posts, search, subreddits, media, and nested comments or monitor only newly observed posts. Anonymous read-only OAuth; no browser, proxy, login, cookies, or API key"
Google Maps Scraper,SolidCode,https://apify.com/solidcode/google-maps-scraper-2-5-per-1-000-results?fpr=youssef,google-maps,48,1167,4.8,10,"[ ] Scrape Google Maps search results at scale. Extract business names, addresses, phone numbers, websites, ratings, reviews count, opening hours, photos, popular times, and 30+ data points for any search query and location worldwide"
Fast YouTube Trending Scraper API | Viral Videos & Rankings,API Dojo,https://apify.com/apidojo/youtube-trending-scraper?fpr=youssef,social-leads,48,902,5,7,"Your tailor-made tool to harness the dynamic world of trending content on YouTube. This powerful tool is designed to give you an in-depth, real-time snapshot of what's capturing the world's attention. And more, its extremely cheap price at !"
Email Verify & Validate - Fastest Cheapest,DataFusionX,https://apify.com/devil_port369-owner/email-verifier?fpr=youssef,email-finders,48,859,5.0,16,"Bulk email verifier - SMTP probing, DNS/MX lookup, catch-all & disposable detection. Safe-to-send recommendations for every address. Perfect for cold outreach, CRM hygiene & lead validation. Integrates with Zapier & n8n.. Email Verify Validate"
ImmobilienScout24 ImmoScout24 Scraper [],Azzouzana,https://apify.com/azzouzana/immobilienscout-immoscout-scraper?fpr=youssef,other-lead-sources,48,462,5.0,7,"& Immobilienscout24 search results for Germany, Austria & Switzerland. Paste a search URL, filter buy/rent, export JSON, CSV or Excel with price, sqm, rooms, photos, contacts & more. DACH market analysis & leads"
Realestate [com.au & co.nz] Search By URLs and Keywords,Muhamed Didovic,https://apify.com/memo23/realestate-au-listings?fpr=youssef,other-lead-sources,48,279,5,3,"Realestate.com.au listings from official services APIs. Input: buy/rent/sold list URLs or direct property pages. Output: one row per listing with flat columns (title, price, agents, images, address) plus full listing and withIdsResponse; includes originalSearchUrl and apiRequestUrl"
G2 Software Reviews Scraper · Battlecards + Switching Data,Factden,https://apify.com/factden/g2-reviews-scraper?fpr=youssef,directories,48,220,5,7,"G2.com reviews scraper API - scrape G2 software reviews & ratings for B2B SaaS. 27 fields/review: sub-ratings, pros/cons, NPS, switched-from competitors, reviewer role & size, LLM-ready markdown. Auto-ranked competitor battlecards for competitive intelligence & win-loss"
Walmart Reviews Scraper,Billy,https://apify.com/web_wanderer/walmart-reviews-scraper?fpr=youssef,other-lead-sources,48,206,5,1,"Scrape all Walmart Reviews!, from Walmart.com & Walmart.ca. Export to any format"
"Reddit Search - Posts, Subreddits & Users (up to 10,000)",Red Crawler,https://apify.com/red_crawler/reddit-search?fpr=youssef,social-leads,48,160,5.0,4,"Search Reddit for posts, subreddits, or users with filters for sort, time, and subreddit scope. Returns up to 10,000 results per run - Reddit caps each subreddit at ~250, so search multiple subreddits (comma-separated) to go higher. No Reddit account or OAuth required"
"LinkedIn Company Scraper - Employees, Followers & Firmographics",Berkan Kaplan,https://apify.com/foxlabs/linkedin-company-scraper?fpr=youssef,linkedin,48,109,,0,"Scrape public LinkedIn company pages - no login, no cookies. Get exact employee count, followers, website domain, HQ address, description & logo as clean JSON/CSV/Excel. For B2B lead-gen, TAM sizing & firmographic enrichment"
Instagram Users scraper from any keyword - cookieless,Surge Street,https://apify.com/patient_discovery/instagram-search-users?fpr=youssef,social-leads,47,936,5.0,1,"Extract Instagram user profiles by keyword search with this cookieless, no login scraper. Get verified accounts, follower counts, engagement rates, business emails, and profile insights in JSON or CSV. Ideal for lead generation, competitor research, and scalable Instagram data extraction workflows"
Google Events | Scrape Google Events for AI Agents,John,https://apify.com/johnvc/google-events-api---access-google-events-data?fpr=youssef,other-lead-sources,47,296,5,4,"Google Events API for Claude, ChatGPT, Cursor & other MCP-ready AI agents. Scrape Google Events search results - concerts, conferences, festivals, sports, theater, virtual events - with dates, venues, ticket links & locations. Filter by date, event type, country, language. Pay per page"
TruePeopleSearch - People Search Scraper,BowTiedRaccoon,https://apify.com/jungle_synthesizer/truepeoplesearch-people-search-scraper?fpr=youssef,enrichment-verification,47,178,,0,"Scrape free US people data from TruePeopleSearch. Search by name, reverse phone or reverse address, batching many lookups per run. Results carry name, age and current city by default; switch on detailed results for phones, emails, full and past addresses, relatives and associates"
Fast YouTube Playlist Scraper API | Extract Videos & Metadata,API Dojo,https://apify.com/apidojo/youtube-playlist-scraper?fpr=youssef,social-leads,46,612,5,7,"The ultimate solution for detailed YouTube playlist information. Enjoy unmatched speed and thoroughness in both search and direct video retrieval from playlists. Additionally, it's remarkably cost-effective at !"
Google Ads Transparency Scraper,Alkausari M,https://apify.com/alkausari_mujahid/google-ads-transparency-scraper?fpr=youssef,other-lead-sources,46,386,,0,"Designed for marketers, researchers, and business intelligence teams, this efficient tool scans a provided list of websites/domains to determine which ones have ever run Google Ads - whether in the past or currently - by leveraging data from the Google Ads Transparency Center"
WhatsApp Number Validator & Checker,Michael G,https://apify.com/michael.g/whatsapp-number-validator?fpr=youssef,social-leads,46,186,5.0,2,"Bulk WhatsApp number validator and phone number checker. Check if phone numbers are registered on WhatsApp, clean contact lists, validate leads, and export structured results"
Propwire Scraper [] Real Estate Lead Extractor,Azzouzana,https://apify.com/azzouzana/propwire-com-scraper-pro-by-search-url?fpr=youssef,b2b-databases,46,99,5,2,"Only - Propwire Scraper: Export real estate leads, off-market property data & wholesale deals to CSV/JSON via Search URL. Built for real estate investors & brokers needing fast skip tracing, market analysis & B2B lead generation. Connect to CRM, API or LLM workflows"
Email Pattern Finder - Discover Company Email Formats,Ryan Clinton,https://apify.com/ryanclinton/email-pattern-finder?fpr=youssef,email-finders,45,715,1,1,"Detect the email naming convention any company uses (first.last, flast, first_last, etc.) from public sources - website, GitHub, WHOIS, and Hunter.io. Generate verified email addresses for any person. Bulk domain processing"
LinkedIn Company Profile Scraper,Maxime Dupré,https://apify.com/maximedupre/linkedin-company-scraper?fpr=youssef,linkedin,45,78,,0,"Scrape public LinkedIn company pages from URLs, slugs, or simple names. Export company facts, locations, employees, related pages, job signals, public posts, and media URLs when visible"
"Crunchbase Company API | Funding, Investors & Firmographics",John,https://apify.com/johnvc/crunchbase-company-api?fpr=youssef,b2b-databases,45,75,5,1,"Collect Crunchbase company data as clean, structured JSON. Send one or many organization URLs and get funding, investors, industries, HQ location, employee count, rank, and status. Reliable, pay per company, MCP-ready for Claude and AI agents"
Facebook Profile Scraper,Lazy Scraper,https://apify.com/lazyscraper/facebook-profile-scraper?fpr=youssef,social-leads,44,1253,2.6,8,"This tool efficiently extracts public profile data from specified Facebook accounts, including: Email addresses (if publicly listed) 、Bio、User ID、Profile URL. Key Advantage: For public profiles, it delivers accurate follower/fan counts - a critical metric most competitors fail to provide reliably"
Instagram Followers Scraper - Export Full List 2026,red,https://apify.com/instaprism/instagram-followers-scraper?fpr=youssef,social-leads,44,915,4.9,56,"PUBLIC accounts ONLY - private accounts CANNOT be scraped. No login required. Scrape followers from any public Instagram account. Get usernames, IDs, profile pics, verification status. Auto-save every 60s. Export JSON/CSV/Excel"
Glassdoor Reviews Scraper,GetDataForMe,https://apify.com/getdataforme/glassdoor-reviews-scraper?fpr=youssef,jobs-hiring-signals,44,638,4.0,6,"Extract authentic employee reviews from Glassdoor to uncover insights into company culture, compensation, and work-life balance. Supports keyword searches, handles up to 5000 reviews, and delivers structured JSON output. Perfect for HR, research, and competitive intelligence"
Email Verifier I Free To Use,Fatih Tahta,https://apify.com/fatihtahta/email-verifier-free-to-use?fpr=youssef,email-finders,44,505,5,2,"Clean your email lists with this fast, free email verifier and validator. This actor provides fast deliverability checks to slash bounce rates, protect your sender reputation, and improve marketing campaign performance"
Yelp Leads & Business Scraper + AI + Emails + Unlimited Reviews,Muhamed Didovic,https://apify.com/memo23/yelp-scraper?fpr=youssef,email-finders,44,349,5,7,"Yelp scraper with business emails - the only Yelp tool built for lead-gen. Scrape any search or business URL for name, rating, phone, website, hours, categories, price level + unlimited reviews (past the 3-review cap). Optional contact-email enrichment. Bulk JSON or CSV, pure HTTP"
Contact Details Scraper,Poidata,https://apify.com/poidata/contact-details-scraper?fpr=youssef,email-finders,44,331,,0,"Details Scraper extracts public emails, phone numbers, social profiles, company details, and named contacts from any website. Submit domains in bulk, get clean structured results, or automate enrichment with the Contact Details Scraper API"
Bluesky Posts Scraper,Lexis Solutions,https://apify.com/lexis-solutions/bluesky-posts-scraper?fpr=youssef,other-lead-sources,44,304,4.5,22,"The Apify Bluesky Posts Scraper allows a programmatic search for posts on Bluesky and the option to export to CSV, JSON, Excel, or integration with Zapier, Make, or any custom workflow"
Instagram Lookalike Search,Data Over Coffee,https://apify.com/dataovercoffee/instagram-lookalike-search?fpr=youssef,social-leads,44,222,5,3,Lookalike Instagram creators + search IG engagement stats from 150M+ influencers
Telegram Number Validator - Bulk Check,ClearPath,https://apify.com/clearpath/telegram-phone-number-validator?fpr=youssef,email-finders,43,946,5.0,2,"Bulk verify phone numbers for active Telegram accounts. Check 1,000-10,000 numbers per run. Upload CSV or Excel files, get instant yes/no results. Clean contact lists, validate leads, enrich CRM data. No Telegram account needed. Global coverage with automatic phone format normalization"
"Smart Idealista Scraper - Spain, Italy, Portugal Properties",SIÁN OÜ,https://apify.com/sian.agency/smart-idealista-scraper?fpr=youssef,other-lead-sources,43,685,4.4,9,"Idealista scraper and property data API for Spain, Italy and Portugal. Search sale and rental homes, new builds, rooms, garages, offices, land and commercial units by city, search URL, map polygon or CSV; return price, size, rooms, energy rating, year built and price history"
Advanced LinkedIn Jobs Scraper - Fast & Affordable,Practical Tools,https://apify.com/practicaltools/linkedin-jobs?fpr=youssef,linkedin,43,451,5,3,"The most affordable LinkedIn job scraper on Apify. Extract 1,000+ jobs in minutes, including full details (title, company, location, description, link). Pay-as-you-go, no cookies, no hassle"
Twitter (X) Followers Scraper | Up to 5M,Hundevmode Labs,https://apify.com/x_guru/twitter-follower-scraper?fpr=youssef,social-leads,43,381,5,3,"Scrape Twitter/X followers and following by username or user ID with fast batched output. Collect up to 5,000,000 results per target in clean dataset format for lead generation, audience research, and competitor analysis"
LinkedIn Profile Data Extractor (No Cookies Required),Swarm Garden,https://apify.com/swarmgarden/linkedin-profile-data-extractor?fpr=youssef,linkedin,43,227,5,1,"Extract LinkedIn profile and company information without cookies or login. Fast, reliable data extraction for profiles, work history, education, skills, and company details"
Luma Event Scraper,Matyáš Cimbulka,https://apify.com/matyascimbulka/luma-event-scraper?fpr=youssef,other-lead-sources,43,220,5,1,"Scrape event data from Luma, a platform for discovering and sharing events worldwide. This actor allows you to extract detailed information about events. Customize your search by selecting specific event categories and cities to target the most relevant events for your needs"
Pracuj Scraper [] - Poland's #1 Job Board,Black Falcon Data,https://apify.com/blackfalcondata/pracuj-scraper?fpr=youssef,jobs-hiring-signals,43,203,5,3,Pracuj Scraper extracts pracuj.pl listings - structured salary min/max/currency · direct-employer vs agency flag · 30+ fields per listing. Incremental mode tracks new and changed jobs across scheduled runs
Reddit Scraper,Scrape Smith,https://apify.com/scrapesmith/reddit-scraper?fpr=youssef,social-leads,43,161,5,1,"Scrape Reddit posts, comments, and user profiles without API keys or login. Extract from any subreddit, keyword search, or post URL. No rate limits"
Y Combinator Scraper,Michael G,https://apify.com/michael.g/y-combinator-scraper?fpr=youssef,email-finders,42,1615,5,35,"Extract startup leads, founder emails, LinkedIn profiles, hiring data, and more from YC companies and founders. Export scraped data, schedule via API, and integrate with other tools or AI workflows"
Instagram Profile Scraper (Cheaper),Data Doping,https://apify.com/datadoping/instagram-profile-scraper?fpr=youssef,social-leads,42,902,5,3,"For extract full Instagram profile data, including public email, followers, following, bio, posts, channels, and external links - with full API support, scheduling, and easy export options. Note: Free tier users can only scrape 100 profiles in total"
"Monster Job Scraper - 1M+ US Listings, Salary & Remote",Black Falcon Data,https://apify.com/blackfalcondata/monster-scraper?fpr=youssef,jobs-hiring-signals,42,248,5,1,"Scrape monster.com - one of the largest U.S. job boards with 1M+ listings. Geo-tagged locations, remote work detection, and job change monitoring. Incremental mode detects new and changed listings. Scheduled runs return only what changed since the previous run"
Free Email Domain Scraper - Extract Emails From Any Website,SR,https://apify.com/s-r/free-email-domain-scraper?fpr=youssef,email-finders,41,1826,5.0,2,"Extract Emails From Any Website. No monthly costs. Contact discovery, employing a two-pass search strategy, advanced filtering (remove generic and malformed emails), cookie-session and proxy-exit rotation, and configurable limits per domain. Ideal for lead generation and market research"
Telegram Username Checker,akula.marketing,https://apify.com/akula.marketing/Telegram-Get-Username-Info?fpr=youssef,social-leads,41,1730,5,5,"Verify Telegram usernames in bulk. Check existence, user vs channel type, subscriber count, title, bio, and profile photo"
Zillow Scrape: Address/URL/ZPID,ONE API,https://apify.com/one-api/zillow-scrape-address-url-zpid?fpr=youssef,other-lead-sources,41,479,1,1,Get Zestimates from the property address/zpid/url. Each row gets scraped in less than 1 second !
"Google Maps Scraper API - Emails, Reviews, Photos & Leads",Raven,https://apify.com/pro100chok/google-maps-scraper?fpr=youssef,google-maps,41,182,5,1,"Google Maps scraper and Google Places API alternative: extract business names, phones, websites, hours, ratings and reviews - plus emails and 7 social profiles pulled from each place's website. Bypass Google's 120-place limit. Export JSON, CSV, Excel., no API key"
Enrich Google Maps Dataset with Contacts,Compass,https://apify.com/compass/enrich-google-maps-dataset-with-contacts?fpr=youssef,google-maps,40,1865,3.1,9,"Enrich Google Maps Dataset with Contacts. Scrape websites of Google Maps places for contact details and get email addresses, website, location, address, zipcode, phone number, social media links. Export scraped data, run the scraper via API, schedule and monitor runs or integrate with other tools"
Fast Twitter List Scraper API | Extract Tweets & Members,API Dojo,https://apify.com/apidojo/twitter-list-scraper?fpr=youssef,social-leads,40,1083,5,9,"Discover the Twitter (X) List Scraper you've been looking for! Find the ultimate tool for extracting Tweets List from X / Twitter! It offers unparalleled speed and comprehensiveness, ensuring lightning-fast extraction of Tweets"
Facebook Group Members Scraper,EasyApi,https://apify.com/easyapi/facebook-group-members-scraper?fpr=youssef,social-leads,40,850,2.1,7,"Extract Facebook group members' data including profile information, contribution scores, and membership details. Perfect for social media analysis, community insights, and member engagement tracking"
ThomasNet Suppliers Real-Time Scraper (2026),Zen Studio,https://apify.com/zen-studio/thomasnet-suppliers-scraper?fpr=youssef,email-finders,40,496,4.5,4,"Extract 70+ ThomasNet supplier fields: emails, phone numbers, company data, products, locations, certifications and more. Build supplier shortlists, generate B2B leads, or analyze industrial markets. No Login needed! Thousands of results in seconds"
Realtor Agent Leads Scraper,Brave Leads,https://apify.com/braveleads/realtor-real-estate-agent-leads-scraper?fpr=youssef,email-finders,40,469,5.0,36,Affordable way to pull real estate agents from Realtor.com with emails and phone number just like from apollo linkedin and other sources
"Jobs Board Scraper: Indeed, Reed, Adzuna, RemoteOK & More",Doggo,https://apify.com/doggo/uk-jobs-board-scraper?fpr=youssef,jobs-hiring-signals,40,402,5.0,2,"Scrape job listings from Indeed, Reed, Totaljobs, CV-Library, Adzuna, RemoteOK, Arbeitnow and more across the UK, US and Europe. Export title, company, location, salary, description and apply URL. Filter by keyword and location. CSV, JSON, Excel"
Naver Map Search Results Scraper,Zebu Data,https://apify.com/delicious_zebu/naver-map-search-results-scraper?fpr=youssef,email-finders,40,364,4.9,42,"Scrape Naver Map business listings by keyword or URL: names, categories, ratings, reviews, phone numbers, addresses, coordinates, hours, menus and more. A fast, no-code Naver Place API alternative"
SimilarWeb Scraper,Ecomdate Tech,https://apify.com/ecomdate/similarweb-scraper?fpr=youssef,enrichment-verification,40,232,4.8,3,"Scrape SimilarWeb website analytics in bulk, including traffic, rankings, categories, top countries, screenshots, tags, and similar sites. Ideal for SEO research, competitor analysis, and lead scoring. Supports pay-per-event pricing and large domain lists"
LinkedIn Posts Scraper,Khadin Akbar,https://apify.com/khadinakbar/linkedin-posts-scraper?fpr=youssef,linkedin,40,94,,0,"Scrape public LinkedIn posts from keyword searches, company feeds, and exact post URLs. Returns post text, author, engagement, media, comments preview, provider provenance, and run summaries. Charged. MCP/API-ready"
"Google Jobs Scraper [] Apply Links, Salary & Emails",Muhamed Didovic,https://apify.com/memo23/google-jobs-scraper?fpr=youssef,email-finders,40,87,5,1,"Scrape Google's jobs vertical (udm=8) - the feed Google aggregates from LinkedIn, Indeed, Glassdoor, ZipRecruiter, Monster, Dice, Workday and career sites. Returns title, company, location, source, posted date, salary and EVERY syndicated apply link. Keyword x location fan-out, employer emails"
"Multi Job Board Scraper: LinkedIn, Indeed, Glassdoor + Dedup",Flash Scrape,https://apify.com/flash_scraper/multi-jobboard-scraper?fpr=youssef,linkedin,40,82,5.0,3,"Multi job board scraper and job board aggregator: one search across LinkedIn, Indeed, Glassdoor, The Muse and 8 keyless boards, deduplicated to one row per role. New jobs alert and job monitoring on a schedule; ATS job scraper for Greenhouse, Lever, Ashby. Multi source job scraper, no API key"
LinkedIn Company Details Scraper NO COOKIES,Atomus APIs,https://apify.com/atomus/linkedin-company-scraper?fpr=youssef,linkedin,40,80,5,3,"Enrich LinkedIn company URLs or domains into structured firmographic records: industry, employee count, revenue band, funding rounds, HQ, and full tech stack. Submit up to 5,000 inputs per run, one record each. Pay only for companies found; not-found and errors are free. No login needed"
Yelp Reviews Scraper,Zebu Data,https://apify.com/delicious_zebu/yelp-reviews-scraper?fpr=youssef,directories,39,492,4.7,33,"Effortlessly scrape Yelp business and review details, including ratings, reviewer insights, media, and more. Customize your queries and extract rich data with ease for analytics or research"
"Instagram Engagers | Likes & Comments | No Login, No Cookies",Scraping Solutions,https://apify.com/scraping_solutions/instagram-engagers-likes-and-comments-no-cookies?fpr=youssef,social-leads,39,491,4.2,4,"Extract public Instagram likes or comments from multiple posts and Reels without login or cookies. Export structured engager profiles and comment data to JSON, CSV, or Excel for audience research, campaign analysis, lead generation, and automation"
"SimilarWeb Website Scraper: Bulk Traffic, WHOIS & Rankings",Sourabh Kumar,https://apify.com/sourabhbgp/similarweb-scraper?fpr=youssef,enrichment-verification,39,263,5,1,"Bulk scrape SimilarWeb traffic analytics for any domain: global, country and category rankings, 3 months of visits, bounce rate, the full traffic source split, top keywords with search volume and CPC, and AI chatbot referrals. Plus WHOIS and 1-to-5-word keyword density"
es Real Estate Scraper,Azzouzana,https://apify.com/azzouzana/fotocasa-es-search-results-scraper-by-search-url-ppr?fpr=youssef,email-finders,39,210,2.3,4,"Fast -: Extract comprehensive property listings from Fotocasa.es search pages effortlessly. Get full details including pricing, square meters, features, and contact info via API/JSON/CSV/Excel. Bring your search URL and you're good to go. AI agents ready, start now"
Upwork Search Job(s) Scraper (No Cookies) (Richest output),Muhamed Didovic,https://apify.com/memo23/upwork-jobs-scraper?fpr=youssef,jobs-hiring-signals,39,140,4.6,2,"Extract detailed Upwork job listings with our scraper. Get job descriptions, budgets, required skills, client history, and engagement terms in a structured format. Perfect for market research and competitive analysis"
Local Lead Generation Agent,Apify,https://apify.com/apify/local-lead-generation-agent?fpr=youssef,email-finders,38,1540,4.3,3,"Find truly local leads by scraping Instagram profiles based on search queries. Extract website links, contact details, emails, social media details. The AI agent matches and scores leads using LLMs via LangChain, explains scoring, and compiles the data into a common dataset for easy access and use"
ImmoScout24 ImmobilienScout24 Scraper (API) Pro - 50+ Felder,ClearPath,https://apify.com/clearpath/immoscout24-api-pro?fpr=youssef,social-leads,38,232,,0,"Über 1.000 ImmoScout24-Inserate pro Minute mit 50+ Datenfeldern: Maklerkontakte, Telefonnummern, Preise, Investment- & Energiedaten, Grundrisse & Bilder. Wohnungen, Häuser & Gewerbe zum Mieten und Kaufen, deutschlandweit. Monitor-Modus mit Telegram-Alerts. Export als CSV, JSON oder Excel"
"Justdial Business Scraper - Phone, Email, Address & Leads",Muhamed Didovic,https://apify.com/memo23/justdial-business-scraper?fpr=youssef,email-finders,38,195,5,1,"Scrape Justdial business listings - name, decoded phone, WhatsApp, email, full address, GPS, rating, reviews, category, working hours, year & turnover. Search by category + city, or paste listing/business URLs. Auto-handles Justdial's block. JSON, CSV or Excel out"
"LinkedIn Post Search Scraper | Keywords, Hashtags & Profiles",SilentFlow,https://apify.com/silentflow/linkedin-posts-scraper-ppr?fpr=youssef,linkedin,38,181,,0,"Search LinkedIn posts by keyword or hashtag and export the full text, author, reactions, comments, images and posting date. Also works from a profile or a company page, or from exact post links you already have. No login and no cookies needed, in any language LinkedIn publishes and country"
LinkedIn Job Scraper [] - No Login or Cookies,Black Falcon Data,https://apify.com/blackfalcondata/linkedin-job-scraper?fpr=youssef,linkedin,38,156,5,1,LinkedIn job scraper that needs no login or cookies - and the cheapest on the Store. Scrape linkedin.com postings with salary · skills & employer data (size · website · industry). Incremental mode skips jobs you already have
Subito.it Universal Scraper,Azzouzana,https://apify.com/azzouzana/subito-scraper-pro-by-search-url?fpr=youssef,b2b-databases,38,95,5,2,"API to export Italian real estate, used cars, jobs & marketplace listings to CSV/JSON via Search URL. Extract product data, prices, images & seller details across Italy. Built for market analysis, property investors & dealerships needing fast B2B data extraction"
LinkedIn Company Scraper,Crawlworks,https://apify.com/crawlworks/linkedin-company-scraper?fpr=youssef,linkedin,38,74,5,1,"Scrape LinkedIn company profiles in bulk. No cookies or login required. Input a list of company URLs and get structured data: name, industry, employee count, headquarters, website, type, specialities, size, founded year, tagline, and office addresses"
Facebook Pages Details,Jan Danecki,https://apify.com/danek/facebook-pages-details-rental?fpr=youssef,social-leads,37,696,5,1,Scrap Facebook pages fast and easy. Extract all contact information and other details in no-time!
TikTok Comment (Replies) Scraper,xtdata,https://apify.com/xtdata/tiktok-comment-scraper?fpr=youssef,social-leads,37,589,5,4,"TikTok Comment Scraper: Fasest and Stablest. Retrieve TikTok comments, replies with speed and efficiency. No Proxy Needed"
"Contact Details Scraper - Emails, Phones & 14 Socials",Rémi Pelloux,https://apify.com/rp_openpro.ai/contact-details-scraper?fpr=youssef,email-finders,37,304,5,1,"Email extractor and website contact scraper. Emails, phones, WhatsApp, LinkedIn & 14 socials from any website. MX + lead score.. No add-ons"
Linkedin Open Profile Status,Linkedin Scrapers,https://apify.com/bestscrapers/linkedin-open-profile-status?fpr=youssef,linkedin,36,588,3,1,"The **Linkedin Open Profile Status** is a powerful tool designed to accurately detect whether a profile's open status (i.e., can receive InMail) is true or false"
"Linktree, Beacons & Bio Email Scraper: Extract Leads",Ahmed Jasarevic,https://apify.com/ahmed_jasarevic/linktree-beacons-bio-email-scraper-extract-leads?fpr=youssef,email-finders,36,258,5.0,3,"Turn Linktree, Beacons and Bio URLs into real Email Leads. Scrape contact info, social handles, and affiliate links from Linktree, Beacons and influencers profiles automatically"
Y Combinator · YC · · Jobs & Companies scraper,Muhamed Didovic,https://apify.com/memo23/y-combinator-scraper?fpr=youssef,jobs-hiring-signals,36,235,4.6,2,"for Y Combinator jobs (Work at a Startup) and companies (Startup Directory). Paste any YC URL - auto-routed - or use filters. Companies via Algolia: no proxy, clean schema. Optional founder enrichment: LinkedIn/Twitter URLs, company socials, open jobs. Full batch history to 2005"
Jobs.ch Scraper - Swiss Job Board Data Extraction,NanoScrape,https://apify.com/santamaria-automations/jobs-ch-scraper?fpr=youssef,jobs-hiring-signals,36,184,4.7,3,"Scrapes job listings from jobs.ch, Switzerland's largest job board powered by JobCloud"
Email Verifier & Validator|0.85$/1k - Bulk Email No API,Mohammad Palekar,https://apify.com/blessiticus/email-verifier-pro?fpr=youssef,email-finders,36,133,5,8,"Verify email addresses in bulk with real SMTP checks. Detect disposable, role-based, and catch-all emails. CSV upload, live progress, smart retries. Cheapest full-SMTP verifier on the Store. No API key required!"
LinkedIn Company Scraper - Exact Employee Count,Vitalii Bondarev,https://apify.com/bovi/linkedin-company-scraper?fpr=youssef,linkedin,36,77,,0,"Scrape LinkedIn public company pages: exact employee count, company type, size range, specialties, tagline, industry, HQ, website, founded year, funding rounds + investors, and featured employees. No login required. parse_confidence on every row"
Google Local Services API | Local Services Ads & Lead Gen,John,https://apify.com/johnvc/google-local-services-api?fpr=youssef,email-finders,36,66,5.0,1,"Search Google Local Services Ads: Google Guaranteed and Google Screened home-service pros with ratings, reviews, and phone numbers as clean JSON. Built for local SEO agencies, home-services lead gen, and competitor tracking. Pay per business returned. MCP-ready for Claude and AI agents"
Social Media Leads Analyzer,Apify,https://apify.com/apify/social-media-leads-analyzer?fpr=youssef,email-finders,35,1411,4.6,6,"Add a website and extract emails, phone numbers, and social media details. Use this lead scraper to extract basic social media profile data from 8 platforms. Export results in JSON, CSV, HTML, use APIs, schedule runs, build integrations, and more"
Instagram Email Bulk Scraper,exporter24,https://apify.com/exporter24/instagram-email-bulk-scraper?fpr=youssef,email-finders,35,862,3.6,2,Extract the email address of given instagram creators in bulk
Crunchbase Companies Bulk Scraper No Cookies,Pratik Dani,https://apify.com/pratikdani/crunchbase-companies-bulk-scraper-no-cookies?fpr=youssef,b2b-databases,35,586,1,3,"The Crunchbase Companies Overview Actor is a powerful tool that extracts comprehensive company information from Crunchbase URLs. It provides detailed insights about companies including their basic information, financial data, social presence, web traffic statistics, and technological stack"
Instagram Email Scraper,exporter24,https://apify.com/exporter24/instagram-email-scraper?fpr=youssef,email-finders,35,585,3.0,3,Extract the email address of given instagram profile link
Product Hunt Scraper with Founders & Emails,Fatih Tahta,https://apify.com/fatihtahta/product-hunt-scraper-fast-reliable-4-1k?fpr=youssef,email-finders,35,478,4.2,8,"Extract structured Product Hunt launches with founders, emails, votes, comments, topics, websites, social media and more. Built for enterprise-grade startup intelligence, founder discovery, market analysis, and automated lead enrichment or analytics pipelines"
OnlyFans Discovery Scraper,DeepMine,https://apify.com/deepmine/onlyfans-discovery-scraper?fpr=youssef,social-leads,35,460,5,2,"Discover and collect OnlyFans model profiles by keyword or niche. Export creator data and engagement statistics: pricing, likes, photo and video counts, plus social media links to Instagram, TikTok, X and Fansly"
Gumtree [AUS-UK-NZ-SA] Search By URL or Keywords,Muhamed Didovic,https://apify.com/memo23/gumtree-cheerio?fpr=youssef,other-lead-sources,35,233,5,9,"extract detailed listings including pricing history, seller info, vehicle specs (VIN, mileage, condition), electronics details, and furniture dimensions. Get rich media (images, videos), location data, and competitor analysis"
TikTok Profile Scraper,Automation Lab,https://apify.com/automation-lab/tiktok-profile-scraper?fpr=youssef,social-leads,35,230,5,1,"Scrape TikTok user profiles to get follower counts, total likes, bio, verification status, and engagement statistics. Just paste usernames or profile URLs - no login or browser needed. Fast HTTP-only extraction. Ideal for influencer research and social media audits"
LinkedIn Profile Comments & Reactions Scraper No Cookies,Scraping Solutions,https://apify.com/scraping_solutions/linkedin-profile-comments-reactions-scraper-no-cookies?fpr=youssef,linkedin,35,217,,0,"Extract comments and reactions from LinkedIn profiles with structured, deduplicated data. Supports multiple users, date and filtering. Ideal for analytics, lead generation, and engagement tracking"
LinkedIn Post Reactions Scraper NO COOKIES,Atomus APIs,https://apify.com/atomus/linkedin-reactions-scraper-pro?fpr=youssef,linkedin,35,200,4.7,4,"Scrape LinkedIn post reactions to see who reacted: name, headline, profile URL, reaction type (like, celebrate, support, love, insightful, funny), and timestamp. No LinkedIn account or cookies needed. Auto-paginates the full reactions list and handles up to 1,000 posts per run"
Instagram Comment Scraper,FlowExtract API,https://apify.com/dz_omar/instagram-comment-scraper?fpr=youssef,social-leads,35,170,5,2,"Instagram Comment Extract top-level comments from public Instagram Reels for free no login required. Get commenter usernames, text, likes, and timestamps, with pagination and a per-URL comment limit"
"Creator Leads Scraper: YouTube TikTok Creator Emails, Instagram",Flash Scrape,https://apify.com/flash_scraper/creator-leads-scraper?fpr=youssef,email-finders,35,58,5.0,2,"Creator leads scraper, creator email finder, influencer email finder and influencer email scraper for TikTok, Instagram and YouTube in one run: TikTok creator emails, YouTube creator emails, Instagram influencer leads, TikTok leads - one row per creator with followers, business email, lead score"
Email Extractor,Gordian,https://apify.com/gordian/email-extractor?fpr=youssef,email-finders,34,957,1.1,3,Find and extract email addresses from any website in seconds. This actor will crawl entire websites and return all emails after validation. Easy to use and extremely fast
Facebook Comments PPR,Jan Danecki,https://apify.com/danek/facebook-comments-ppr?fpr=youssef,social-leads,34,935,4.0,4,"Scrap Facebook comments fast and easy. It is designed to be fast and efficient, so it can extract a large number of comments for low price. It is also less likely to be blocked by Facebook"
Website Tech Stack Scanner | Website Technology Detector,Khan,https://apify.com/misterkhan/website-tech-stack-scanner?fpr=youssef,enrichment-verification,34,476,5,3,"Scan any website to detect 7,000+ technologies, from CMSs, analytics, and marketing pixels to JS frameworks, CDNs, and hosting. Use it for market research, lead enrichment, and competitor tech profiling at scale"
[NO COOKIES] LinkedIn Search Posts Scraper,Scary Good APIs,https://apify.com/scary_good_apis/linkedin-search-posts?fpr=youssef,linkedin,34,410,4.9,2,Easily and quickly search LinkedIn for posts matching your exact keywords and filters without needing to risk your own LinkedIn account or using your cookies
"Bayt Jobs Scraper - MENA Salaries, Emails & 49 Filters",Muhamed Didovic,https://apify.com/memo23/bayt-scraper?fpr=youssef,email-finders,34,154,5,6,"Scrape Bayt.com - the Middle East's largest job board - across UAE, Saudi Arabia, Qatar, Egypt and more. Search by keyword, location, industry, career level or salary with 49 filters. Structured salaries, recruiter emails and phones, incremental runs and Slack/Telegram alerts"
X Engagement Scraper | Pay-Per-Result,Xquik,https://apify.com/xquik/x-engagement-scraper?fpr=youssef,social-leads,34,61,5,1,"Scrape X (Twitter) replies, quotes, retweeters, and threads on every Apify plan. Process post URLs or IDs in bulk. No X login. Built by Xquik. World's fastest & cheapest X (Twitter) scraper service. Not affiliated with X Corp"
"B2B Sales Triggers - Hiring Surge, Funding, Press, Exec Changes",Seibs.co,https://apify.com/seibs.co/b2b-sales-triggers?fpr=youssef,b2b-databases,34,58,,0,"B2B intent data aggregator. For a list of target companies, computes: hiring surge (LinkedIn delta), funding rounds, press mentions, executive changes, tech stack adoption, recent patent filings, customer mentions. Composite trigger score per company. For SDR teams"
LinkedIn Company Posts Scraper,Khadin Akbar,https://apify.com/khadinakbar/linkedin-company-posts-scraper?fpr=youssef,linkedin,34,49,,0,Scrape public LinkedIn company posts without user cookies. Uses ScrapeCreators as the primary provider and SociaVault as fallback/enrichment for company profile and post details. MCP/API-ready
Google Maps Email Extractor,Poidata,https://apify.com/poidata/google-maps-email-extractor?fpr=youssef,google-maps,33,2498,1.9,11,"Quickly collect all business details, including emails, phone numbers, and social media links from Google Maps listings and their websites. Export data as JSON or CSV. Run via API, schedule runs, or integrate with your tools"
Facebook Search Scraper,Sachin Kumar Yadav,https://apify.com/igview-owner/facebook-old-posts-search?fpr=youssef,social-leads,33,850,4.8,3,"Search Facebook posts in seconds. Find viral posts, photos and videos by keyword, date range and engagement - perfect for research, content ideas, brand monitoring and sentiment analysis"
Leboncoin Scraper Ppe,SilentFlow,https://apify.com/silentflow/leboncoin-scraper-ppr?fpr=youssef,email-finders,33,433,5,2,"Scrape Leboncoin classified ads with pay-per-result pricing. Extract prices, full descriptions, seller phone numbers and GPS coordinates from France's largest marketplace. Covers real estate, cars, jobs, fashion and electronics. Pay only for ads successfully scraped, residential proxies included"
Exhibitor List Scraper - All-In-One,Skython,https://apify.com/skython/exhibitor-list-scraper?fpr=youssef,directories,33,384,5,5,"Trade Show and Exhibitor Directory Scraper - Extract exhibitor lists from 20+ trade show platforms - Map Your Show, Koelnmesse, Messe Frankfurt, Messe Düsseldorf, Xporience, Nürnberg Messe, Reed Expo, Messe Berlin, Messe Stuttgart, and more. Collect company details, social links and contact persons"
Immoweb.be Scraper Estate API,Azzouzana,https://apify.com/azzouzana/immoweb-be-mass-scraper-by-search-url?fpr=youssef,other-lead-sources,33,315,5.0,4,"be Scraper | PropTech Data extraction via search URL. Scrape: price, sqm, rooms, bedrooms, charges, construction year, balcony, garage, photos, contacts & much more! Export JSON, CSV, Excel. Cost-effective tool for real estate market analysis in Belgium"
Google Ads Transparency Scraper - Spy on Competitor Ads,Anas Nadeem,https://apify.com/whoareyouanas/google-ads-transparency-scraper?fpr=youssef,social-leads,33,192,5,1,"Scrape Google's Ad Transparency Center for any advertiser - full ad copy, formats, run dates, landing pages, YouTube creatives - into clean CSV/JSON. Skip the and SEMrush bills. Just type a brand name and auto-finds the advertiser and extracts all ad creatives"
LinkedIn Scraper,Arben Sabani,https://apify.com/sabania/linkedin-scraper?fpr=youssef,linkedin,33,145,,0,"All-in-one LinkedIn scraper: profiles, jobs, posts, and companies. No cookies, no login required. Rich data: experience, skills, job descriptions, salary, reactions. Chrome TLS fingerprint + residential proxy. Lightweight HTTP-only, 256MB"
Bizquest [] Scraper · Emails,Muhamed Didovic,https://apify.com/memo23/bizquest-scraper?fpr=youssef,email-finders,33,116,5,2,"asset sales & franchises from search or detail URLs: title, URL, asking price, location, industry, cash flow, EBITDA, gross income, inventory, employees, years operating, address, summary, broker contact, facilities, financing, flags nested details + raw API fields"
Hiring Cafe Jobs Scraper,Azzouzana,https://apify.com/azzouzana/hiring-cafe-scraper?fpr=youssef,jobs-hiring-signals,33,93,5,3,"Fast & simple! Paste your Hiring Cafe search URL -> get thousands of jobs in seconds! Title, company, location, salary, description, apply link, requirements & much more! 120+ datapoints per job! Export to JSON, CSV, Excel or API. Grab your search URLs and you're good to go"
LinkedIn Company Employees Scraper NO COOKIES,Atomus APIs,https://apify.com/atomus/linkedin-company-employees?fpr=youssef,linkedin,33,62,5.0,3,"Get a company's employees as rich profiles from a LinkedIn URL or domain: work history, education, skills, certifications, badges, plus company firmographics. Filter by title, seniority, location and 557 specific job functions, not just 35 broad departments. Optional verified email. Pay per result"
X User Search Scraper | Pay-Per-Result,Xquik,https://apify.com/xquik/x-user-search-scraper?fpr=youssef,social-leads,33,54,5,1,"Search X (Twitter) users by handle, bio, and location on every Apify plan. Use follower, verification, age, and location filters. No X login. World's fastest & cheapest X (Twitter) scraper service. Not affiliated with X Corp"
Craigslist Scraper,Gen First,https://apify.com/ivanvs/craigslist-scraper?fpr=youssef,jobs-hiring-signals,32,1066,5,1,"Extract data from classified advertisements on Craigslist. Scrape details from jobs, housing, items wanted, items for sale, services, community service, gigs, events and resumes listed on Craigslist. Download listings data in JSON, XML, Excel, and other versatile"
Tiktok Profile Scraper,karamelo,https://apify.com/karamelo/tiktok-profile-scraper?fpr=youssef,social-leads,32,892,2.5,2,"Extract 1000s of TikTok profile scraper data in minutes! from a list of usernames or URLs. Get TikTok profile followers count, following count, likes hearts count, bio, video count, and much more data. Export TikTok profile to JSON, CSV, Excel, XML... Automate your TikTok analysis!"
Sherlock Scraper,Crawler Bros,https://apify.com/crawlerbros/sherlock-scraper?fpr=youssef,enrichment-verification,32,882,5,1,Search for usernames across 400+ social networks and websites. Find all social media accounts linked to a username using the Sherlock OSINT tool
Twitter (X) Scraper post (timeline / # / search / replies),Scraping Solutions,https://apify.com/scraping_solutions/twitter-x-scraper-post-timeline-search-replies?fpr=youssef,social-leads,32,551,,0,"X (Twitter) Scraper - Collect posts, timelines, hashtags, searches & replies with ease. Extract text, links & engagement, capture threads, and export to CSV/JSON. Perfect for market research, sentiment analysis & trend tracking"
Instagram Followers Scraper,Andrey Afanasenko,https://apify.com/afanasenko/instagram-followers-scraper?fpr=youssef,social-leads,32,394,,0,"Scrape Instagram followers and following lists from any public account. Every profile returns emails, bio links, engagement rate, business category and language - 20+ fields, with 12 filters to keep only the accounts you want. No login needed. Export to CSV, JSON or Excel"
Scout - Lead Enrichment + OSINT,Logical Vivacity,https://apify.com/logical_vivacity/scout?fpr=youssef,enrichment-verification,32,329,,0,"Email finder + lead enrichment + OSINT from public sources. Pass any fragment - name, email, or domain - get a verified dossier: 700+ identity sites, SMTP-validated emails, document mining, sanctions screen, domain→team discovery., domain. No API keys"
Instagram Following - No Cookies Required,DataFusionX,https://apify.com/devil_port369-owner/instagram-following?fpr=youssef,social-leads,32,321,5,3,"The Instagram Following Scraper extracts following profile data from a public Instagram account. Ideal for influencer marketing, audience analysis, and business intelligence. Safe API rates ensure account protection while providing valuable insights"
LinkedIn Scraper,Jamshaid Arif,https://apify.com/moving_beacon-owner1/linkedin-scraper?fpr=youssef,linkedin,32,72,,0,"This Apify actor scrapes LinkedIn public pages in five modes: - Job results (title, company, location, date, URLs) - Full job posting details (description, seniority, type) - Public profile JSON (name, headline, experience, education, skills) - LinkedIn Pulse article body and metadata"
"LinkedIn Company Scraper | 12 Fields, No Login or Cookies",The Mine Works,https://apify.com/themineworks/linkedin-company-details?fpr=youssef,linkedin,32,50,,0,"Scrape public LinkedIn company pages with no login or cookies. Get name, industry, size, HQ, founded, website, followers, specialties.. MCP ready"
All-in-One Social Media Phone Number Scraper,EasyApi,https://apify.com/easyapi/all-in-one-social-media-phone-number-scraper?fpr=youssef,email-finders,31,963,5.0,3,"Discover phone numbers across 30+ social platforms! Extract contact info from Facebook, Twitter, LinkedIn, and more. Perfect for lead gen, influencer outreach, and market research. Fast, efficient, and proxy-enabled. Boost your networking and marketing efforts today!"
Twitter (X) Email Scraper | No Login Needed,Hundevmode Labs,https://apify.com/x_guru/twitter-email-scraper?fpr=youssef,email-finders,31,547,5.0,4,"Twitter email scraper | Extract verified emails from Twitter profiles - ultra-fast, no login or API keys required. Fast & reliable Verified business emails only Works without login or auth Up to 1,000,000 results per run"
Google Maps Scraper,Imad,https://apify.com/damilo/google-maps-scraper?fpr=youssef,google-maps,31,415,4.9,5,"Scrape business listings from Google Maps by keyword and location. Extract names, addresses, phone numbers, websites, ratings, coordinates, and more - perfect for lead generation, local SEO, and competitor research"
TikTok Ads Scraper,Data Xplorer,https://apify.com/data_xplorer/tiktok-ads-scraper?fpr=youssef,social-leads,31,348,5,2,"THE MOST COMPLETE AND CHEAPEST TIKTOK ADS SCRAPER. Two modes: Ads Library (EU transparency, targeting, spend) + Top Ads (Creative Center, engagement metrics, 80+ countries). Search by keyword, advertiser, and industry. Extract videos, performance data, and creative assets"
Dubizzle Real Estate & Cars Search & Detail & Brokers,Muhamed Didovic,https://apify.com/memo23/dubizzle-search-listing-s-scraper?fpr=youssef,other-lead-sources,31,218,4.5,3,"get instant access to comprehensive Dubai property data, extract detailed listings including prices, amenities, agent contacts, high-res photos, and location coordinates. Perfect for real estate professionals and investors seeking market insights and lead generation"
"Reddit Scraper - Posts, Comments, Search, AI Answers, MCP, AI",Pika Choo,https://apify.com/openclawai/reddit-scraper?fpr=youssef,social-leads,31,214,4.9,8,"The only Reddit scraper with AI Answers + TLS fingerprinting. Scrape posts, comments, search results & subreddits. No API key, no login. AI-ready JSON output. 6 actions in 1 Actor. Browser-grade anti-detection. Parallel comment fetching"
LinkedIn Hiring Posts Scraper,Hamza,https://apify.com/apt_marble/linkedin-hiring-posts-scraper?fpr=youssef,linkedin,31,205,,0,"Find companies actively hiring from public LinkedIn posts Extract recruiter names, hiring roles, companies, locations, post URLs, and fresh hiring intent data by keyword, industry, or location - no LinkedIn login or cookies required"
"Pige Immo FR: 20 Portals, Address + Price Tracking",Walid,https://apify.com/dltik/pige-immo-fr-scraper?fpr=youssef,other-lead-sources,31,165,5,3,"Scrape 20 French real estate portals in one run: Leboncoin, SeLoger, PAP, iad, Orpi, Century 21, Foncia, Capifrance, SAFTI and more. Resolve the exact address of anonymized listings, track price drops and days on market, flag under-priced sellers. For agents, pige and CRM prospecting"
"LinkedIn Decision Makers Scraper - CEOs, Founders & Executives",Hamza,https://apify.com/apt_marble/linkedin-decision-makers-scraper-ceos-founders-executives?fpr=youssef,linkedin,31,163,5,1,"Find CEOs, founders, CTOs, recruiters, and other decision makers from public LinkedIn profiles using - no LinkedIn login or cookies required"
Immowelt.de [] Agents & Search By Url or Keywords,Muhamed Didovic,https://apify.com/memo23/immowelt-scraper?fpr=youssef,other-lead-sources,31,91,5.0,4,"Extract vehicle data from AutoScout24 for. Scrape comprehensive car listings with specs (HP, mileage, fuel type, transmission), EUR pricing, seller details, high-quality images, and full descriptions. Fast GraphQL-based extraction from Europe's largest car marketplace"
LinkedIn Profile Scraper + Email No Cookies,Leadsman,https://apify.com/leadsman/linkedin-profile-scraper?fpr=youssef,email-finders,31,87,5,6,"Extract detailed information from LinkedIn profiles in bulk, including complete work experience, education history, skills and more. No cookies or account required"
Linkedin Company Details Scraper,Hamza,https://apify.com/apt_marble/linkedin-company-details?fpr=youssef,linkedin,31,61,5,1,"Extract detailed data from LinkedIn company profiles at scale - including company name, LinkedIn URL, website, industry, headquarters, company size, employee count, founded year, specialties, follower count, description, phone numbers, addresses, and more"
LinkedIn Company Posts Scraper No Login Required,VulnV,https://apify.com/vulnv/linkedin-company-posts?fpr=youssef,linkedin,31,58,,0,"Collect all posts published by any public LinkedIn company page - post text, engagement metrics, media, and author details. Just provide company slugs or URLs. No login or cookies required"
Handshake Jobs Scraper,Muhamed Didovic,https://apify.com/memo23/handshake-jobs-scraper?fpr=youssef,jobs-hiring-signals,31,44,,0,"Scrape public Handshake jobs and internships: employer, salary range, location, dates, role taxonomy and the full description. Search by city and role, or paste any listing or job URL. Every row carries the employer's own careers domain. No login and no student account needed"
Facebook Search - Legacy,Jan Danecki,https://apify.com/danek/facebook-search-rental?fpr=youssef,social-leads,30,1699,4.6,6,Please migrate into https://apify.com/danek/facebook-search-ppr
Shopify Lead Scraper with 1M+ Email Database,Miso,https://apify.com/xmiso_scrapers/shopify-shops-email-leads-scraper?fpr=youssef,email-finders,30,1462,4.2,11,scrape shopify powered shops for ecommerce email leads from merchantgenius and own scraped sources
FB Pages Scraper,Dev with Bobby,https://apify.com/devwithbobby/fb-profile-scraper?fpr=youssef,social-leads,30,1062,,0,"Reliable public Facebook Page scraper with quality-gated results, selective rescue, and controlled diagnostics. Personal profiles are best-effort"
Linkedin Jobs Scraper,Pika Choo,https://apify.com/openclawai/linkedin-jobs-scraper?fpr=youssef,linkedin,30,437,5,2,"Scrape LinkedIn jobs - Search by keyword, location, company, salary, posted-date, remote, easy-apply. Full descriptions, salary range, direct apply URLs. Multi-keyword search, auto-deduplication, pay only for results. No API key"
Indeed Jobs Scraper,Orgupdate,https://apify.com/orgupdate/indeed-jobs-scraper?fpr=youssef,jobs-hiring-signals,30,390,,0,"The latest and most advanced Indeed Job Scraper. Our Indeed Jobs Scraper extracts real-time job postings at scale from all over the world. A new research tool built for recruitment, insights and HR"
"iHerb Scraper: Search, Products, Reviews & Monitor",Sage,https://apify.com/vaunted/iherb-scraper?fpr=youssef,other-lead-sources,30,232,,0,"The ultimate iHerb API. Supports 4 modes: Search, Product Details, Reviews, and Real-Time Price Monitoring. Extract ingredients, nutrition, and stock status for 24+ countries. No monthly fees - pay only for what you scrape"
Propertyfinder Scraper | MENA Real Estate Extractor,Azzouzana,https://apify.com/azzouzana/propertyfinder-ads-search-results-pages-scraper?fpr=youssef,other-lead-sources,30,207,5.0,2,"Listings Scraper: Buy, Rent & New Projects listings across UAE, KSA, Egypt, Qatar & Bahrain to CSV/JSON. Extract regional real estate data, prices, developers & agent leads via Search URL. Built for international investors & agencies"
Linkedin Company Scraper Bulk (No Cookies),Goldmine,https://apify.com/logical_scrapers/linkedin-company-scraper-pro?fpr=youssef,linkedin,30,193,5,1,"() LinkedIn company scraper. Pull unlimited number enriched company profiles in under 10 minutes. Company name, address, description, employee count, logo URL, website, industry, company size/type, headquarters, founding year, specialties, similar/affiliated pages, stock info and more"
GCC Jobs Search - Every Board + Recruitment Agencies,Get Anything,https://apify.com/get_anything/gcc-jobs-search?fpr=youssef,jobs-hiring-signals,30,89,5,1,"Search Gulf jobs in one run, filtered by field, experience, country, city, salary, company and type. An AI-ready tool (ChatGPT / Claude) for job seekers to find UAE, Saudi, Qatar, Kuwait, Bahrain and Oman roles - including recruitment-agency listings - from a single query"
LinkedIn Company Scraper,Coder,https://apify.com/calm_builder/linkedin-company-scraper?fpr=youssef,linkedin,30,72,,0,"Collect structured data from public LinkedIn company and showcase pages. Get firmographics, followers, website, affiliated and similar pages, and recent posts with engagement metrics. No login required - built for B2B lead generation, ABM, and competitive research"
TikTok Location Scraper,API Dojo,https://apify.com/apidojo/tiktok-location-scraper?fpr=youssef,social-leads,29,2511,5,8,"The fastest and cheapest TikTok Location Scraper - extract geo-tagged posts at 400-600 posts/sec for. Retrieve any location-tagged TikTok video, post, creator profile, and engagement data instantly with a reliable, proxy-free setup"
G2 Product Scraper,Omkar Cloud,https://apify.com/omkar-cloud/g2-product-scraper?fpr=youssef,directories,29,998,1.4,6,"G2 Scraper - extract G2 product details, ratings & pricing into structured JSON, plus each product's website, emails, phones & social profiles found by AI. Scrape whole categories too. 240,000+ products, no proxies"
Twitter Posts Scraper,Pratik Dani,https://apify.com/pratikdani/twitter-posts-scraper?fpr=youssef,social-leads,29,850,1,3,"The **Twitter Posts Scraper** extracts detailed information from any public Twitter post. Simply provide the URL, and the scraper will gather data like post text, user info, engagement metrics, and more. Perfect for analyzing trends and tracking social media interactions"
Fiverr Search Gig Scraper,Sachin Kumar Yadav,https://apify.com/igview-owner/fiverr-scraper?fpr=youssef,other-lead-sources,29,657,5.0,2,"Extract Fiverr gig data for any keyword in seconds. This scraper searches Fiverr like a buyer and saves gigs, sellers, prices, ratings, and performance metrics into an easy-to-use dataset (JSON / CSV / Excel)"
Telegram Profile Photo Scraper,akula.marketing,https://apify.com/akula.marketing/Telegram-Get-Username-Photos?fpr=youssef,social-leads,29,634,5,2,"Fetch Telegram profile photo history and user metadata by username. Returns IDs, names, status, premium flags, and signed photo URLs"
Pagesjaunes Scraper,SASWAVE,https://apify.com/saswave/pagesjaunes-scraper?fpr=youssef,email-finders,29,557,5,8,"Non official French Yellow page scraper. Pagesjaunes.fr scraper. Extract non protected, public available informations from search results: city, name, email, phonenumber, SIRET, NAF, creation date and more. Helps you research your local professional"
Spitogatos.gr Scraper: Greek Property Listings & Agent Phones,Youssef Farhan,https://apify.com/fayoussef/spitogatos-scraper?fpr=youssef,other-lead-sources,29,304,5,5,"Scrape real estate listings and Agents from Spitogatos.gr in both English and Greek. Collect prices, photos, location, and more. Easy setup, fast results, ready for Excel, JSON, or API integration"
Milanuncios Scraper Real-Time API (2026),Zen Studio,https://apify.com/zen-studio/milanuncios-scraper?fpr=youssef,other-lead-sources,29,179,,0,"Milanuncios Scraper API - Extract listings from Spain's largest classifieds. Get photos, prices, seller profiles, stats, and shipping info. All categories: Motor, Inmobiliaria, Telefonía, Informática. Automatic pagination and deduplication. JSON/CSV export"
Autotrader.co.uk [] | Unlimited | Richest output,Muhamed Didovic,https://apify.com/memo23/autotrader-cheerio?fpr=youssef,other-lead-sources,29,156,5,10,"extract vehicle data from AutoTrader.co.uk: pricing, specs (make/model/year/mileage), finance quotes with APR/payments, dealer ratings & contact, high-res images, vehicle checks, and CTAs. Ideal for automotive market analysis & lead generation"
Zonaprop.com.ar [] API Scraper,Muhamed Didovic,https://apify.com/memo23/zonaprop-scraper?fpr=youssef,other-lead-sources,29,137,5,2,"No limits, no quotas. Scrape ZonaProp (Argentina) from website URLs: list-page rows (counts, parseMeta) plus detail rows with flattened list_* fields, full v3 listSummary & v4 posting JSON, merged prices/location/publisher/media/units, and requestResponses for raw API parity"
TikTok Hashtag Analytics,Clockworks,https://apify.com/clockworks/tiktok-ads-scraper?fpr=youssef,social-leads,28,999,4.8,14,"Scrape TikTok hashtag analytics data. Just add one or more hashtags, and the scraper will extract posts' text, details, country, longevity, audience interests, scores, countries, labels, and age range. Export scraped data, run the scraper via API, schedule runs, or integrate it with other tools"
Amazon Product Scraper,SASWAVE,https://apify.com/saswave/amazon-product-scraper?fpr=youssef,other-lead-sources,28,229,5,4,Amazon scraper collect data from any amazon domain name. Input can be a list of product ASIN or a search url
LinkedIn Ads Scraper,FlowExtract API,https://apify.com/dz_omar/linkedin-ads-scraper?fpr=youssef,linkedin,28,169,5.0,4,"Extract comprehensive LinkedIn ads data from the Ad Library. Get ad creatives, headlines, copy, advertiser info, and targeting details. Perfect for competitive intelligence, market research, and ad campaign analysis. Supports keyword search, date filtering, and multi-country targeting"
Immowelt Scraper,Azzouzana,https://apify.com/azzouzana/immowelt-scraper?fpr=youssef,other-lead-sources,28,143,5,1,"Germany and Austria real estate listings for apartments, houses, plots and commercial properties. Search by city or location ID, filter by buy/rent, price, rooms and area, and export clean JSON/CSV data for market analysis, lead generation and price monitoring"
LinkedIn Company Scraper - Firmographics & B2B Leads,Scrape Sage,https://apify.com/scrapesage/linkedin-company-scraper?fpr=youssef,linkedin,28,61,,0,"Scrape public LinkedIn company pages by URL, slug, numeric ID, domain or name. Get name, industry, company size, employee count, followers, website, HQ address, specialties, founded year, type, logo & latest post - plus a lead score and only-new monitor mode"
LinkedIn Hiring Intent Monitor,furkan beydemir,https://apify.com/beydemirfurkan/discover-web-tools?fpr=youssef,linkedin,28,53,,0,"Monitor company hiring intent signals for lead generation and sales prioritization. Supports MVP mode and live Crawlee extraction with LinkedIn-oriented parsing, normalized output records, and reliability metrics"
"LinkedIn Company Scraper - No Login, No Cookies",Logiover,https://apify.com/logiover/linkedin-company-scraper?fpr=youssef,linkedin,28,43,,0,"Scrape LinkedIn company firmographics without login or cookies. Export company data to CSV/JSON - headcount, industry, HQ, followers, website & logo"
Google Maps Store Review Scraper,Zebu Data,https://apify.com/delicious_zebu/google-maps-store-review-scraper?fpr=youssef,google-maps,27,711,5.0,38,"Scrape Google Maps store reviews fast - API-based, no browser. Extract review text, exact dates, star ratings, reviewer profiles, Local Guide status, photos, per-service ratings, owner responses, and store review keywords. Export to JSON, CSV, or Excel"
LinkedIn Activity Index (LinkedScore),David Emanuel Moreira,https://apify.com/david15999/linkedin-activity-index-linkedscore?fpr=youssef,linkedin,27,448,,0,"Analyze LinkedIn profiles to identify active leads. Get a 1-10 activity score based on engagement, posts, and profile completeness. Increase your outreach reply rate by 20% by targeting only responsive prospects. Perfect for sales, recruitment, and partnership outreach"
Linkedin Post Reactions Scraper (No Cookie),Data Doping,https://apify.com/datadoping/linkedin-post-reactions-scraper-no-cookie?fpr=youssef,linkedin,27,392,5,2,"For. Scraper Likes, Praise, Empathy, Appreciation and Interest of any Linkedin Post using URL or URN. Note: Freemium users are limited to scrape only 4 posts and 100 reactions per run (12 posts in total)"
Facebook Group Profile Scraper,EasyApi,https://apify.com/easyapi/facebook-group-profile-scraper?fpr=youssef,social-leads,27,329,1.2,3,"Extract detailed information from Facebook Groups including group stats, admins, moderators, rules, and activity metrics. Perfect for market research, community analysis, and social media monitoring"
"TikTok Profile Scraper - Emails, Followers & Commenters",Andrey Afanasenko,https://apify.com/afanasenko/tiktok-profile-scraper?fpr=youssef,email-finders,27,260,5,1,"Scrape TikTok profile data at scale - followers and following lists, video commenters, and username enrichment. Every profile returns emails, bio links, follower and like counts, and video stats. No login needed. Export to CSV, JSON or Excel, or run via API"
Google Maps Reviews Scraper + Replies · Ratings · Search,Muhamed Didovic,https://apify.com/memo23/google-maps-reviews-scraper?fpr=youssef,google-maps,27,248,5,10,"Only [+ per 1K] Extract Google Maps reviews - by text search (""dentists in Austin TX""), place URL, Place ID, CID or FID. Owner replies, likes, review language + original text, trip details, star/keyword/date filters, GDPR mode. Export JSON/CSV, run via API, schedule or integrate"
Google Maps Lead Finder (Filters & Executive Emails),NoSite,https://apify.com/am_production/google-maps-lead-finder?fpr=youssef,google-maps,27,99,5,6,"Scrape Google Maps by location + keyword, filter with static rules (rating, reviews, category, contact requirements), then enrich with business emails and decision-maker contacts (name, title, MX-validated email, LinkedIn)"
Company | Organization Leads Finder similar to Apollo Linkedin,Brave Leads,https://apify.com/braveleads/company-organization-finder-apollo-linkedin?fpr=youssef,linkedin,27,95,5,14,"Filter by industry, revenue, size, and more. Built to match the depth of Apollo, LinkedIn, and ZoomInfo"
hh.ru (HeadHunter) Job Scraper,Muhamed Didovic,https://apify.com/memo23/hh-ru-scraper?fpr=youssef,jobs-hiring-signals,27,67,5,1,"Scrape job vacancies from hh.ru (HeadHunter) - title, salary with gross/net flag, employer rating, key skills, metro and GPS coordinates, full description. Works with any search URL, catalog page, or keywords. Built-in residential proxy, monitoring mode for new-only feeds. JSON/CSV"
TikTok Lookalike Search,Data Over Coffee,https://apify.com/dataovercoffee/tiktok-lookalike-search?fpr=youssef,social-leads,27,64,5.0,3,TikTok influencer & creator search: find lookalike creators + stats + emails from 300M+ accounts
"LandWatch.com, Acreage & Agents Extractor",Azzouzana,https://apify.com/azzouzana/landwatch-scraper?fpr=youssef,b2b-databases,27,64,5.0,2,"! LandWatch.com Scraper: Export US land listings, farms, ranches & agent directories to CSV/JSON via Search URL. Extract 150+ data points including acreage, prices & broker leads across the USA. Built for rural property investors & B2B lead generation Fast, optimized!"
"Meta Ad Library Scraper - All Placements, Filters",Automation Craft,https://apify.com/automation_craft/meta-ads-library-scraper?fpr=youssef,social-leads,27,48,5.0,5,"Search the whole Meta Ad Library, Facebook, Instagram, Messenger, Audience Network, WhatsApp and Threads, by keyword, advertiser page, ad ID or pasted URL. Every website filter, a free total count, hard caps on delivered ads and a memory that returns only new ads. JSON, CSV, Excel, API, schedules"
Company Data Scraper (B2B Lead Gen),Syed Rupom,https://apify.com/rupom888/company-data-scraper?fpr=youssef,b2b-databases,27,45,,0,"Scrape company information for B2B lead generation from public sources. Input company names or domains to get: employee count, industry, founded year, revenue estimates, social profiles, technologies used, headquarters, and key contacts. Uses Clearbit, LinkedIn, Crunchbase, and public data"
Facebook Ads Library Scraper [],Black Falcon Data,https://apify.com/blackfalcondata/facebook-ads-library-scraper?fpr=youssef,social-leads,27,38,,0,"Scrape facebook.com/ads/library by keyword or advertiser: ad copy, image and video URLs, landing page URL, start and end dates, and how many days each ad has run. Turn on EU transparency and every ad also carries its total EU reach with an age, gender and country breakdown"
Fast Google Maps Search Scraper API | Business Listings & Leads,Agents,https://apify.com/theagents/google-maps-search?fpr=youssef,google-maps,26,783,5,9,"Find high-value leads fast with our low-cost Google Maps scraper. Instantly extract business names, contact details, emails, phone numbers, and reviews - perfect for sales prospecting and outreach. Affordable, reliable, and built for scale"
realtor.com Agents Scraper,Sam,https://apify.com/cleansyntax/realtor-com-agents-scraper?fpr=youssef,other-lead-sources,26,691,5,2,Scrape Realtor.com Agents by ZIP Code - No Subscription
Startup Investors Data Scraper,John,https://apify.com/johnvc/startup-investors-data-scraper?fpr=youssef,other-lead-sources,26,640,3.2,12,"10,469 investment firms at your fingertips (as of Dec 2025). The most comprehensive startup investor firm database for finding funding and customers. Access detailed firm profiles to accelerate your startup's growth, find customers, and conduct comprehensive market research"
Map Your Show Exhibitor List Scraper,Skython,https://apify.com/skython/map-your-show-exhibitor-list-scraper?fpr=youssef,b2b-databases,26,612,5.0,4,"Extract complete exhibitor lists from any Map Your Show trade show - AAPEX, Pack Expo, CES, RE+, IBC, NACS Show, and more. Collect company details, social media links, and contact persons for B2B lead generation, sales prospecting, and event networking"
German Imprint Scraper,Dominic M. Quaiser,https://apify.com/dominic-quaiser/imprint-contact-scraper?fpr=youssef,email-finders,26,568,3.9,3,"An Actor that automatically locates and scrapes key contact details from German website imprint pages (Impressum). It extracts information such as company name, address, phone numbers, emails, and decision-makers (Entscheider, Entscheidungsträger)"
Soon-to-Open Businesses Leads Scraper (Google Maps),Miso,https://apify.com/xmiso_scrapers/soon-to-open-businesses-leads-scraper-google-maps?fpr=youssef,google-maps,26,413,4.9,6,"Get unique leads of various businesses planning opening in near future or recently opened like restaurants, bars, beauty salons, dentists etc. and offer them services they might need when launching their business. Scraped from Google Maps with emails and social links including where available"
Discord Server Scraper,Louis Deconinck,https://apify.com/louisdeconinck/discord-server-scraper?fpr=youssef,social-leads,26,409,5,2,"Discover niche communities, analyze server trends, and gain competitive insights with detailed data on member counts, categories, and more. Efficient, flexible, and up-to-date - start exploring today & unlock the full potential of Discord with our comprehensive server scraper!"
Instagram Email & Phone Extractor - IG Leads Scraper,Aditya,https://apify.com/astounding_stork/instagram-email-phone-extractor-ig-leads-scraper?fpr=youssef,email-finders,26,342,5,2,"Bulk-check Instagram usernames → get contact details. Get: Email + Phone (when available), plus basic profile data (name, bio, followers, verification). Best for fast, low-cost, high-quality leads & bulk checks. #1 Instagram Email & Phone Scraper"
LinkedIn Leads Scraper | Sales Navigator Export,SilentFlow,https://apify.com/silentflow/linkedin-sales-navigator-scraper-ppr?fpr=youssef,linkedin,26,262,5,1,"Export leads and accounts from any LinkedIn Sales Navigator search or saved list. Get name, job title, company, location, seniority, headcount and industry, or build the whole search from filters instead of pasting a URL. Bring your own seat and export to CSV, Excel or JSON in a single run"
BuiltIn Jobs Scraper,Shahid Irfan,https://apify.com/shahidirfan/BuiltIn-Jobs-Scraper?fpr=youssef,jobs-hiring-signals,26,225,5,6,"Scrape Built In jobs at scale with structured, ready-to-use data. Extract job titles, companies, locations, salaries, descriptions, employment details, and job URLs. Ideal for job boards, recruitment research, hiring analytics, lead generation, and career data automation"
Bulk US Business Entity Scraper & Registry - KYB API,Ava Torres,https://apify.com/pink_comic/us-business-entity-search?fpr=youssef,other-lead-sources,26,204,,0,"Bulk-search company names across official registries in 16 no-key states, plus keyed California. Business entity scraper and KYB API for merchant onboarding, vendor checks, and due diligence. Get source-linked status, formation dates, agents, officers, and addresses"
Instagram Likers Scraper,Public Signal Labs,https://apify.com/publicsignallabs/instagram-likers-scraper?fpr=youssef,social-leads,26,85,,0,"Extract users who liked Instagram posts and reels for about Starter. Results are subject to availability from Instagram. No login, cookies, browser, or proxy setup"
LinkedIn Company Data Scraper API,Jamshaid Arif,https://apify.com/moving_beacon-owner1/my-actor-7?fpr=youssef,linkedin,26,49,,0,"Scrape company profiles, industries, employees, and more with scalable concurrency and anti-blocking proxy support"
Crunchbase Search Scraper,Curious Coder,https://apify.com/curious_coder/crunchbase-scraper?fpr=youssef,b2b-databases,25,3390,4.0,15,"Scrape Crunchbase companies, people, investors, acquisitions, etc from Crunchbase search results"
Facebook group posts scraper,Goldmine,https://apify.com/logical_scrapers/facebook-group-posts-scraper?fpr=youssef,social-leads,25,678,4.9,5,"The most cost-efficient Facebook groups scraper. Get Facebook group posts with comprehensive data including text, media attachments, engagement metrics, author information and more"
TikTok Profile Scraper,DataFusionX,https://apify.com/devil_port369-owner/tiktok-profile-scraper?fpr=youssef,social-leads,25,627,5,6,"This tool allows you to scrape detailed user profile data from TikTok. It extracts various data points from user profiles, including user information, statistics, profile email/phone and profile links. This scraper is ideal for social media analysis, marketing strategies, and research"
Lead Finder,Crawler Bros,https://apify.com/crawlerbros/lead-finder?fpr=youssef,email-finders,25,338,5,4,"Find B2B leads by job title, location, and industry. Extracts name, title, company, LinkedIn URL, and guessed email from public search results. No API keys or credentials needed"
Y Combinator Scraper with Founders & Emails,Fatih Tahta,https://apify.com/fatihtahta/y-combinator-directory-scraper?fpr=youssef,email-finders,25,276,3.4,4,"Scrape the Y Combinator directory and get rich company profiles with socials, founder details + emails, hiring status/job links, and news mentions. Perfect for lead gen, market mapping, recruiting, and competitor tracking"
Clutch Company Scraper,SASWAVE,https://apify.com/saswave/clutch-company-scraper?fpr=youssef,directories,25,197,4.4,3,"Advanced Clutch.co scraper. Extract data from companies / agencies. (phonenumber, website, social account, employees number, company identification number and more). Help you build your TAM"
WeWorkRemotely Jobs Scraper - Full Descriptions,Muhamed Didovic,https://apify.com/memo23/weworkremotely-jobs-scraper?fpr=youssef,jobs-hiring-signals,25,122,5,1,"Scrape WeWorkRemotely remote jobs with full descriptions included - no per-detail surcharge. Title, company, salary, employment type, eligible-countries list (200+ per job), external apply URL, optional employer emails.. Auto-routes any WWR URL. JSON or CSV"
Local Business Leads Scraper: Verified Business Emails & Finder,Flash Scrape,https://apify.com/flash_scraper/local-business-leads?fpr=youssef,email-finders,25,56,5,3,"Local business leads scraper, local business email finder and local business email scraper: any category, any city. Verified business emails (MX-checked), phones, socials on every row - local leads with emails, no API key, no proxy, finder for agencies"
X Profile Scraper | Pay-Per-Result,Xquik,https://apify.com/xquik/x-profile-scraper?fpr=youssef,social-leads,25,39,5,1,"Scrape X (Twitter) profiles, posts, replies, media, and followers on every Apify plan. Use handles, IDs, or URLs in bulk. No X login. Built by Xquik. World's fastest & cheapest X (Twitter) scraper service. Not affiliated with X Corp"
Craigslist Scraper (Pay Per Result),Gen First,https://apify.com/ivanvs/craigslist-scraper-pay-per-result?fpr=youssef,jobs-hiring-signals,24,445,5,1,"Extract data from classified advertisements on Craigslist. Scrape details from jobs, housing, items wanted, items for sale, services, community service, gigs, events and resumes listed on Craigslist. Download listings data in JSON, XML, Excel, and other versatile"
Linkedin Open To Work Status,Linkedin Scrapers,https://apify.com/bestscrapers/linkedin-open-to-work-status?fpr=youssef,linkedin,24,445,,0,"The **Linkedin Profile Open to Work Status** is a powerful tool designed to Accurately detects whether a LinkedIn profile is marked as Open to Work (i.e., open-to-work status: true or false)"
Ziprecruiter Jobs Scraper,Orgupdate,https://apify.com/orgupdate/ziprecruiter-jobs-scraper?fpr=youssef,jobs-hiring-signals,24,433,,0,"The latest and most advanced Ziprecruiter Jobs Scraper. Our Ziprecruiter extracts real-time job postings at scale from all over the world. A new research tool built for recruitment, insights and HR"
Find Linkedin Company Page Urls,Sambzh,https://apify.com/sbzh/domain-names-or-website-urls-to-linkedin-company-page-urls?fpr=youssef,linkedin,24,233,1,1,"Use this tool to retrieve the LinkedIn URLs from websites. Simply enter a list of domain names or website URLs and, when available, retrieve the LinkedIn URL of the company page in the format https://www.linkedin.com/company/"
Meetup Events Scraper,EasyApi,https://apify.com/easyapi/meetup-events-scraper?fpr=youssef,other-lead-sources,24,223,5.0,4,"Effortlessly scrape Meetup events data with this powerful Apify Actor. Search by keywords, locations, and event types to gather comprehensive information on upcoming events. Perfect for market research, event planning, and trend analysis. Customizable and easy to use!"
AutoScout24 [] DE·AT·IT·ES·FR·BE·NL·LU·.com,Muhamed Didovic,https://apify.com/memo23/autoscout24-scraper?fpr=youssef,other-lead-sources,24,148,5,11,This powerful scraper captures everything from technical specs and pricing to full descriptions and dealer info
Leads Finder similar to Apollo Zoominfo Linkedin,Peaky Dev,https://apify.com/peakydev/leads-finder-apollo-linkedin?fpr=youssef,linkedin,24,129,5,8,"Extract verified leads from a single search URL of your b2b platform with emails, phone numbers, and company details similar to Apollo, LinkedIn, Zoominfo"
MCA India Company & Director Data Scraper: Email & Phone Leads,Factden,https://apify.com/factden/mca-company-director-scraper?fpr=youssef,email-finders,24,105,5,4,"Scrape India MCA company and director data(including phone and email) by CIN, DIN, company name, or industry + state. Company master, board of directors, directorships, status, and the company public email. Structured JSON/CSV. B2B company data and lead lists"
Google Local API | Local Pack & Business Search SERPs,John,https://apify.com/johnvc/google-local-api?fpr=youssef,other-lead-sources,24,72,5,4,"Search Google Local results - the local pack inside Google Search SERPs. Extract businesses with rating, reviews, phone, hours, place_id, GPS coordinates. Country, language, and device targeting. Pay per page. MCP-ready for AI agents"
Decision Maker Finder - Companies to C-Suite + Emails,Muhamed Didovic,https://apify.com/memo23/decision-maker-finder?fpr=youssef,email-finders,24,28,,0,"Turn a list of companies into their decision makers - founders, C-suite, VPs and directors - with name, title, LinkedIn profile URL, location and a verified company contact email. No LinkedIn login or cookie needed, zero ban risk. Clean JSON/CSV for outreach"
Snapchat Email Scraper,EasyApi,https://apify.com/easyapi/snapchat-email-scraper?fpr=youssef,email-finders,23,1249,1,1,"Effortlessly scrape email addresses from Snapchat profiles! Find Snapchat users matching your keywords and specific email domains. Perfect for influencer marketing, social media outreach, and collaboration opportunities. Powered by stealth technology for reliable data collection"
Glassdoor Jobs Scraper,AgentX,https://apify.com/agentx/glassdoor-jobs-scraper?fpr=youssef,jobs-hiring-signals,23,458,5,2,"Glassdoor Jobs Scraper is a Glassdoor jobs scraper for 23 countries that returns 41 structured job, salary, employer, rating, application, and public contact fields"
angi.com (Angie's List) Scraper,Iñigo Garcia Olaizola,https://apify.com/igolaizola/angi-scraper?fpr=youssef,directories,23,372,5,3,"Extract verified business data from Angi (formerly Angie's List) including phone numbers, ratings, and contact details for home service professionals. Get comprehensive listings with company information, customer reviews, and contact data across 150+ categories like plumbers and contractors"
Trustpilot Reviews Scraper API,The Wolves,https://apify.com/thewolves/trustpilot-reviews-scraper?fpr=youssef,directories,23,358,2.4,9,"The Wolves proudly introduces the Trustpilot Review Scraper, an ideal tool for extracting reviews. It can gather 100-200 reviews per second, offering an extremely affordable rate of. The most cost-effective option!"
X (Twitter) Advanced Search Tweet Scraper 𝕏,Mikolabs,https://apify.com/mikolabs/x-twitter-advanced-search-tweet-scraper?fpr=youssef,social-leads,23,330,5,6,"Twitter/X scraper is Lightning-fast in 3 sec 20 tweets with 60+ advanced filters. Extract tweets by engagement, media, users, keywords, time, and location. Supports Latest/Top sorting, threads, quotes, and polls. Returns profiles, media URLs, engagement stats, and metadata"
Linkedin Profile Comments Scraper (No Cookie),Data Doping,https://apify.com/datadoping/linkedin-profile-comments-scraper?fpr=youssef,linkedin,23,192,,0,"For, scrape comments made by a profile from activity on LinkedIn. It Scrapes text, reactions, pinned, timestamp, etc. Note: If you're on free tier you can only scrape 4 profile and 100 comments per profile per run (12 profiles in total)"
LinkedIn Company Data Extractor (No Cookies Required),Swarm Garden,https://apify.com/swarmgarden/linkedin-company-data-extractor?fpr=youssef,linkedin,23,88,,0,"Extract LinkedIn company information without cookies or login. Fast, reliable data extraction for company details, employee count, industry, and more"
Trustpilot Reviews Scraper,Azzouzana,https://apify.com/azzouzana/trustpilot-scraper?fpr=youssef,directories,23,73,5.0,4,"reviews at scale with 70+ data points (ratings, text, country, names, replies, full business profiles, reviews distributions and more). Bypass Trustpilot’s ~200 limit at lightning speed! Export to JSON/CSV/Excel/API. AI-agent ready - start now!"
"Skip Trace | People Search, Phone, Address & Email",Muhamed Didovic,https://apify.com/memo23/skip-trace-people-finder?fpr=youssef,email-finders,23,29,,0,"Look up a US name, phone, address, or email and get one public-records row per match: phones, emails, address history, relatives, aliases. Mix all four inputs in one run, or drop a CSV. Email reverse-lookup FastPeopleSearch does not cover.. Lawful B2B - not for FCRA"
Email & Phone Extractor,Anchor,https://apify.com/anchor/email-phone-extractor?fpr=youssef,email-finders,22,8224,3.9,21,"Extract emails, phone numbers, and other contact information like Twitter, LinkedIn, Instagram... from websites you provide. Best for lead generation and data enrichment. Export data in structured formats and dominate your outreach game. Capture your leads almost for free, fast, and without limits"
YouTube Email Scraper,exporter24,https://apify.com/exporter24/youtube-email-scraper?fpr=youssef,email-finders,22,780,3.8,6,Extract the email address of given youtube channel from public data
Google Maps Scraper,Sachin Kumar Yadav,https://apify.com/igview-owner/google-maps-scraper?fpr=youssef,google-maps,22,475,4.7,2,"Scrape Google Maps search results in minutes. extracts business names, addresses, phone numbers, websites, ratings, reviews, and coordinates from Google Maps for any keyword or location"
Avito.RU Scraper | Fast & Reliable,Fatih Tahta,https://apify.com/fatihtahta/avito-russia-scraper?fpr=youssef,other-lead-sources,22,450,5,2,"Scrape listings from Avito.ru, Russia’s top marketplace including real estate, cars, goods, services and more. Get structured data with prices, locations, sellers, and features. Ideal for market insights, sourcing, and lead gen"
LinkedIn Jobs Scraper - Professional Job Listings,NanoScrape,https://apify.com/santamaria-automations/linkedin-scraper?fpr=youssef,linkedin,22,428,4.3,4,"Scrapes public job listings from LinkedIn's job board. Filter by location, job type, experience level, and remote options. Extract company info, job descriptions, and application links. No login required"
Twitter Timeline Scraper,Jan Danecki,https://apify.com/danek/twitter-timeline-ppr?fpr=youssef,social-leads,22,296,5,1,"Scrap Twitter timeline fast and easy. It is designed to be fast and efficient, so it can extract a large number of post for low price"
Social Media Profile Finder Pro,One Scales,https://apify.com/onescales/social-media-profile-finder-pro?fpr=youssef,other-lead-sources,22,258,5,6,"Find social media accounts and profiles by username across 400+ social networks instantly. Bulk search, residential proxy support, and fast results. Powered by Sherlock"
LinkedIn Posts Scraper No Login Required,VulnV,https://apify.com/vulnv/linkedin-posts-scraper?fpr=youssef,linkedin,22,211,5,2,"Extract comprehensive data from public LinkedIn posts including content, author information, engagement metrics, and more. Bulk processing supported. No LinkedIn authentication needed - just provide post URLs and get structured JSON data"
"Product Hunt [] Scraper ·Launches, Reviews & Emails",Muhamed Didovic,https://apify.com/memo23/producthunt-scraper?fpr=youssef,email-finders,22,136,5,1,"[] Product Hunt scraper - leaderboards (daily-yearly), topics, collections, products & makers, any URL auto-classified. 50+ fields plus optional detailed reviews, comments & contact emails harvested per site. Pure HTTP, JSON/CSV"
TikTok User Search Scraper - Find Creators [NO LOGIN],Unseen User,https://apify.com/unseenuser/tiktok-user-search-scraper?fpr=youssef,social-leads,22,102,5,4,"Search TikTok users and creators by keyword. Get handles, bios, follower counts, and recent videos. Built for creator discovery, influencer research, and lead generation by topic or niche. No login, no cookies. Pair with our Followers Scraper to map full audiences"
"Google Maps List Scraper - Shared Lists to CSV, Phones, Emails",Muhamed Didovic,https://apify.com/memo23/google-maps-list-scraper?fpr=youssef,google-maps,22,39,,0,"Google Maps shared list scraper (maps.app.goo.gl): export saved places to CSV with name, note, phone, website, rating, hours, photos, and filters. Optional newest reviews and website emails. Accepts short links, full list URLs, or a place CID. No API key. JSON or CSV out"
Instagram Email Scraper,EasyApi,https://apify.com/easyapi/instagram-email-scraper?fpr=youssef,email-finders,21,1373,1,4,"Effortlessly scrape email addresses from Instagram profiles! Find Instagram users matching your keywords and specific email domains. Perfect for influencer marketing, brand collaborations, and targeted outreach campaigns. Powered by stealth technology for reliable data collection"
Social Media Finder Pro | Public Profile Discovery,Xtech,https://apify.com/xtech/social-media-finder-pro?fpr=youssef,other-lead-sources,21,786,2.0,3,"Find public profiles by username across 400+ sites with focused or broad search modes, structured profile URLs, and explicit diagnostics that distinguish empty results from incomplete checks"
TikTok Search Scraper (free-watermark videos),Novi,https://apify.com/novi/tiktok-search-api?fpr=youssef,social-leads,21,572,5,2,"TikTok Search Scraper helps exploring, discovering, and analyzing TikTok content with ease. Gain valuable insights and optimize your marketing efforts. Provides no-watermark download link"
Realtor - agent leads scraper,Peaky Dev,https://apify.com/peakydev/realtor-real-estate-agent-leads-scraper?fpr=youssef,email-finders,21,434,5,30,Scrape unlimited real estate agents from Realtor.com with emails and phone number |apollo|realtor|linkedin|agents
Mercadolibre Product Scraper,SASWAVE,https://apify.com/saswave/mercadolibre-product-scraper?fpr=youssef,enrichment-verification,21,415,2.7,5,"no proxies needed. Fast and reliable scraper for MercadoLibre product pages and search results. Support all domains. Perfect for competitive analysis, price monitoring, e-commerce intelligence, catalog enrichment, and high-volume data extraction"
Google Maps Scraper - Emails & Socials Included,Rémi Pelloux,https://apify.com/rp_openpro.ai/google-maps-scraper?fpr=youssef,google-maps,21,236,5,1,"Google Maps email extractor for local leads. Contacts, phones, 6 socials in the place price - no add-on. Deduped unique places. ()"
"Airbnb Scraper - Prices, Reviews, Calendar & Revenue",Muhamed Didovic,https://apify.com/memo23/airbnb-scraper?fpr=youssef,other-lead-sources,21,196,3.5,13,"Airbnb scraper - search by location or URL, or pull any room or host profile. Flat per-listing rows: price, 40+ fields, amenities, host, GPS, photos, reviews, per-day availability calendar plus occupancy & revenue estimates. 14 languages, 20 currencies. Pure HTTP, no browser"
No-Website Business Leads Scraper (Google Maps),Leafy,https://apify.com/leafy-dev-jr/no-website-business-leads-scraper-google-maps?fpr=youssef,google-maps,21,145,5,1,"Find businesses with weak or missing websites anywhere on Google Maps. Each lead is qualified on real web-presence signals, priority-ranked, and comes with contact details, ready for web designers, developers, and agencies to pitch"
LinkedIn Jobs API | Search Job Listings & Salaries,John,https://apify.com/johnvc/linkedin-jobs-api?fpr=youssef,linkedin,21,56,5,1,"Search public LinkedIn job listings as clean, structured JSON. Find jobs by keyword, location, seniority, and job type, or fetch specific job URLs. Get title, company, location, salary, description, and apply links. Pay per job, MCP-ready for Claude and AI agents"
LinkedIn Company Data Enricher,viralanalyzer,https://apify.com/viralanalyzer/linkedin-company-enricher-byoc?fpr=youssef,linkedin,21,42,5,1,"Enrich LinkedIn company slugs with public data: name, industry, size, website, HQ, description"
LinkedIn Company Detail Scraper No Login Required,VulnV,https://apify.com/vulnv/linkedin-company-detail?fpr=youssef,linkedin,21,39,,0,"Extract complete public LinkedIn company data - industry, size, headquarters, specialties, follower count, website, and more - from company slugs or URLs. No login or cookies required"
Google Ads Scraper,Gen First,https://apify.com/ivanvs/google-ads-scraper?fpr=youssef,other-lead-sources,20,779,5,2,"Extract details about ads from Google Ads Transparency Centar. Scrape ad details like when it was run, ad targeting, advertiser and content of ad. Download ad data in JSON, XML, Excel format"
SKOOL | Members/Groups | Discovery Search | Scraper (PPE),Muhamed Didovic,https://apify.com/memo23/skool-members-scraper?fpr=youssef,email-finders,20,775,4.0,8,"Boost your business leads with our Skool.com Groups' Members/Users Scraper. Gather user details like names, emails, and social media links (Facebook, Instagram, LinkedIn, Twitter, etc.). It is ideal for market research, competitor analysis, and lead generation. Save time with our advanced scraper"
Indeed [] Jobs Scraper (Search by keywords),Muhamed Didovic,https://apify.com/memo23/apify-indeed-cheerio-keywords-ppr?fpr=youssef,jobs-hiring-signals,20,330,4.8,8,"[From] Search Indeed by keyword, country and filters - no URL needed. Returns salary, company rating, full description, the resolved external apply URL and company profile (CEO, size, revenue) across 61 countries. Strict-match mode drops unrelated jobs; date filter pulls only the latest"
Redfin Property Search Scraper,Maksym Bohomolov,https://apify.com/mantisus/redfin-fast-scraper-per-results?fpr=youssef,other-lead-sources,20,252,5.0,2,"Scrape listings from Redfin search results: for-sale, rental, and sold properties. Returns prices, photos, MLS codes, agent phones, and property specs. Input: search URL or ZIP code list with filters"
"Zillow Scraper - Unlimited Rentals, Sales & Sold Listings",ClearPath,https://apify.com/clearpath/zillow-bulk-search-unlimited-scraper?fpr=youssef,other-lead-sources,20,190,,0,"Extract unlimited Zillow rentals, for-sale, and sold listings from entire metro areas. Prices, beds, baths, sqft, photos, agent contact, days on market, and 50+ fields per property. Bypasses the 1,000-result cap. 17 filters: price, beds, home types, foreclosures. CSV/JSON. No login needed"
Facebook Ads Library Scraper API,API Creators,https://apify.com/api_creators/facebook-ads-library-scraper-api?fpr=youssef,social-leads,20,183,5,5,"! Scrape Facebook Ad Library: Extract ad data, copy & creatives from FB & Instagram. Powerful Facebook Ads Scraper for competitor research & ad intelligence. Search by keyword or Page ID. Export JSON, CSV, or Excel. Fast, reliable, and cheap Facebook Ad Library API"
Jobs.ch Scraper,Lexis Solutions,https://apify.com/lexis-solutions/jobs-ch-scraper?fpr=youssef,jobs-hiring-signals,20,160,5,6,"Scrape jobs from Switzerland's largest job board Jobs.ch. Automated data extraction of Swiss job listings with locations, salaries & company details"
Bulk Website Contact Scraper,Purple Beep Boop,https://apify.com/purple_beep_boop/bulk-website-contact-scraper?fpr=youssef,email-finders,20,145,5,4,"Extract publicly available contact details from websites in bulk. One result per domain, easy automation integration. 100 free domains per month, then a paid Apify plan"
Domain.com.au Real Estate Agents Scraper,EasyApi,https://apify.com/easyapi/domain-com-au-real-estate-agents-scraper?fpr=youssef,email-finders,20,132,5,1,"Extract detailed real estate agent information from Domain.com.au including contact details, performance metrics, and agency affiliations. Perfect for market research, lead generation, and real estate industry analysis in Australia"
TikTok Search Profile,Sachin Kumar Yadav,https://apify.com/igview-owner/tiktok-search-user-scraper?fpr=youssef,social-leads,19,606,5,3,"Search and discover TikTok users by any keyword - name, niche or topic - and export clean creator data in seconds"
Skip Trace,twoapi,https://apify.com/twoapi/skip-trace?fpr=youssef,enrichment-verification,19,531,2.9,4,
"Real Estate AU - Listings, Prices, Agents & History",Abot API,https://apify.com/abotapi/realestate-au-scraper?fpr=youssef,email-finders,19,338,4.8,6,"Extract detailed Australian real estate property listings with 30+ structured fields, including price, description, indoor and outdoor features, coordinates, nearby schools, agent contact details, images, and listing price history where available"
Linkedin Company Profile Scraper | Pay Per Event,ScrapeVerse,https://apify.com/scrapeverse/linkedin-company-profile-scraper-pay-per-event?fpr=youssef,linkedin,19,269,,0,"The LinkedIn Company Profile Scraper is a powerful and efficient tool designed to extract valuable information from LinkedIn company profiles with ease. Whether you're a market researcher, sales professional, or just curious about a company's background"
Event Scraper Pro,WebDataLabs,https://apify.com/webdatalabs/event-scraper-pro?fpr=youssef,other-lead-sources,19,177,4.0,5,"Aggregate upcoming events from Meetup, Lu.ma and Eventbrite into one deduplicated dataset: title, date, venue, address, coordinates, category, image and links. Meetup and Lu.ma rows add RSVP counts and organizer details. Every run reports exactly which searches completed"
Whop Scraper | Fast & Reliable,Fatih Tahta,https://apify.com/fatihtahta/whop-scraper?fpr=youssef,other-lead-sources,19,131,,0,"Scrape Whop’s marketplace into clean, structured data. Capture listings for digital products, memberships, courses and communities with pricing, company details, metrics, categories and media. Perfect for market research, lead lists and tracking top offers"
Complete SpareRoom Scraper (UK & US) + Alerts & Emails,Muhamed Didovic,https://apify.com/memo23/spareroom-scraper?fpr=youssef,email-finders,19,83,4.8,4,"Covers all of SpareRoom UK & US: rooms for rent, rooms wanted, and buddy-ups - with monitoring mode for new listings and optional email enrichment on advertisers. The most feature-complete SpareRoom scraper on Apify. Fast, reliable, structured JSON or CSV output"
Job Scraper for ZipRecruiter - 7 Country Markets,Black Falcon Data,https://apify.com/blackfalcondata/ziprecruiter-job-scraper?fpr=youssef,jobs-hiring-signals,19,77,,0,"Scrape ZipRecruiter (ziprecruiter.com) across 7 countries (US, GB, IE, IN, DE, FR, NZ). Salary and benefits data for US, geo-coordinates and job descriptions for all markets. Incremental mode detects new and changed listings, plus lean output for AI agents and MCP workflows"
LinkedIn User Comments Scraper [NO COOKIES],Unseen User,https://apify.com/unseenuser/LinkedIn-user-comments?fpr=youssef,linkedin,19,71,5,4,"Scrape every comment a LinkedIn user has posted on other people's content. Get comment text, target posts, engagement, timestamps, and reaction breakdowns. The richest signal for personalized B2B outreach. No login, no cookies. Built for SDRs and ABM teams"
"Indeed Jobs Scraper Salaries, Filters & Company Data",Factden,https://apify.com/factden/indeed-jobs-scraper?fpr=youssef,b2b-databases,19,61,5,5,"Indeed jobs scraper: extract job listings, salaries, company details and full job descriptions. Native salary-range filter (+ remote, date, type, level), every result page, structured JSON, 60+ countries, no login., free credit ≈ 2,500 jobs"
Handelsregister.de [] German Company Registry,Muhamed Didovic,https://apify.com/memo23/handelsregister-scraper?fpr=youssef,b2b-databases,19,51,5,1,"Scrape the official German company register (handelsregister.de) - register number, court, status, legal form, registered address, officers with roles & birth dates, representation rules, and name history. Precise lookups or keyword search with filters. JSON or CSV out"
ReclameAqui Scraper · Brazil Complaints & Company Reputation,Muhamed Didovic,https://apify.com/memo23/reclameaqui-scraper?fpr=youssef,other-lead-sources,19,47,5,1,"Monitor any Brazilian brand on ReclameAqui. Get every complaint with the company's full reply thread, plus the reputation scorecard buyers judge on - score, RA status, response and resolution rates, average answer time, CNPJ. Incremental runs emit only what changed. No browser"
LinkedIn Jobs Scraper,VeroAPIs,https://apify.com/vero-api/linkedin-jobs-scraper?fpr=youssef,linkedin,19,36,,0,"Scrape LinkedIn job listings by keyword and location, or paste a LinkedIn jobs search URL. Get titles, companies, salaries, full descriptions, seniority, employment type, and applicant counts as clean JSON, CSV, or Excel - no login, no API key, no coding"
Shine Jobs Scraper - India Jobs with Recruiter Emails & Phones,Muhamed Didovic,https://apify.com/memo23/shine-jobs-scraper?fpr=youssef,email-finders,19,26,,0,"Scrape Shine.com jobs across India with the hiring recruiter's real email and phone - Shine's fake placeholder contact is detected and stripped, so every contact you get is genuine. Filter by experience, salary, industry and employment type. Schedule it for only-new postings"
LinkedIn Company URL - Mass Profile Finder,Anchor,https://apify.com/anchor/LinkedIn-company-url-finder?fpr=youssef,linkedin,18,5321,4.8,25,"Search for LinkedIn company pages based on a company name. Upload a CSV list of company names, and get their LinkedIn company URLs via API or manual export. Automate with schedules, n8n & others tools. Try for free the best bulk tool to find LinkedIn company URLs !"
Instagram Posts Scraper - Pay per Results,Jan Danecki,https://apify.com/danek/instagram-posts-scraper-ppr?fpr=youssef,social-leads,18,1169,5,1,"Scrap Instagram Posts fast and easy. It is designed to be fast and efficient, so it can extract a large number of posts for low price"
G2 Product Reviews Scraper,PowerAI,https://apify.com/powerai/g2-product-reviews-scraper?fpr=youssef,directories,18,774,1.7,5,Scrape product reviews and customer feedback from G2 for software products using our API wrapper service
Linkedin Jobs Scraper,Goldmine,https://apify.com/logical_scrapers/linkedin-jobs-scraper?fpr=youssef,linkedin,18,481,5.0,2,"A powerful LinkedIn job listings scraper that extracts detailed job information. Perfect for recruiters, job seekers, and market researchers looking to gather comprehensive job market data"
Tweets-x-Scraper,Mikolabs,https://apify.com/mikolabs/tweets-x-scraper?fpr=youssef,social-leads,18,301,5,6,"Extract anything from X (Twitter) with speed and precision. This smart scraper auto-detects what to collect - tweets, profiles, users, lists, or media - and delivers clean, structured data instantly. Just enter usernames, URLs, or keywords and let automation do the rest"
Houzz Professional Scraper,EasyApi,https://apify.com/easyapi/houzz-professional-scraper?fpr=youssef,directories,18,289,5,3,"Scrape professional designers' profiles from Houzz.com, including their contact information, reviews, badges, and business details. Perfect for market research and lead generation in the home improvement industry"
Tiktok Ad Library Scraper,Gen First,https://apify.com/ivanvs/tiktok-ad-library-scraper?fpr=youssef,social-leads,18,258,,0,"Extract details about ads from TikTok Ad Library. Scrape ad details like when it was run, ad targeting, advertiser and content of ad. Download ad data in JSON, XML, Excel format"
TikTok Post Scraper,The Netaji,https://apify.com/thenetaji/tiktok-post-scraper?fpr=youssef,social-leads,18,211,5,1,"Scrape TikTok profiles and posts effortlessly with our fast and affordable scraper - ! Get bio, stats, and content in seconds. Perfect for research, analytics, and growth hacking"
Amazon Jobs Scraper,PowerAI,https://apify.com/powerai/amazon-jobs-scraper?fpr=youssef,jobs-hiring-signals,18,130,5.0,2,"Scrape job listings from Amazon Jobs by providing a search URL, with automatic pagination and comprehensive job information extraction"
Zillow Property Details Scraper,Zebu Data,https://apify.com/delicious_zebu/zillow-property-details-scraper?fpr=youssef,other-lead-sources,18,129,5,29,"Scrape complete Zillow property details from URLs or ZPIDs: price, Zestimate, rent estimate, price & tax history, schools, HOA fees, photos, agent info, and 200+ facts per home. Fast API-based scraping - no browser. Free trial"
Google Maps Scraper,Hundevmode Labs,https://apify.com/x_guru/google-maps-scraper?fpr=youssef,google-maps,18,81,5,1,"Scrape Google Maps places. Get business names, addresses, phones, websites, ratings, reviews, images, opening hours, GPS coordinates, categories, Place IDs, and optional public website emails from keywords, URLs, Place IDs, or map areas"
"GulfTalent Job Scraper · Salaries, Emails & Alerts",Muhamed Didovic,https://apify.com/memo23/gulftalent-scraper?fpr=youssef,email-finders,18,75,5,1,"Search GulfTalent by keyword, category, country or city across all 6 Gulf markets. 33 fields per job: structured salary with exact USD conversion, MENA hiring fields (nationality, gender, Arabic fluency), emails & phones from ads. Incremental runs + Telegram/Slack alerts. No browser"
LinkedIn Posts API | Scrape Profile Posts & Engagement,John,https://apify.com/johnvc/linkedin-posts-api?fpr=youssef,linkedin,18,45,5,1,"Collect public LinkedIn posts as clean, structured JSON. Discover every post from a profile URL, or fetch specific post URLs, with text, reactions, comments, shares, media, hashtags, and author details. Pay per post, MCP-ready for Claude and AI agents"
LinkedIn Company API | Firmographics & Sales Intelligence,John,https://apify.com/johnvc/linkedin-company-api?fpr=youssef,linkedin,18,26,5,1,"Collect public LinkedIn company pages as clean, structured JSON. Send company URLs or search by company name and get industry, size, headquarters, followers, specialties, and locations, ready to chain into Crunchbase funding lookup by name. Pay per company, MCP-ready for Claude and AI agents"
Real Estate Skip Trace | Owner Phone & Email,Muhamed Didovic,https://apify.com/memo23/property-skip-tracing?fpr=youssef,email-finders,18,20,,0,"Paste a US property address and get the people on it: phones, emails, mailing address, absentee flag, relatives. One row per person. Deep-search extra sites on a miss, plus Dallas County owner-of-record. Pay only on matches.. Lawful B2B - not for FCRA"
outseo.lol Scraper - Organic Clicks & Rank Monitoring,Muhamed Didovic,https://apify.com/memo23/outseo-scraper?fpr=youssef,email-finders,18,18,,0,"outseo.lol organic traffic leaderboard as sortable rows: see real Search Console click volume for the indie SaaS sites ranked on it, never a traffic estimate. Get share of board, clicks per day, and change rows naming who climbed since your last run. Opt-in contact emails"
"outbid.lol Scraper - Bids, Clicks & Change Monitoring",Muhamed Didovic,https://apify.com/memo23/outbid-scraper?fpr=youssef,other-lead-sources,18,18,5,1,"Know what every outbid.lol listing pays and what it gets. The full pay-to-rank board in under 3 seconds, with clicks-per-dollar and cost-per-click on every row, plus change monitoring that reports who moved, who was outranked and who joined since your last run. No proxy cost"
"AutoTrader.com [] USA · VIN, EV Battery, Dealers",Muhamed Didovic,https://apify.com/memo23/autotrader-com-scraper?fpr=youssef,other-lead-sources,18,18,,0,"AutoTrader.com (USA) scraper: listings by URL or filters, one row per car with VIN, price, mileage, EV battery health, photos and full dealer data (address, phones, hours, rating, website). Reads past the 400-result cap for complete nationwide sweeps. Optional vehicle pages. JSON/CSV"
B2B LinkedIn Lead Generator,Cobey AI,https://apify.com/chieftools/b2b-linkedin-lead-generator?fpr=youssef,linkedin,17,410,4.3,24,"Find B2B decision-makers on LinkedIn by describing your ideal customer. AI discovers matching companies from live web data, identifies the right people, and scores every lead for relevance. Pay only for qualifying leads"
Website Email & Phone Scraper,NanoScrape,https://apify.com/santamaria-automations/website-email-scraper?fpr=youssef,email-finders,17,273,1,1,"Extract emails, phone numbers, and social media links from any website. No API keys needed, just paste URLs. Visits multiple pages per site to find all contact details"
"TripAdvisor Scraper - Hotels, Restaurants & Attractions",Zebu Data,https://apify.com/delicious_zebu/tripadvisor-hotel-details-scraper?fpr=youssef,directories,17,157,5,25,"Scrape TripAdvisor hotels, restaurants, and attractions at scale. Enter a city name or paste any list/detail URL. Extract 50+ fields per item - ratings, reviews, prices, photos, contact info, nearby places, opening hours, Q&A, and more. Supports 50+ regional domains"
YouTube Email Scraper,Crawler Bros,https://apify.com/crawlerbros/youtube-email-scraper?fpr=youssef,email-finders,17,155,,0,"Extract emails from YouTube channels without CAPTCHA bypass. Scans channel About descriptions and follows Instagram, TikTok and Linktree profiles linked from the channel. HTTP-only, no cookies, no API keys"
Signalbase - Funding & Business Signals API,Signalbase,https://apify.com/signalbase/signalbase-api?fpr=youssef,jobs-hiring-signals,17,147,5,3,"Real-time GTM signal infrastructure giving you minute-old funding rounds, acquisitions, hiring, and executive job changes. Source-attributed and built for data vendors, GTM teams, and AI agents"
"Immobilien Export Pro - ImmoScout24, Kleinanzeigen, Immowelt",ClearPath,https://apify.com/clearpath/immobilien-export-pro?fpr=youssef,other-lead-sources,17,138,,0,"70.000+ deutsche Kaufimmobilien von ImmoScout24, Kleinanzeigen & Immowelt. Preisverlauf, Kontaktdaten, Löschungen, Koordinaten. Echtzeit-Daten, plattformübergreifende Deduplizierung. Export als JSON, CSV, Excel oder via API"
"Youtube Channel Scraper V2 [FAST] | Subs, Stats & Contact",Apizy,https://apify.com/apizy/youtube-channel-scraper-v2?fpr=youssef,social-leads,17,134,4.0,9,"Scrape YouTube channel subscribers, views, engagement rate, email, and social links - 2x faster than previous version. Transparent pay-per-success pricing -, only when it succeeds. Never charged for failures. 100 channels = No subscriptions, no hidden fees"
Google Ads Scraper [NO COOKIES] [NO LOGIN],Unseen User,https://apify.com/unseenuser/Google-ads?fpr=youssef,social-leads,17,101,5,3,"Extract every ad an advertiser ran on Google - Search, YouTube, Display, Shopping - from Google's official Ads Transparency Center. Get creatives, formats, run dates, and targeting regions. No Google Ads account or API key required. Built for paid media analysts and agencies"
"AutoScout24 Scraper: Car Listings, Prices & Dealer Contacts",Youssef Farhan,https://apify.com/fayoussef/autoscout24?fpr=youssef,other-lead-sources,17,74,5,1,"AutoScout24 car listings from autoscout24.de,.at,.fr,.it,.es,.nl,.be,.lu and.com: price, make, model, mileage, first registration, fuel, power, equipment, photos, GPS location and dealer phone. Search by URL or filters"
Job-Room.ch Scraper - Swiss Federal Jobs,NanoScrape,https://apify.com/santamaria-automations/arbeit-swiss-scraper?fpr=youssef,jobs-hiring-signals,17,65,,0,"Scrape SECO federal jobs from arbeit.swiss (DE), travail.swiss (FR), lavoro.swiss (IT), work.swiss (EN) - Job-Room.ch platform. All Swiss cantons. Filter by canton, workload %, posting date. Returns employer, location, contract type, deadline, description"
"North Data Scraper - EU Company Data, Officers & Financials",Muhamed Didovic,https://apify.com/memo23/northdata-scraper?fpr=youssef,b2b-databases,17,52,,0,"Turn any company name into structured European registry data. North Data scraper pulls register number, registrar, LEI, address, officers with roles, corporate purpose and published financials across Handelsregister, Companies House, Siren, KVK & more. JSON/CSV out"
"Local Business Scraper - Google Maps Places, Ratings & Contacts",Get Anything,https://apify.com/get_anything/local-business-scraper?fpr=youssef,google-maps,17,43,5,2,"Search Google Maps for local businesses and export name, rating, category, address, phone and website. No API key. Great for lead lists and local market research"
Yellow Pages US Scraper,Muhamed Didovic,https://apify.com/memo23/yellow-pages-us-scraper?fpr=youssef,directories,17,17,,0,"Scrape Yellow Pages US listings: business name, phone, address, website, hours, categories, rating, and emails when the listing or its site has one. Keyword + city or yellowpages.com URLs in. Pure HTTP, no browser. JSON or CSV out.; contact emails billed only when found"
"Startup Launch Scraper - 7 Directories, Websites & Emails",Muhamed Didovic,https://apify.com/memo23/startup-launch-scraper?fpr=youssef,email-finders,17,17,,0,"Scrape new startup launches from TinyLaunch, MicroLaunch, LaunchingNext, BetaList, Uneed, Product Hunt and Startup Fast into one unified feed, with each startup's own website and optional contact emails"
Lead Extractor - JustDial,HappiTap,https://apify.com/happitap/lead-extractor---justdial?fpr=youssef,directories,16,733,5,1,"Lead Extractor is an automation tool that extracts business leads and contact details from Justdial. Instantly collect company names, phone numbers, and more for easy export and outreach. Perfect for sales, marketing, and lead generation"
Facebook Ad Library Scraper [No Login] Ads & Creatives,viralanalyzer,https://apify.com/viralanalyzer/facebook-ads-library?fpr=youssef,social-leads,16,486,4.9,6,"Scrape active Meta and Facebook ads globally without login or cookies: ad copy, creative media, targeting, advertiser page, and CTA links. Pay per ad scraped"
TruePeopleSearch Contact Finder,ScrapySpider,https://apify.com/scrapyspider/truepeoplesearch-contact-finder?fpr=youssef,email-finders,16,350,,0,"Find contact information for people using TruePeopleSearch. Search by name and address to extract phone numbers, email addresses, age, current and previous residential addresses. Smart name matching with retry logic. Requires ScrapFly API key. Export as JSON, CSV, or Excel"
Walmart Product Scraper,Billy,https://apify.com/web_wanderer/walmart-product-scraper?fpr=youssef,other-lead-sources,16,313,4,1,"Extract product details from walmart.com/walmart.ca. Get titles, prices, sku, availability, reviews & more - fast and reliable!"
Instagram Post Scraper,Scrape Smith,https://apify.com/scrapesmith/instagram-post-scraper?fpr=youssef,social-leads,16,243,5,2,"Fast Instagram Post Scraper - Extract all Posts from any profiles with titles, views, likes, comments, publish dates, thumbnails & follower count. Get thousands of profiles videos in minutes, 100% free"
Etsy Shop Scraper,datawizards,https://apify.com/hello.datawizards/etsy-shop-scraper?fpr=youssef,other-lead-sources,16,231,,0,Use the Etsy Shop Scraper to unlock the potential of Etsy’s marketplace for your business or research needs. Note: Usage cost and CPU Cost is low
LinkedIn Jobs API & Scraper [NO COOKIES],Unseen User,https://apify.com/unseenuser/LinkedIn-Jobs-Scraper?fpr=youssef,linkedin,16,205,5,4,"LinkedIn jobs API and scraper - no cookies, no login, no account to get restricted. Search job postings by keyword, company or location for full descriptions, salary, skills, applicant counts, the ATS behind each apply link and a ghost-job score. Built for hiring-signal outbound"
Pap.fr Scraper Estate Extractor,Azzouzana,https://apify.com/azzouzana/pap-fr-mass-products-scraper-by-search-url?fpr=youssef,other-lead-sources,16,192,4.1,2,"Scraper PAP.fr: Exportez les annonces immobilières (Vente & Location) en CSV/JSON via URL de recherche. Extrayez prix, photos, DPE, transports et contacts vendeurs en direct en France. Idéal pour l'investissement locatif, les acheteurs et l'extraction de données Seulement 1,2$/1K !"
Judge.me Store Scraper,SASWAVE,https://apify.com/saswave/judge-me-store-scraper?fpr=youssef,other-lead-sources,16,131,5,2,"Advanced Judme.me scraper. Collect company informations, reviews at scale. Reviews have a limit of 10 000 per store"
Product Hunt Scraper,Shahid Irfan,https://apify.com/shahidirfan/product-hunt-scraper?fpr=youssef,other-lead-sources,16,97,5,3,"Extract top daily launches, upvotes, and tech trends directly from Product Hunt. Scrape product details, reviews, and maker info instantly. Ideal for market research, lead generation, and spotting the next big thing in tech. Get the data you need to stay ahead!"
"Kununu Scraper · DACH Employer Reviews, Salaries & Jobs",Muhamed Didovic,https://apify.com/memo23/kununu-scraper?fpr=youssef,jobs-hiring-signals,16,48,5,1,"Kununu scraper for Germany, Austria and Switzerland. Employer scores, employee reviews, interview questions and outcomes, salary medians and Kulturkompass. Job postings carry the employer's rating. Search by company name or profile URL. Incremental monitoring. JSON, CSV or Excel"
"Apna Jobs Scraper - Salary, Shift & Contact",Muhamed Didovic,https://apify.com/memo23/apna-jobs-scraper?fpr=youssef,jobs-hiring-signals,16,17,,0,"Apna.co jobs scraper for India - salary, shift, education, English level, experience, pincode and applicant count from every posting. Walk categories and cities or paste listing and job URLs. Schedule only-new monitoring so repeats are not billed. Optional employer emails. No login, no proxy"
Youtube Email Scraper,EasyApi,https://apify.com/easyapi/youtube-email-scraper?fpr=youssef,email-finders,15,815,1.7,5,"Effortlessly scrape email addresses from YouTube channel descriptions! Find content creators matching your keywords and specific email domains. Perfect for influencer marketing, partnership outreach, and content creator discovery. Powered for reliable data collection"
LinkedIn Posts Search Scraper,PowerAI,https://apify.com/powerai/linkedin-posts-search-scraper?fpr=youssef,linkedin,15,708,1.6,2,"Extract posts from LinkedIn with detailed metadata including content, author details, engagement metrics, and direct URLs. Perfect for social media analysis, content research, and brand monitoring"
Linkedin User Profile Url - Mass Finder,ScrapeVerse,https://apify.com/scrapeverse/linkedin-user-profile-url---mass-finder?fpr=youssef,linkedin,15,634,4.9,5,"LinkedIn User Profile URL - Mass Finder automates locating LinkedIn profiles by inputting names, location or designations. It provides instant URLs, saving time for market research, lead generation, and recruitment. It enhances efficiency and streamlines workflows"
Linkedin Profile Scraper with Email (No Cookies),unli,https://apify.com/unlimitedleadtestinbox/linkedin-profile-scraper-with-email-no-cookies?fpr=youssef,email-finders,15,599,4.0,2,Linkedin Profile Scraper with Email (No Cookies)
Influencer Discovery - Find Influencers Across Social Platforms,The Howlers,https://apify.com/alizarin_refrigerator-owner/influencer-discovery---find-influencers-across-social-platforms?fpr=youssef,social-leads,15,413,3,1,"Discover influencers across Instagram, TikTok, LinkedIn, YouTube, and Twitter by niche, hashtags, engagement rate, and follower count. Perfect for influencer marketing campaigns and brand partnerships. Multi-Platform Discovery Niche Targeting Engagement Analysis Tier Filtering Contact Extraction"
Email Verifier & Validator + CSV Input (ZeroBounce Alt),Mando,https://apify.com/amr-mando/email-verifier?fpr=youssef,email-finders,15,280,5.0,2,Validate your emails with 100% handshake accuracy Bulk CSV & output with original columns without manual matching
Nextdoor Scraper,The Howlers,https://apify.com/alizarin_refrigerator-owner/nextdoor-scraper?fpr=youssef,other-lead-sources,15,226,1,1,"Scrape local business recommendations, neighborhood posts, and community data from Nextdoor. Get authentic local insights and recommendations that aren't available on other platforms"
SEEK Australia Jobs Scraper - Salary & Job Details,ParseForge,https://apify.com/parseforge/seek-scraper?fpr=youssef,jobs-hiring-signals,15,207,,0,"Scrapes SEEK Australia job listings by keyword, location, or direct URL. Returns title, company, salary, location, and optional full job description"
ImmoScout24 Detail Scraper 300ms/req | ImmobilienScout24,ClearPath,https://apify.com/clearpath/immoscout24-detail-listing-scraper?fpr=youssef,other-lead-sources,15,192,,0,"Vollständige Immobiliendetails aus ImmoScout24-URLs: Preise, Zimmer, Fläche, Adresse, Ausstattung, Energiedaten und Maklerkontakt mit Telefonnummer. Bis zu 10.000 Inserate pro Lauf. Export als CSV, JSON oder Excel"
Monster Jobs Scraper,Orgupdate,https://apify.com/orgupdate/monster-jobs-scraper?fpr=youssef,jobs-hiring-signals,15,183,1,1,"The latest and most advanced Monster Job Scraper. Our Monster Job Scraper extracts real-time job postings at scale from all over the world. A new research tool built for recruitment, insights and HR"
1688.com Supplier Scraper,devcake,https://apify.com/devcake/1688-com-supplier-scraper?fpr=youssef,other-lead-sources,15,159,,0,"Fast 1688.com supplier scraper. Get verified factory profiles, quality scores, and product offers. Source directly from gold-certified manufacturers for E-commerce"
Just Eat Restaurant Scraper,EasyApi,https://apify.com/easyapi/just-eat-restaurant-scraper?fpr=youssef,other-lead-sources,15,140,4.4,2,"Powerful Just Eat restaurant scraper that extracts comprehensive data including restaurant details, ratings, delivery info, and deals. Perfect for market research, food delivery analysis, and competitor monitoring. Supports custom search URLs and proxy configuration"
Cadremploi Scraper [] - French Executive Jobs,Black Falcon Data,https://apify.com/blackfalcondata/cadremploi-scraper?fpr=youssef,jobs-hiring-signals,15,29,5,1,Scrape cadremploi.fr - France's leading board for senior executives & managers (cadres) with salary ranges · contact details · structured listings. Incremental mode tracks new and changed jobs across scheduled runs
"JobBank Scraper - Canada Jobs, Salaries & Employers",Muhamed Didovic,https://apify.com/memo23/jobbank-scraper?fpr=youssef,jobs-hiring-signals,15,18,5,1,"Scrape jobs from Canada's Job Bank (jobbank.gc.ca), the federal government job board. Get job title, employer, location, salary (min/max/unit), employment type, posting date and full description. Search by keyword + location, or paste job URLs. No proxy setup needed. JSON or CSV, pay per result"
"Website Email Scraper - Emails, Phones & Payment-Ready Leads",Muhamed Didovic,https://apify.com/memo23/website-email-scraper?fpr=youssef,email-finders,15,17,,0,"Scrape emails, phones & socials from any list of websites - and flag which businesses actually take payments online (Stripe, Shopify, PayPal, Paddle & more). Optional MX verification + a 0-100 lead score. Turn a URL list into payment-qualified B2B leads. JSON/CSV/API"
"Map Your Show Exhibitor Scraper - Leads, Booths & Contacts",Muhamed Didovic,https://apify.com/memo23/mapyourshow-exhibitor-scraper?fpr=youssef,email-finders,15,15,,0,"Scrape any Map Your Show trade-show exhibitor directory - company name, booth, hall, description, website, phone, address and social links. Optional email enrichment turns the booth list into a B2B lead list. Multi-show input. JSON/CSV/API"
Instagram Profile Scraper No Login Required,VulnV,https://apify.com/vulnv/instagram-profile-scraper?fpr=youssef,social-leads,14,1187,,0,"Extract comprehensive data from public Instagram profiles including follower counts, following counts, posts data, bio information, and profile details. Bulk processing supported. No Instagram authentication needed - just provide profile URLs and get structured JSON data"
Deep Website Content Crawler,David,https://apify.com/6sigmag/deep-website-content-crawler?fpr=youssef,other-lead-sources,14,1121,3,1,"Scrape Failed Killer! A high-performance web scraper that rapidly extracts and analyzes content from multiple websites simultaneously. Perfect for competitive research, content aggregation, and website structure analysis"
Facebook Group Posts Scraper,EasyApi,https://apify.com/easyapi/facebook-group-posts-scraper?fpr=youssef,social-leads,14,466,2.4,4,"Scrape Facebook group posts efficiently with login support. Extract post content, author info, timestamps and more from any public or private Facebook group you have access to"
TikTok Profile Scraper - User detail,The Netaji,https://apify.com/thenetaji/tiktok-profile-scraper?fpr=youssef,social-leads,14,365,5,2,"Scrape TikTok profiles & posts fast and affordably! Get usernames, followers, bios, videos, captions & more for. Perfect for marketers, researchers & devs. Start scraping now!"
Dentist & Doctor Lead Scraper - Dental Practice Contacts,Sam Kleespies,https://apify.com/samstorm/dentist-lead-scraper?fpr=youssef,email-finders,14,322,,0,"Find dentists, orthodontists, doctors and clinics by city. Collect public business emails, phones, websites and source links. Multi-city searches, exclusions and verification evidence. Export CSV or use the n8n Google Sheets template. Store-tier discounts available"
OnlyFans Model Leads Scraper,DeepMine,https://apify.com/deepmine/onlyfans-model-leads-scraper?fpr=youssef,social-leads,14,299,5,3,"Automated OnlyFans lead scraper for OFM agencies. Pay only for model leads that pass your filters. Scrape new model profiles by niche for OnlyFans agency recruitment, keep only creators with Instagram links, and export outreach-ready leads with price, likes, stats and social links"
Facebook Groups Posts Scraper,Jan Danecki,https://apify.com/danek/facebook-groups-posts-scraper?fpr=youssef,social-leads,14,283,2.3,2,"Scrap Facebook groups fast and easy. This actor is a lightweight version of the Facebook Group actor. It is designed to be fast and efficient, so it can extract a large number of events for low price. It is also less likely to be blocked by Facebook"
YouTube Shorts [] Scraper,Muhamed Didovic,https://apify.com/memo23/youtube-shorts-scraper?fpr=youssef,social-leads,14,91,5,1,"Unlock YouTube Shorts analytics! Extract views, likes, and engagement data from any channel. Get complete channel stats: 919M+ views tracking, subscriber counts, join dates, locations. Bulk scrape with sorting options. Perfect for content creators, marketers, and researchers analyzing trends"
"Houzz Pros [] Contractor & Designer Leads, Reviews, Emails",Muhamed Didovic,https://apify.com/memo23/houzz-professionals-scraper?fpr=youssef,email-finders,14,52,5,2,"Houzz professionals scraper - find contractors, architects, designers and remodelers by trade and city. One row per pro: phone, website, address, rating, review count, services, areas served, license and cost estimate. Opt-in nested reviews and emails. Pure HTTP, no browser"
"Italy Company Registry Scraper - Registro Imprese, PEC, Bilanci",Muhamed Didovic,https://apify.com/memo23/italy-company-registry-scraper?fpr=youssef,email-finders,14,44,,0,"Scrape Italian company data from ufficiocamerale.it (Registro Imprese): VAT, tax code, REA, legal form, ATECO, registered address, revenue, profit, share capital, employees, SDI code and PEC certified email. Search by name, VAT or REA, or paste direct URLs. Cloudflare handled. JSON/CSV"
PitchBook Company API | Private Company & Funding Data,John,https://apify.com/johnvc/pitchbook-company-api?fpr=youssef,other-lead-sources,14,30,5,2,"Collect public PitchBook company profiles as clean, structured JSON. Send one or many company URLs and get funding, investors, valuation, competitors, employees, industries, and financials. Pay per company, MCP-ready for Claude and AI agents"
LinkedIn Company Profile Scraper,Muhamed Didovic,https://apify.com/memo23/linkedin-company-profile-scraper?fpr=youssef,linkedin,14,25,5,2,"Scrapes LinkedIn company ""About"" pages for: company name, description, tagline, website URL, phone number, employee count, founding year, specialties, headquarters address, industries, and unique identifiers"
Workday Career Sites API,John,https://apify.com/johnvc/workday-career-sites-api?fpr=youssef,jobs-hiring-signals,14,24,5,2,"Find the companies using Workday and every career site each one runs. Get the tenant, datacenter, careers URL, direct jobs API URL, and live open-role count as structured JSON. Build a Workday customer list, or resolve a single company in seconds. No key needed, MCP-ready for Claude and AI agents"
Instagram Scraper,DataFusionX,https://apify.com/devil_port369-owner/instagram-scraper?fpr=youssef,social-leads,13,2277,4.6,12,Scrape Instagram user's profile details along with Email/Phone details. Instagram scraper cheapest best fastest and 100% uptime
Y Combinator Scraper - 5000+ Startups & 8000+ Founders,ClearPath,https://apify.com/clearpath/ycombinator-api-scraper?fpr=youssef,jobs-hiring-signals,13,408,4.3,2,"Extract complete Y Combinator ecosystem data - 5000+ companies, 8000+ founders, 3500+ jobs. Perfect for VCs, recruiters, and researchers. Get startup intelligence, funding trends, team data, and job listings. Reliable Python scraper with proxy support. Start"
Facebook Video Search Scraper,PowerAI,https://apify.com/powerai/facebook-video-search-scraper?fpr=youssef,social-leads,13,367,4,1,"Extract Facebook videos by keyword with advanced filters, supporting auto-pagination and up to 5000 results per run. Ideal for research, analytics, and content discovery"
Facebook Email Scraper,EasyApi,https://apify.com/easyapi/facebook-email-scraper?fpr=youssef,email-finders,13,314,,0,"Effortlessly scrape email addresses from Facebook profiles and pages! Find Facebook content matching your keywords and specific email domains. Perfect for lead generation, social media marketing, and community building. Powered by stealth technology for reliable data collection"
"Price scraper - Extract prices, availability from any url/EAN",SR,https://apify.com/s-r/price-scraper---extract-prices-availability-from-any-url?fpr=youssef,other-lead-sources,13,292,,0,"Cheapest advanced price scraping tool for PDP URLs (works with any site!)/EAN. Extract real-time product prices, even from those that are blocked! Automated web scraper for monitoring webshop prices across multiple URLs. Perfect for price comparison, competitor analysis & dynamic pricing strategies"
Instagram Profile/Posts/Reels Downloader & Monitoring Mode,Muhamed Didovic,https://apify.com/memo23/apify-instagram-profile-scraper?fpr=youssef,social-leads,13,254,5,10,"Elevate your Instagram game with data-driven decisions. Our Profile Scraper delivers the in-depth information you need, from user stats to post performance, powering your social media mastery"
PagesJaunes.fr [] Leads with Emails & Phones Included,Muhamed Didovic,https://apify.com/memo23/pagesjaunes-scraper-cheerio?fpr=youssef,email-finders,13,207,5,7,"extract detailed business and professional data from PagesJaunes.fr. Whether you're a marketer, sales professional, or researcher, our scraper delivers accurate, structured data to help you identify leads, analyze market trends, and make data-driven decisions"
Realtor Scraper (Property Details),Luffy,https://apify.com/coder_luffy/realtor-scraper?fpr=youssef,email-finders,13,203,5,7,"This fast and affordable API/scraper provides real-time access to Realtor.com listings, including property details, pricing, location, and agent emails and phone numbers. Ideal for real estate analysis, lead generation, and data-driven projects"
VK Groups Scraper,EasyApi,https://apify.com/easyapi/vk-groups-scraper?fpr=youssef,other-lead-sources,13,178,1,1,"Scrape VK groups and communities data with advanced search capabilities. Extract group details including name, ID, followers count, category, and more. Perfect for market research and social media analysis"
Monster | Search | Details | Scraper · Emails,Muhamed Didovic,https://apify.com/memo23/monster-scraper?fpr=youssef,email-finders,13,159,5.0,6,"Collects Monster.com job data including IDs, titles, company metadata, salary ranges, employment types, posting dates, HTML descriptions, normalized locations, and apply URLs for recruitment analytics"
Immoweb Scraper,Gen First,https://apify.com/ivanvs/immoweb-scraper?fpr=youssef,other-lead-sources,13,146,,0,"Extract data from immoweb.be for data on thousands of apartments and house listings. Scrape house location, extract descriptions, images, prices, contact number, addresses, names, and all other listing details. Unlimited and extremely fast!"
Reed Jobs Scraper API [] - UK Salaries + Emails,Muhamed Didovic,https://apify.com/memo23/reed-jobs-scraper?fpr=youssef,email-finders,13,133,5,1,"Scrape Reed.co.uk for rich, structured job data. Extract exact min/max salaries, remote working options, required skills, full HTML descriptions, location coordinates, company names, and direct application links. Perfect for recruitment, candidate sourcing, and market trend analysis"
Yellow Pages AU URL | Keywords | Reviews Scraper,Abot API,https://apify.com/abotapi/yellow-pages-au-scraper?fpr=youssef,directories,13,126,,0,"Scrape business listings from Yellow Pages Australia by type and location. Get names, contacts, websites, ratings, social links, and more. Supports filters, sorting, and custom output fields. Perfect for lead gen, local SEO, and market research"
BizBuySell Scraper V2,ParseForge,https://apify.com/parseforge/bizbuysell-scraper-v2?fpr=youssef,enrichment-verification,13,94,5,3,"Scrape business-for-sale listings from BizBuySell.com by search URL or direct listing URL. Returns asking price, cash flow, EBITDA, broker name and phone, and optional detail-page enrichment"
"Dun & Bradstreet [] Companies, DUNS, Revenue & Staff",Muhamed Didovic,https://apify.com/memo23/dnb-scraper?fpr=youssef,directories,13,46,,0,"Scrape companies from the Dun & Bradstreet directory via D&B's own API - address, industry, DUNS, revenue (numeric + per-year), real employee counts, key principal, executives & website. Search with filters, browse industries by region/city, or paste profile URLs. JSON/CSV out"
"LinkedIn Email Finder | Profile URL to Work Email, No Login",The Mine Works,https://apify.com/themineworks/linkedin-email-finder?fpr=youssef,email-finders,13,24,,0,"Find work emails from LinkedIn profile URLs, or from a name plus a company or domain. One address per person with a status, a confidence score and its evidence: verified, published on the company site, matching its staff pattern, or a labelled guess. No login, no cookies"
Linkedin company scraper,Goldmine,https://apify.com/logical_scrapers/linkedin-company-scraper?fpr=youssef,linkedin,12,1782,4.7,10,"FASTEST LinkedIn company scraper. BULK Pull 50,000+ enriched company profiles in under 10 minutes. Company name, address, description, employee count, logo URL, website, industry, company size/type, headquarters, founding year, specialties, similar/affiliated pages, stock info and more"
Extended GPT Scraper,Jakub Drobník,https://apify.com/drobnikj/extended-gpt-scraper?fpr=youssef,email-finders,12,1619,4.8,5,"Extract data from any website and feed it into GPT via the OpenAI API. Use ChatGPT to proofread content, analyze sentiment, summarize reviews, extract contact details, and much more"
Youtube Channel Scraper,API Dojo,https://apify.com/apidojo/youtube-channel-scraper?fpr=youssef,social-leads,12,710,5,7,"The perfect tool for exceptional YouTube channel video retrieval tool. Experience unparalleled quickness and thoroughness in searching and directly obtaining videos from channels. Furthermore, it's incredibly affordable at !"
LinkedIn Jobs Scraper,Orgupdate,https://apify.com/orgupdate/linkedin-jobs-scraper?fpr=youssef,linkedin,12,658,,0,"The latest and most advanced LinkedIn Job Scraper. Our LinkedIn Jobs Scraper extracts real-time job postings at scale from all over the world. A new research tool built for recruitment, insights and HR"
TikTok Comment API,Novi,https://apify.com/novi/tiktok-comment-api?fpr=youssef,social-leads,12,565,4.7,8,Super Fast TikTok Comment API. Seamlessly retrieve comments with speed and efficiency. You don't need to pay for proxy because we use our own
TikTok Email Scraper,EasyApi,https://apify.com/easyapi/tiktok-email-scraper?fpr=youssef,email-finders,12,441,1,1,"Effortlessly scrape email addresses from TikTok profiles! Find TikTok creators matching your keywords and specific email domains. Perfect for influencer marketing, social media outreach, and collaboration opportunities. Powered by stealth technology for reliable data collection"
HTML Scraper pro,scrapingxpert,https://apify.com/scrapingxpert/html-scraper-pro?fpr=youssef,other-lead-sources,12,408,5,1,"The HTML Scraper Pro is a powerful tool designed to extract the HTML source code and metadata from websites. It uses advanced web scraping techniques to retrieve the full HTML content of web pages,page title and HTTP status code.This tool is ideal for data extraction, website analysis, and archiving"
eBay Scraper (Pay Per Result),Gen First,https://apify.com/ivanvs/ebay-scraper-pay-per-result?fpr=youssef,other-lead-sources,12,401,3,1,"Extract data from classified advertisements on eBay. Scrape any category of items that are being sold on eBay. Download listings data in JSON, XML, Excel, and other versatile formats"
Github Profile Scraper,SASWAVE,https://apify.com/saswave/github-profile-scraper?fpr=youssef,linkedin,12,262,5,2,"GitHub User Profile Scraper. Extracts data from GitHub profiles, including followers, following, LinkedIn, Twitter, achievements and much more. Ideal for developers, researchers, and marketers. From a list of Github profile or a repository stargazers link"
Linkedin Keyword Posts Urls Scraper,SaSkY,https://apify.com/sasky/linkedin-keyword-posts-urls-scraper?fpr=youssef,linkedin,12,257,,0,Scrapes Linkedin posts URLs related to a given keyword
Amazon Product Data Scraper,Zebu Data,https://apify.com/delicious_zebu/amazon-product-data-scraper?fpr=youssef,other-lead-sources,12,246,5.0,31,"Scrape Amazon product data by keyword or category/search URL across 20 country websites: price, rating, reviews, variants, seller, images and more"
TikTok Scraper,xtdata,https://apify.com/xtdata/tiktok-scraper?fpr=youssef,social-leads,12,220,5,3,"Get TikTok data fast! Real-time, authentic data. No pre-built databases! Track trending content, popular music videos, top users videos"
Zalando [] Scraper (PPE),Muhamed Didovic,https://apify.com/memo23/zalando-scraper?fpr=youssef,other-lead-sources,12,181,4.9,15,"This actor allows you to scrape Zalando product listings and get important details such as product name, price, brand, sizes, availability, images, and more. It is useful for gathering fashion product data from Zalando for analysis, market research, or competitive analysis"
BBB Scraper,The Howlers,https://apify.com/alizarin_refrigerator-owner/bbb-scraper?fpr=youssef,directories,12,169,,0,"Scrape Better Business Bureau (BBB) business profiles, ratings, complaints, reviews, and accreditation data. Get comprehensive trust signals and reputation data for any business"
TikTok [] Ad Library & Hashtag Trends Scraper,Muhamed Didovic,https://apify.com/memo23/tiktok-ads-scraper-cheerio?fpr=youssef,social-leads,12,147,5,1,"TikTok ads scraper: pull Creative Center Top Ads and the EU Ad Library in one actor. Export CTR, likes, comments, shares, cost score, campaign objective, industry, landing page and MP4 video URLs in five resolutions. Optional per-ad audience targeting and reach"
Google Maps Scraper + AI Lead Generation & Outreach,buseta,https://apify.com/buseta/google-maps-scraper?fpr=youssef,google-maps,12,143,,0,"Scrape Google Maps businesses with emails, reviews, and social links. Let AI score every lead and write personalized cold emails for you. Choose your goal (web design, SEO, reputation or custom) and get ready-to-send outreach for every lead. Free email extraction. Export to CSV, Sheets, or CRM"
LinkedIn jobs scraper (job publishers info incl.),Sambzh,https://apify.com/sbzh/linkedin-jobs-scraper-publishers?fpr=youssef,linkedin,12,138,5,4,"With this LinkedIn jobs scraper, get LinkedIn jobs data in real-time, including publishers information when available. Choose geographic zone, contract, level of experience or LinkedIn companies to get job offers that match with your need. One of the best LinkedIn jobs scraper. Feel free to try !"
Zillow Owner Agent Scraper,Kevin,https://apify.com/burbn/zillow-owner-agent-scraper?fpr=youssef,email-finders,12,131,5,1,"Extract owner and agent contact information from Zillow property listings. Get agent name, phone number, email, license number, broker details, MLS information, listing status, and rental contact data. Perfect for real estate lead generation, agent research, and property listing analysis"
Thumbtack Pro Listing Scraper,EasyApi,https://apify.com/easyapi/thumbtack-pro-listing-scraper?fpr=youssef,directories,12,131,,0,"Scrape Thumbtack pro listings with detailed business information, reviews, and pricing. Extract professional service providers' data including ratings, reviews, business facts, and contact details for market research and lead generation"
SAM.gov Federal Contracts Scraper,Fortuitous Pirate,https://apify.com/fortuitous_pirate/sam-gov-scraper?fpr=youssef,other-lead-sources,12,115,,0,"Search federal contract opportunities on SAM.gov. Extract solicitations, awards, set-asides, NAICS codes, and agency info. Essential for government contractors"
Trendyol Reviews Scraper,Shahid Irfan,https://apify.com/shahidirfan/Trendyol-Reviews-Scraper?fpr=youssef,other-lead-sources,12,89,5.0,6,"Unlock detailed product reviews and ratings from Turkey's leading e-commerce platform. Perfect for sentiment analysis, market research, and monitoring competitor feedback. Turn customer voice into actionable data to boost your sales and product strategy instantly"
Work.ua Job Scraper [] - Ukrainian Job Listings,Black Falcon Data,https://apify.com/blackfalcondata/work-ua-scraper?fpr=youssef,jobs-hiring-signals,12,48,,0,Scrape work.ua - Ukrainian job listings with full structured description · salary · company & location · employment type per listing. Incremental mode tracks new and changed jobs across scheduled runs
ZipRecruiter Scraper - Jobs by Keyword or URL + Employer Emails,Muhamed Didovic,https://apify.com/memo23/ziprecruiter-scraper?fpr=youssef,email-finders,12,40,5,2,"ZipRecruiter job scraper for the US, Canada, the UK and Ireland: search many keywords and cities per run, or paste any search URL. Salary, benefits, workplace type and apply links, only-new-jobs mode, run alerts and opt-in employer emails. JSON/CSV"
Linkedin Jobs Scrapper,ScrapeVerse,https://apify.com/scrapeverse/linkedin-jobs-scrapper?fpr=youssef,linkedin,11,713,1.5,2,"Get detailed and insightful data just by entering few information, No need to worry about Cookies and Authentication"
Twitter Email Scraper,EasyApi,https://apify.com/easyapi/twitter-email-scraper?fpr=youssef,email-finders,11,460,1,1,"Effortlessly scrape email addresses from Twitter profiles! Find Twitter users matching your keywords and specific email domains. Perfect for lead generation, influencer marketing, and targeted outreach campaigns. Powered by stealth technology for reliable data collection"
Checkatrade Scraper,VulnV,https://apify.com/vulnv/checkatrade?fpr=youssef,email-finders,11,283,5,1,"Scrape Checkatrade business listings with this Apify actor. Extract data like company names, reviews, ratings, contact details, and more - ideal for lead generation, market research, or competitor analysis"
Fast Instagram Location Scraper API,API Dojo,https://apify.com/apidojo/instagram-location-scraper-api?fpr=youssef,social-leads,11,166,4.1,7,"Instagram Location Scraper API - extract geo-tagged posts, GPS coordinates, and engagement data at 100-200 posts/sec. (50 FREE). 50, no login or proxies. Ideal for local marketing, tourism, retail, and real estate using Instagram location data at scale"
Craigslist Scraper | Fast & Reliable,Fatih Tahta,https://apify.com/fatihtahta/craigslist-scraper?fpr=youssef,email-finders,11,162,5,1,"Scrape Craigslist listings with emails included. Capture titles, prices, descriptions, images, categories and location data in clean JSON/CSV. Great for lead gen, local market research, price tracking and monitoring fresh posts"
Facebook Search Actor (No Cookies),Mina,https://apify.com/mina_safwat/facebook-search-actor?fpr=youssef,social-leads,11,140,,0,"If you want to search on Facebook at a large scale, this is the best tool available, offering the best accuracy and price"
Handelsregister Scraper,Dominic M. Quaiser,https://apify.com/dominic-quaiser/handelsregister-scraper?fpr=youssef,enrichment-verification,11,97,,0,"Leistungsstarker Actor zur Identifikation von Firmen und Entscheidungsträgern aus dem deutschen Handelsregister. Zugriff auf Geschäftsführer, Vorstände und vertretungsberechtigte Personen per Echtzeit-API - ideal für Lead-Enrichment, Marktanalysen, KYC und Due-Diligence"
Land.com Search [Bypass Limits][PPE] · Emails,Muhamed Didovic,https://apify.com/memo23/land-search-cheerio-ppr?fpr=youssef,email-finders,11,92,5,7,"Unlock the full potential of Land.com with this powerful scraper! Efficiently extract detailed property listings, including prices, acreage, media, and descriptions, to save time and make data-driven decisions. Perfect for real estate pros, investors, and researchers!"
LinkedIn Comment Thread: Replies + Reactors [No Login],Unseen User,https://apify.com/unseenuser/Comment-reactions-and-replies?fpr=youssef,linkedin,11,55,5,5,"Pull every reply and every reactor for a single LinkedIn comment thread, in one run. Built for community managers, journalists, and crisis-monitoring teams. No login, no cookies, no upsell. Every URL returns rows with a clear reason - never a silent zero-result run"
Investment Finance Professionals,John,https://apify.com/johnvc/SECInvestmentAdvisorContacts?fpr=youssef,email-finders,11,45,5,4,"Find and filter 250,000+ investment professionals and 15,000+ financial firms by location, firm name, and more. Get structured contact data with emails, LinkedIn profiles, and firm associations for lead generation and market research"
Avvo Scraper with Mails | US Lawyer Directory,Fatih Tahta,https://apify.com/fatihtahta/avvo-scraper?fpr=youssef,directories,10,1259,5,1,"Get verified US attorney profiles from Avvo.com including names, contacts, firms, ratings, practice areas, and locations. Build legal directories or power research tools with clean, structured data"
Google Maps Emails Scraper,DATARAVA,https://apify.com/datarava/google-maps-emails-scraper?fpr=youssef,google-maps,10,743,5,11,"Scrape thousands of businesses from Google Maps with their emails and social media profiles. Search by keywords and locations, then automatically visit business websites to extract email addresses and social links in a single run. Built for lead generation and sales prospecting"
Storeleads Scraper,SASWAVE,https://apify.com/saswave/storeleads-scraper?fpr=youssef,directories,10,706,5.0,7,"Storeleads scraper. Extract companies results from a search url. Get data about social network, name, monthly sales, visits, location, product sold, employees, technologies, trustpilot reviews, follower number, keywords, description and more"
Yelp Advanced Business Scraper: Pay Per Result,Zebu Data,https://apify.com/delicious_zebu/yelp-advanced-business-scraper-pay-per-result?fpr=youssef,directories,10,566,5.0,28,"Scrape Yelp business data & leads at scale - names, ratings, reviews, contact info, hours, amenities, popular dishes, health scores, Q&A & more. Works for restaurants, services & any Yelp category. Pay per result, no subscription. Great for lead generation, market research & apps"
"YouTube Email Scraper (Profile, Website, Social, Email)",Rush,https://apify.com/futurizerush/youtube-email-scraper?fpr=youssef,email-finders,10,536,2.2,5,"Find publicly available YouTube channel contact info for outreach and research. Provide channel URLs or search by keyword to collect business emails, website links, social profiles, and channel stats from public channel pages and linked websites"
Twitter Profile Scraper,Pratik Dani,https://apify.com/pratikdani/twitter-profile-scraper?fpr=youssef,social-leads,10,525,1,1,"The **Twitter Profile Scraper** collects detailed information from any public Twitter profile. Enter the profile URL to retrieve data such as follower count, post details, and profile information. Ideal for tracking and analyzing Twitter activity"
Telegram Scraper | Telegram Message Scraper,bhansalisoft,https://apify.com/bhansalisoft/telegram-group-channel-message-scraper?fpr=youssef,social-leads,10,509,1,1,"This Telegram Scraper tool Scrape Telegram group and channel messages, chat history and available user information with a Telegram scraper. Export structured Telegram data through Apify"
lead scraper (email),Luffy,https://apify.com/coder_luffy/lead-scraper-email?fpr=youssef,email-finders,10,465,5,5,"Lead Scraper (Email) generates targeted business leads from any keyword. Get emails, phone numbers, websites, addresses, and more - perfect for B2B marketing, outreach, and lead generation. Fast, accurate, and easy to use"
LinkedIn Company Search Scraper,PowerAI,https://apify.com/powerai/linkedin-company-search-scraper?fpr=youssef,linkedin,10,453,1.8,2,"Extract company information from LinkedIn with detailed metadata including company profiles, size, industry, and more. Perfect for market research, competitor analysis, and business development"
Google Search Results Scraper,halam,https://apify.com/datascoutapi/google-search-results-scraper?fpr=youssef,other-lead-sources,10,380,3.5,5,"Google Search Engine Scraper API - Extract real-time Google search results easily. Get organic results, paid ads, People Also Ask, Related Queries, reviews, and prices. Supports 25+ languages & 21+ countries. Export structured results in JSON, Excel, or CSV for SEO & market research"
Fast Google Search Results Scraper,David,https://apify.com/6sigmag/fast-google-search-results-scraper?fpr=youssef,other-lead-sources,10,334,5,4,"Paste keywords in bulk → get clean, clickable URLs. This ultra-lightweight Google SERP scraper is built for non-technical teams who need links fast for lead prospecting and market research. No giant payloads, no complex setup"
Glassdoor Job Listings Scraper,SilentFlow,https://apify.com/silentflow/glassdoor-jobs-scraper-ppr?fpr=youssef,jobs-hiring-signals,10,302,1,1,"Extract Glassdoor job listings with salary ranges, company ratings, remote status, and 30+ structured fields per job. Search across 23 countries with filters for job type, seniority, remote work, salary range, industry, and company size. Multi-keyword search with automatic deduplication included"
Welcome To The Jungle Jobs Scraper,Bebity,https://apify.com/bebity/welcome-to-the-jungle-jobs-scraper?fpr=youssef,jobs-hiring-signals,10,248,,0,"ℹ Retrieve jobs, articles, & organizations from ""Welcome to the Jungle"" using this Actor. Precision meets ease in this modern data tool. Perfect for recruiters, jobseekers, & researchers. Your key to the latest job market insights"
Etsy Product Scraper,SASWAVE,https://apify.com/saswave/etsy-product-scraper?fpr=youssef,other-lead-sources,10,240,,0,"Etsy scraper extract product details, descriptions, images, seller info, and more. Start from search url or product direct url"
Instagram Analytics Tool,Rigel Bytes,https://apify.com/rigelbytes/instagram-analytics-tool?fpr=youssef,social-leads,10,231,,0,"Uncover real influencer impact with the Instagram Engagement Tool. Analyze unlimited public profiles to get engagement rates on likes, comments, and views. Go beyond follower counts!"
SAM.gov Contract Opportunities Scraper - Federal Contracts,BowTiedRaccoon,https://apify.com/jungle_synthesizer/samgov-scraper?fpr=youssef,other-lead-sources,10,170,1,2,"Federal contract opportunities from SAM.gov: government contracts and bids (solicitations, sources sought, awards) with their bid documents, exclusion records (debarment list), wage determinations, and assistance listings. Filter by keyword, NAICS code, notice type, set-aside, agency, and state"
"OnlyFans Search Profiles | keyword, country, age, price",Iñigo Garcia Olaizola,https://apify.com/igolaizola/onlyfans-scraper?fpr=youssef,other-lead-sources,10,170,,0,"OnlyFans scraper to search creators by keyword or category, filter by price, sort by popular or new, and export clean datasets with usernames, links, images, and media for research and discovery"
Automate WhatsApp in One API,Alexandre Manguis,https://apify.com/leadsbrary/automate-whatsapp-in-one-api?fpr=youssef,social-leads,10,166,5.0,3,"Unlock WhatsApp automation in minutes: connect once via QR, then run messaging, media sends, number verification, chat exports, backups, and job tracking from one production-ready Control Center + API. Built for CRM, support, sales, and ops teams that need speed, reliability, and scale"
Global Influencer Discovery,PowerAI,https://apify.com/powerai/influencer-filter-api-scraper?fpr=youssef,social-leads,10,165,1.2,3,"Discover influencers for SEO outreach, partnerships, and market research across 3,600,000+ profiles in 211 countries"
immobilienscout24 scraper,Azzouzana,https://apify.com/azzouzana/immobilienscout24-de-properties-pages-scraper?fpr=youssef,other-lead-sources,10,159,5,1,"Scrape immobilienscout24.de properties pages with this NO-CODE tool! Extract info fast and export to JSON, CSV, Excel, or API. Just paste properties URLs and get your data. Blazing speed, affordable pricing, and effortless insights await. Start today and supercharge your workflow!"
Youtube Comments [] Scraper [with replies],Muhamed Didovic,https://apify.com/memo23/youtube-comments-scraper?fpr=youssef,social-leads,10,137,5,12,"No limits, no quotas, unlimited extraction. Extract YouTube comments from any video with full comment text, reply threads, author details, vote counts, posting dates, and video metadata. Download in JSON, CSV, and Excel"
Florida Sunbiz Scraper,Agenscrape,https://apify.com/agenscrape/florida-sunbiz-scraper?fpr=youssef,other-lead-sources,10,135,,0,"Extract comprehensive business information from Florida's official SunBiz database (search.sunbiz.org). Fast, reliable, and accurate data extraction for business research, due diligence, compliance monitoring, and market analysis"
Telegram Similar Channels Finder,akula.marketing,https://apify.com/akula.marketing/Telegram-Get-Recommended-Channels?fpr=youssef,social-leads,10,116,5,1,Find similar public Telegram channels by subscriber overlap. Discover competitors and niche communities from one seed channel username
Small Business Leads & Federal Contractor List - SBA DSBS,BowTiedRaccoon,https://apify.com/jungle_synthesizer/sba-crawler?fpr=youssef,email-finders,10,115,,0,"Build a small business lead list or federal contractor list from 450k+ verified businesses in the SBA Dynamic Small Business Search (DSBS). Includes contact details, 8(a) and HUBZone certifications, NAICS codes, and addresses across all 50 U.S. states"
Kijiji Scraper,Gen First,https://apify.com/ivanvs/kijiji-scraper?fpr=youssef,jobs-hiring-signals,10,95,,0,"Extract data from classified advertisements on Kijiji. Scrape details from jobs, housing, items wanted, items for sale, services, cars and trucks listed on Kijiji. Download listings data in JSON, XML, Excel, and other versatile"
Onlyfans User Scraper,Rush,https://apify.com/futurizerush/onlyfans-user-scraper?fpr=youssef,other-lead-sources,10,95,5,1,"Extract public profile data from OnlyFans creators - get statistics, engagement metrics, and profile information"
Google Ads Scraper,LurkAPI,https://apify.com/lurkapi/google-ads-scraper?fpr=youssef,other-lead-sources,10,88,,0,"Scrape Google Ads Transparency Center by advertiser ID, domain (auto-resolved), or search term. Optional OCR, landing-page scrape, media download"
Flexjobs Jobs Scraper,Orgupdate,https://apify.com/orgupdate/flexjobs-jobs-scraper?fpr=youssef,jobs-hiring-signals,10,72,,0,"The latest and most advanced FlexJobs Job Scraper. Our FlexJobs Job Scraper extracts real-time job postings at scale from all over the world. A new research tool built for recruitment, insights and HR"
Realtor Property Scraper,AgentX,https://apify.com/agentx/realtor-property-scraper?fpr=youssef,other-lead-sources,10,54,4.0,3,"Realtor.com property scraper for United States sale, rental, and sold searches. Return 40 normalized fields with traceable source URLs and optional filters"
Europages [] B2B Company Data + Emails & VAT IDs,Muhamed Didovic,https://apify.com/memo23/europages-scraper?fpr=youssef,email-finders,10,40,,0,"Turn Europages into B2B lead lists with real emails and VAT IDs. Search 3M+ European suppliers by keyword, filter by country, size and supplier type, and get one deduplicated row per company - contacts, coordinates, certificates included. Billed per result"
TikTok Profile Scraper,ToolzerHub,https://apify.com/toolzerhub/tiktok-profile-scraper?fpr=youssef,social-leads,10,20,,0,"Extract TikTok user profiles by username or profile URL. Get IDs, nicknames, bios, avatars, verification, privacy, region, and follower, following, and video statistics for every account. Export the data, run it via API, or schedule and monitor recurring checks"
Google Maps Reviewer Geo Profile API,John,https://apify.com/johnvc/google-maps-reviewer-geo-profile-api?fpr=youssef,google-maps,10,18,5,2,"Infer a Google Maps reviewer's home region from their review history. Clusters review coordinates into a standardized home-region guess (city/state/country + ISO codes), a confidence score, and a local-vs-travel footprint. One row per reviewer, for reviewer vetting and fraud research. MCP-ready"
Yelp Business Details API,John,https://apify.com/johnvc/Yelp-Place-API?fpr=youssef,directories,10,16,5,3,"Scrape full Yelp business profiles from business URLs or place IDs - name, rating, reviews, price, categories, phone, address, website, hours, amenities, popular dishes, photos, and review highlights. Optional full menu extraction. Batch many businesses per run"
Yelp Reviews API and MCP,John,https://apify.com/johnvc/Yelp-Reviews-API?fpr=youssef,directories,10,15,4.2,5,"Scrape Yelp reviews from a business URL or place ID - rating, full review text, date, reviewer name and stats, photos, owner replies, and helpful votes. Sort by date or rating, filter by stars, search within reviews, and paginate"
Google Shopping Lite API,John,https://apify.com/johnvc/google-shopping-lite-api?fpr=youssef,other-lead-sources,10,14,5,5,"Search Google Shopping in bulk and get one row per product - price, retailer, rating, delivery, and link - for fast e-commerce price monitoring. Send many search terms at once, target a country and language. Pay per product. MCP-ready for Claude and AI agents"
Twitter (X) Profiles and Tweets Scraper,Muhamed Didovic,https://apify.com/memo23/apify-twitter-profile-scraper?fpr=youssef,social-leads,9,868,4,1,"This actor allows you to scrape Twitter/X profiles, extract tweets, key metrics, metadata and gather insights such as tweet content, engagement metrics (likes, retweets, replies), and author details. It is handy for social media analysis, marketing research, and tracking public figures or brands"
"Facebook Meta Ad Leads (Email, Phone & More)",Iñigo Garcia Olaizola,https://apify.com/igolaizola/facebook-ad-leads?fpr=youssef,email-finders,9,381,2.8,4,"Facebook Meta advertiser scraper for lead generation, prospecting, and market research. Find businesses by keyword and get names, websites, social profiles, phones, addresses, categories, and emails. Export structured results as JSON, CSV, or Excel, or connect through the API and MCP"
Linkedin Company Profile Id To Slug Finder,ScrapeVerse,https://apify.com/scrapeverse/linkedin-company-profile-id-to-slug-finder?fpr=youssef,linkedin,9,326,,0,"This is a utility Actor, it can help you to find slug based url by entering id based company profile url. Which can be used in Linkedin Company Profile Scraper to scrape company profile"
Instagram Message Sender,clothe fobia,https://apify.com/clothefobia/instagram-message-sender?fpr=youssef,social-leads,9,317,,0,Instagram Message Sender- Send message to any instagram userid
"Парсер 2ГИС - база компаний, контакты и отзывы",Tugelbay Konabayev,https://apify.com/tugelbay/2gis-scraper?fpr=youssef,email-finders,9,288,4.8,3,"Выгружайте организации из 2ГИС по городу и запросу: телефоны, сайты, email при наличии, адреса, координаты и поля для CRM. До 100 доступных отзывов на компанию и ответы бизнеса входят в цену организации. Экспорт в Excel, CSV, JSON и API"
Verified Work Email Finder: LinkedIn URL or Name + Company,Parvenu,https://apify.com/parvenu/email-enrichment?fpr=youssef,email-finders,9,206,5.0,3,"Find verified work emails for one person or a whole list, from LinkedIn URLs or from names plus company name or domain. Results appear as each email is found. You only pay for emails found: each"
OnlyFans Finder Pro,DeepMine,https://apify.com/deepmine/onlyfans-finder-pro?fpr=youssef,social-leads,9,205,,0,"Find OnlyFans creators by appearance, niche, style or location. Search any look, interest or city as a keyword (redhead, tattoos, miami) or browse new and top profiles. Get creator data with pricing, engagement stats (likes), bio, and the Instagram, Twitter/X and TikTok links they list"
Realtor Agents Scraper,Agenscrape,https://apify.com/agenscrape/realtor-agents-scraper?fpr=youssef,email-finders,9,150,,0,"Scrape real estate agents from Realtor.com. Get agent names, phone numbers, office info, ratings, reviews, listings data, broker information, MLS data, social media, and more by city or zip code"
Product Hunt Scraper for Launch & Maker Leads,scraping automation,https://apify.com/runtime/producthunt-scraper?fpr=youssef,other-lead-sources,9,144,5,1,"Scrape Product Hunt launches, makers, hunters, websites, social links, comments, reviews, upvotes, rankings, and startup lead signals"
AllTrails Trail Scraper,ParseForge,https://apify.com/parseforge/alltrails-scraper?fpr=youssef,other-lead-sources,9,131,4.0,6,"Scrapes AllTrails trail listings by national park, US state, city, or custom coordinates. Returns each trail as a flat row with difficulty, length, elevation, rating, reviews, and activity tags"
LinkedIn Profile Scraper,Always Prime,https://apify.com/alwaysprimedev/linkedin-profile-scraper?fpr=youssef,linkedin,9,119,5,2,"Apify actor in Go for scraping public LinkedIn profile data, enriching company details, and attempting contact discovery"
Workable Job Scraper,Shahid Irfan,https://apify.com/shahidirfan/Workable-Job-Scraper?fpr=youssef,jobs-hiring-signals,9,70,5.0,7,"Effortlessly scrape job listings from Workable. This actor is designed for simplicity, providing a minimal, clean dataset with just the core job details. Perfect for quick data collection and lead generation without the extra noise"
Reed Expo Exhibitor List Scraper,Skython,https://apify.com/skython/reed-expo-exhibitor-list-scraper?fpr=youssef,b2b-databases,9,69,5.0,2,"Extract complete exhibitor lists from Reed Expo trade shows - Aluminium, FIBO, Euroblech, IBTM World, IFTM, In-Cosmetics, JCK Las Vegas, WTM ATM, PSI, Pollutec, and more. Collect company details, social media links, and product groups for B2B lead generation, sales prospecting, and event networking"
AmbitionBox Reviews Scraper · Emails,Muhamed Didovic,https://apify.com/memo23/ambitionbox-reviews-scraper?fpr=youssef,email-finders,9,68,5,1,"Scrape AmbitionBox employee reviews - 7 named sub-ratings, work policy (WFO/WFH/Hybrid), job profile, location, verified flag, employer responses. Flat per-review rows with full company aggregate (rating distribution, top mentions, top job profiles) denormalized. Akamai-aware via Apify IN"
Leboncoin Ad Details Scraper,SilentFlow,https://apify.com/silentflow/leboncoin-details-scraper-ppr?fpr=youssef,other-lead-sources,9,63,,0,"Extract full details from any Leboncoin ad URL with pay-per-result pricing. Get full descriptions, prices, seller profiles, GPS coordinates, high-res photos and category-specific attributes. Returns 30+ structured fields per ad. Pay only for results delivered, residential proxies included"
Pappers.fr Company Scraper,Epic Scrapers,https://apify.com/epicscrapers/pappers-scraper?fpr=youssef,b2b-databases,9,59,3.0,2,"Scrape French company data from Pappers.fr including SIREN numbers, legal forms, financial records, directors, and publications. Supports bulk searches by keyword or Pappers.fr URL filters for precise, targeted data extraction"
Reddit [] Posts | Users | Scraper,Muhamed Didovic,https://apify.com/memo23/reddit-scraper?fpr=youssef,social-leads,9,58,5,4,"[] A no-auth Reddit API alternative - scrape posts & full comment threads from public JSON: site-wide & subreddit search, feed browse, date filters, NSFW toggle, phrase match, proxy rotation. Works in Claude, Cursor & ChatGPT via Apify's MCP"
Coches.net Scraper - Car Listings & Dealers,Rastriq - Structured data from the world,https://apify.com/rastriq/cochesnet-spain?fpr=youssef,directories,9,55,5.0,2,"Scrape vehicle listings and the full dealer directory from Coches.net, Spain's largest car marketplace. Extract prices, specs, photos, location, and dealer contacts. Filter by brand, model, fuel, price, year, or province. Incremental mode for zero-duplicate feeds"
Influencer Scraper,Maxime Dupré,https://apify.com/maximedupre/influencer-scraper?fpr=youssef,social-leads,9,31,,0,"Find public influencer profiles across TikTok, Instagram, and YouTube. Search by keyword or add usernames, @handles, and profile URLs to export profile metrics, bios, recent posts, and source links"
"Google Play Scraper · Apps, Reviews, Search & Developer Emails",Muhamed Didovic,https://apify.com/memo23/google-play-scraper?fpr=youssef,email-finders,9,25,5,1,"Scrape Google Play - app details, reviews, ranked search (ASO), similar apps and developer portfolios - across multiple countries in one run. Optional data-safety, permissions and developer contact-email enrichment. Prices, ratings and ranking per country. JSON, CSV, Excel"
"Apple Maps API | Places, Guides, Local Search & Refinements",John,https://apify.com/johnvc/apple-maps-api?fpr=youssef,other-lead-sources,9,22,5.0,3,"Scrape Apple Maps and extract local business listings, place details, curated guides, and refinement filters in one Actor. Phone, ratings, reviews, hours, address, GPS, amenities, multi-source ratings. City-name or coordinate targeting. Pay per result. MCP-ready for Claude, ChatGPT, Cursor"
Yelp Search API,John,https://apify.com/johnvc/yelp-search-api?fpr=youssef,directories,9,21,5.0,4,"Scrape Yelp search results - ranked local business listings with name, categories, star rating, and review count. Search by location and term or paste a Yelp search URL. Filter by category, sort by rating or review count, paginate, and get the place IDs that feed the Details and Reviews APIs"
"Local Business Email Finder - Owner Emails, Phones & Socials",inovaflow,https://apify.com/inovaflow/local-business-email-finder?fpr=youssef,email-finders,9,18,,0,"Find the owner's or business e-mail of any local business - from a list of names or websites, or a search by category and city. Deep website crawl + long-tail web search, owner name and title, phones and socials; every e-mail verified and tagged with source and confidence. Dataset-only, MCP-ready"
Google Ads Transparency API | Ad Library for Marketing Agents,John,https://apify.com/johnvc/google-ads-transparency-api?fpr=youssef,other-lead-sources,9,18,5,1,"List any advertiser's ads from the Google Ads Transparency Center as structured JSON: ad format, first and last shown dates, total days running, and a preview link. Competitor ad library for growth teams, agencies, and AI marketing agents. Pay per ad, MCP-ready"
Instagram Hashtag Scraper,EasyApi,https://apify.com/easyapi/instagram-hashtag-scraper?fpr=youssef,social-leads,8,1627,1,2,"Effortlessly scrape Instagram hashtag data, including top posts and engagement metrics. Perfect for marketers, researchers, and data analysts looking to gain insights from Instagram trends and content performance"
Onlyfans Scraper,datawizards,https://apify.com/hello.datawizards/onlyfans-scraper?fpr=youssef,other-lead-sources,8,919,,0,"Efficient OnlyFans scraper for extracting public data, media, and insights with no proxy requirements and low costs"
All-in-One Social Media Email Scraper,EasyApi,https://apify.com/easyapi/all-in-one-social-media-email-scraper?fpr=youssef,email-finders,8,845,2.9,4,"Discover emails across 30+ social platforms! Extract contact info from Facebook, Twitter, LinkedIn, and more. Perfect for lead gen, influencer outreach, and market research. Fast, efficient, and proxy-enabled. Boost your networking and marketing efforts today!"
Instagram Comments Scraper,EasyApi,https://apify.com/easyapi/instagram-comments-scraper?fpr=youssef,social-leads,8,640,1.8,3,"Effortlessly extract comments from Instagram posts. Capture user details, engagement metrics, and nested replies. Perfect for social media analysis, influencer research, and brand monitoring. Stealth-enabled for reliable data collection"
Google Maps Business Scraper | Enterprise Grade,Fatih Tahta,https://apify.com/fatihtahta/google-maps-scraper-enterprise?fpr=youssef,google-maps,8,313,5.0,3,"Scrape Google Maps fast with best-in-class coverage. Get clean, rich place data including phone, website, hours, price, photos, attributes and more. Ideal for lead generation and market research"
Facebook Pages Scraper,EasyApi,https://apify.com/easyapi/facebook-pages-scraper?fpr=youssef,social-leads,8,296,,0,"Effortlessly extract comprehensive data from Facebook Pages, including likes, followers, contact info, and more. This powerful scraper navigates through various page sections to provide valuable insights for businesses, marketers, and researchers"
Pitchbook Companies Scraper,Pratik Dani,https://apify.com/pratikdani/pitchbook-companies-scraper?fpr=youssef,other-lead-sources,8,257,1,1,"PitchBook Company Profile Scraper actor scrapes detailed company information from PitchBook company profile pages. It extracts comprehensive data including company details, social media presence, financial information, competitors, and frequently asked questions"
Capterra Reviews Scraper,GetDataForMe,https://apify.com/getdataforme/capterra-reviews-scraper-bulk?fpr=youssef,directories,8,247,1.7,3,"Scrape detailed customer reviews from Capterra with the Capterra Reviews Scraper Apify Actor. Extract ratings, pros/cons, reviewer info, and more for any company. Input company name and optional proxy config, get structured JSON output"
Linkedin Comment Scraper,Capable Cauldron,https://apify.com/capable_cauldron/linkedin-comment-scraper?fpr=youssef,linkedin,8,232,4.2,3,"Scrape comments and replies from LinkedIn posts. Supports pagination, filtering, and comprehensive data extraction"
Shopify Store Scraper,WebDataLabs,https://apify.com/webdatalabs/shopify-store-intelligence?fpr=youssef,enrichment-verification,8,185,5,1,"Deep-dive any Shopify store: full product catalogue, installed apps, theme, pricing strategy and tech stack, plus review coverage and average rating measured over a product sample. One flat record per store for competitor research and lead generation"
Messe Düsseldorf Exhibitor List Scraper,Skython,https://apify.com/skython/messe-duesseldorf-exhibitor-list-scraper?fpr=youssef,b2b-databases,8,175,5,3,"Extract complete exhibitor lists from Messe Düsseldorf trade shows - Medica, Caravan-Salon, Compamed, Drupa, Eurocis, Euroshop, Glasstec, Interpack, Prowein, and more. Collect company details, social media links, and contact persons for B2B lead generation, sales prospecting, and event networking"
Dealroom Scraper,SASWAVE,https://apify.com/saswave/dealroom-scraper?fpr=youssef,enrichment-verification,8,155,5,2,"Dealroom company scraper. Collect data from companies using their url / domain name. Dealroom web crawler extract data about social networks, similarweb website traffic, funding rounds, investments, team members, KPI revenues and more"
Instagram Analytics Pro,CQ,https://apify.com/constant_quadruped/instagram-analytics-pro?fpr=youssef,social-leads,8,141,,0,"Transform Instagram data into influencer analytics. Flattens nested childPosts, musicInfo & comments. Computes engagement rates, profile scores (0-100), comment sentiment, and trending audio from Reels. Compare multiple profiles with HTML dashboard. CRM-ready exports for marketing teams"
Instagram Direct Messages (DMs) Automation,NoSite,https://apify.com/am_production/instagram-direct-messages-dms-automation?fpr=youssef,social-leads,8,131,5.0,10,"Bulk-send Instagram DMs from a spreadsheet-simple input. Cookie login, no API keys, 99.9% success rate on 900+ runs/mo. New pay-per-event pricing: +. Rental model still available email ahmedemad9112@gmail.com"
Koelnmesse Exhibitor List Scraper,Skython,https://apify.com/skython/koelnmesse-exhibitor-list-scraper?fpr=youssef,b2b-databases,8,128,5,2,"Extract complete exhibitor lists from Koelnmesse trade shows - Anuga, Eisenwarenmesse, Didacta, The Tire, Kind + Jugend, Aquanale, Interzum, Intermot, Gamescom, and more. Collect company details, social media links, and product groups for B2B lead generation, sales prospecting, and event networking"
[Deprecated] Auction.com Property Scraper,ParseForge,https://apify.com/parseforge/auction-com-property-scraper-ppe?fpr=youssef,other-lead-sources,8,128,5,2,"This Actor has been replaced by parseforge/auction-com-property-scraper, which collects the same Auction.com data with the same engine. Existing runs keep working; new work should use the replacement"
Reddit Lead Scraper: Monitor Keywords & Mentions,Practical Tools,https://apify.com/practicaltools/reddit-keyword-monitor?fpr=youssef,social-leads,8,115,,0,"Stop wasting time manually searching Reddit. This actor finds high-intent leads, filters out the spam (crypto/bots), and alerts you only when a real customer is talking"
Twitter Trends Scraper,PowerAI,https://apify.com/powerai/twitter-trends-scraper?fpr=youssef,social-leads,8,107,,0,"Fetch trending topics for any country on Twitter, with detailed trend information. Supports up to your specified maxResults"
Instagram Dm Automation messages,Ryhmed,https://apify.com/rhymed_jellyfish/instagram-dm-automation-messages?fpr=youssef,social-leads,8,103,4.8,2,"Instagram DM Automation Automatically send direct messages to multiple Instagram users using your session ID. Customize the message, delay, and number of users for safe, efficient outreach"
Zillow Scraper,FlowExtract API,https://apify.com/dz_omar/zillow-scraper?fpr=youssef,other-lead-sources,8,84,5,1,"Scrape Zillow listings by location or search URL for sale, for rent, or recently sold. Get price, address, beds, baths, size, Zestimate, tax value, agent and every photo, with large areas handled automatically"
Dribbble Designer Scraper,EasyApi,https://apify.com/easyapi/dribbble-designer-scraper?fpr=youssef,jobs-hiring-signals,8,79,,0,"Effortlessly scrape Dribbble designer profiles! Based on keyword searches, collect usernames, profile URLs, professional status, skills, and meta tags. Perfect for recruiters, agencies, and researchers to quickly discover and understand designers with specific expertise on Dribbble"
Zillow Lenders | Search | Detail Page(s) | Scraper,Muhamed Didovic,https://apify.com/memo23/zillow-lenders-scraper?fpr=youssef,email-finders,8,77,5,6,"Extract mortgage lender data from Zillow including: lender names, NMLS IDs, contact info (phone, address, website), ratings & reviews, state licenses, specializations, and detailed bios. Get comprehensive lender profiles for market research and lead generation"
domain.com.au,FlowExtract API,https://apify.com/dz_omar/domain-scraper?fpr=youssef,enrichment-verification,8,70,5,2,"Scrape property listings from domain.com.au prices, agent contacts, nearby schools, market insights, images & floor plans. Input any search URL with filters. Full enrichment via property-details API"
Signalbase Real Time Job Change Signals,Signalbase,https://apify.com/signalbase/signalbase-job-changes?fpr=youssef,jobs-hiring-signals,8,50,,0,"Real-time job change signals. Over 960k role changes detected and growing every minute, from C-level to early career, with personal profiles, company context, and original source URL. Built for trigger-based outbound by AI SDRs, GTM teams, and customer expansion"
Karriere.at Scraper - Austria's #1 Job Board,Muhamed Didovic,https://apify.com/memo23/karriere-at-scraper?fpr=youssef,jobs-hiring-signals,8,28,5,1,"Scrape karriere.at - Austria's #1 job board. Structured EUR salary (min/max + pay period), employer website, apply URL, full descriptions, home-office flags. Search by keyword & location or paste any URL. Optional employer email enrichment. JSON/CSV for recruiting, leads & salary analytics"
LinkedIn User Reactions Scraper [NO COOKIES],Unseen User,https://apify.com/unseenuser/LinkedIn-user-reactions?fpr=youssef,linkedin,8,26,5,5,"Scrape every reaction (like, celebrate, support) a LinkedIn user has given. See what topics interest them at a glance - lighter signal than comments but 10x broader coverage. No login, no cookies. Built for topic interest mapping and lightweight prospect research"
PitchBook Scraper - Companies & Investors,Muhamed Didovic,https://apify.com/memo23/pitchbook-scraper?fpr=youssef,other-lead-sources,8,25,5,1,"Scrape PitchBook company & investor profiles without a login - financing status, competitors, employees, deal history, investor type, HQ, activity metrics, and FAQ data. Works with profile URLs, keyword search (auto-paginated), or sitemap-wide investor filters. JSON or CSV out"
Business Reverse Phone Lookup Scraper,Automation Lab,https://apify.com/automation-lab/business-reverse-phone-lookup?fpr=youssef,enrichment-verification,8,14,,0,"Resolve public business phone numbers to names, confidence scores, and cited source evidence for CRM enrichment and verification"
"Extract Emails, Socials and Contacts from Any Website",Goldmine,https://apify.com/logical_scrapers/extract-email-from-any-website?fpr=youssef,email-finders,7,2448,5,8,"(fastest) An advanced Actor for extracting email addresses, social links and contact details from websites. This tool is perfect for web scraping, contact collection, and lead generation"
Linkedin Email Scraper,EasyApi,https://apify.com/easyapi/linkedin-email-scraper?fpr=youssef,email-finders,7,1342,3.4,6,"Effortlessly scrape email addresses from LinkedIn profiles! Find professionals matching your keywords and specific email domains. Perfect for lead generation, recruitment, and B2B outreach campaigns. Powered by stealth technology for reliable data collection"
YouTube Email Extractor - Fast & cheap,Storm_Scraper,https://apify.com/scrapestorm/youtube-email-extractor---fast-cheap?fpr=youssef,email-finders,7,1035,2.5,26,"Extract emails from YouTube quickly! Search by keywords, email domains, and scrape unlimited emails. Filter by domains like Gmail, Yahoo, or custom options. Get accurate email lists with YouTube source links. Start now and unlock endless possibilities for outreach!"
Upwork Job Scraper,Matthew James,https://apify.com/matthewjames/upwork-job-scraper?fpr=youssef,jobs-hiring-signals,7,541,4.9,8,"Scrape recent and relevant Upwork.com jobs, filter and only pay for what you need. Unauthed runs = no ban risk"
Facebook Group Posts and Details Scraper,Muhamed Didovic,https://apify.com/memo23/apify-facebook-group-scraper?fpr=youssef,social-leads,7,521,1.3,2,"Scrape detailed information from Facebook groups, including posts, author details, and engagement metrics. This scraper allows you to gather insights from public and private Facebook groups, ideal for social listening, trend analysis, and competitor research"
Gelbe Seiten Scraper - German Business Directory,Frederic,https://apify.com/plowdata/gelbe-seiten?fpr=youssef,directories,7,423,5.0,8,"Extract German business leads and company information from Gelbe Seiten (gelbeseiten.de). Collect emails, phone numbers, addresses, reviews, and rich listing data. Export to CSV, Excel, JSON, or integrate into automation workflows"
Amazon Seller Data Extractor,Pratik Dani,https://apify.com/pratikdani/amazon-seller-extractor?fpr=youssef,email-finders,7,388,,0,"This actor efficiently scrapes Amazon seller data, including storefront details, ratings, product listings, and contact information. It helps analyze competition and identify potential partners on the Amazon marketplace"
Social Media Posts Extractor,Caprolok,https://apify.com/caprolok/social-media-posts-extractor?fpr=youssef,linkedin,7,322,,0,"Effortlessly extract posts from Instagram, TikTok, YouTube, LinkedIn, and Twitter. Search by specific keywords and locations to quickly get structured results, including usernames, captions, engagement stats, and direct post links. Ideal for marketers, creators, and researchers"
Zoominfo Companies Scraper,Pratik Dani,https://apify.com/pratikdani/zoominfo-companies-scraper?fpr=youssef,b2b-databases,7,263,,0,"The ZoomInfo Company Profile Scraper is designed to extract detailed information from valid ZoomInfo company profiles. This tool automates the process of gathering essential company data, making it easier for users to analyze and utilize the information for various purposes"
"Fast Yelp Business Scraper API | Ratings, Contact & Amenities",Agents,https://apify.com/theagents/yelp-business?fpr=youssef,directories,7,204,5,7,"Extract Yelp business profiles, ratings, operating hours, amenities, and contact details. 30+ fields per business. No Yelp API key needed. Pay per result"
Messe Frankfurt Exhibitor List Scraper,Skython,https://apify.com/skython/messe-frankfurt-exhibitor-list-scraper?fpr=youssef,b2b-databases,7,175,5,2,"Extract complete exhibitor lists from Messe Frankfurt trade shows - Ambiente, Eurobike, Automechanika, Formnext, Heimtextil, Nordstil, Techtextil, SPS, PCIM, and more. Collect company details, social media links, and product groups for B2B lead generation, sales prospecting, and event networking"
Linkedin Company Url Mass Finder | Pay Per Event,ScrapeVerse,https://apify.com/scrapeverse/linkedin-company-url-mass-finder-pay-per-event?fpr=youssef,linkedin,7,136,,0,"Stop wasting time manually searching for LinkedIn company pages. With LinkedIn Mass Company URL Finder, input your company list and get instant access to their LinkedIn URLs. Automate your search and streamline your workflow today!"
BizQuest Business Listings Scraper,ParseForge,https://apify.com/parseforge/bizquest-scraper?fpr=youssef,other-lead-sources,7,87,5,3,"Scrapes business-for-sale listings from BizQuest with filters for location, industry, price, cash flow, and listing age. Returns each listing as a flat row"
LinkedIn Jobs Scraper - Salary & Recruiter Data,FlowExtract API,https://apify.com/dz_omar/linkedin-jobs-scraper?fpr=youssef,linkedin,7,81,4.6,14,"Scrape LinkedIn job postings in bulk - title, company, exact posting date, location, salary range parsed to min/max, seniority, employment type, industry, applicant count, full description, and the recruiter who posted the job. Pay per job returned, with no per-run startup fee. No login needed"
LinkedIn Profile Scraper - Profiles & Your Own Connections,Muhamed Didovic,https://apify.com/memo23/linkedin-profile-scraper?fpr=youssef,linkedin,7,74,5,4,"Scrape LinkedIn profiles for name, headline, full work history, education and skills. Paste profile URLs, or flip one toggle to export your own first-degree connections and scrape every one - no 1,000-result cap. Clean JSON, CSV or Excel, no monthly rental"
Amazon Brazil Scraper - Anti-Block: Products & Prices,viralanalyzer,https://apify.com/viralanalyzer/amazon-brazil-intelligence?fpr=youssef,other-lead-sources,7,64,5,4,"Extract Amazon Brazil data: products, prices, reviews, BSR rankings, seller info"
Idealista | Spain |Italy| Portugal | Richest Output | PPE V2,Muhamed Didovic,https://apify.com/memo23/idealista-scraper-rental?fpr=youssef,other-lead-sources,7,60,5.0,3,"Extract comprehensive property data from Idealista.com: prices, locations, images, agent contacts, property features (rooms, bathrooms, amenities), detailed descriptions in multiple languages, and market insights. Perfect for real estate analysis, investment research, and market monitoring across EU"
Advanced Website Domain Name Validator,SASWAVE,https://apify.com/saswave/advanced-website-domain-name-validator?fpr=youssef,enrichment-verification,7,59,5,1,"Advanced domain scraper. Determine if a domain is still valid or has moved. We test multiple scenario before flagging the domain as invalid. Extract technologies stack, social account, emails"
Messe Berlin Exhibitor List Scraper,Skython,https://apify.com/skython/messe-berlin-exhibitor-list-scraper?fpr=youssef,b2b-databases,7,55,5,2,"Extract complete exhibitor lists from Messe Berlin trade shows - ITB Berlin, Spielwarenmesse, Fruit Logistica, IAA Transportation, SMM-Hamburg, Internorga, and more. Collect company details, social media links, and contact persons for B2B lead generation, sales prospecting, and event networking"
Avvo Lawyers Scraper,Shahid Irfan,https://apify.com/shahidirfan/Avvo-Scraper?fpr=youssef,b2b-databases,7,34,5.0,6,"Extract lawyer profiles, client reviews, and legal directory data from Avvo with this lightweight and efficient actor. Perfect for gathering legal industry insights quickly. For the most reliable performance and to ensure seamless data extraction, using residential proxies is strongly recommended"
"Vitals.com Doctor [] Scraper · NPI, Specialty & Reviews",Muhamed Didovic,https://apify.com/memo23/vitals-scraper?fpr=youssef,other-lead-sources,7,33,5,2,"[] Scrape Vitals.com US doctor & dentist profiles - by specialty/location browse or individual profile URLs. Returns name, NPI, specialty, education, licenses, practice locations, phone, ratings & review counts, languages, insurance and bio in clean JSON/CSV. Pure HTTP, no browser"
NMLS Consumer Access Scraper - Licenses & Contacts,Muhamed Didovic,https://apify.com/memo23/nmls-scraper?fpr=youssef,other-lead-sources,7,24,,0,"Scrape NMLS Consumer Access for mortgage companies, MLOs, and branches - state licenses with statuses and dates, regulatory disclosures with PDF links, trade names, and sponsor/branch relationships. Search by name, NMLS ID, or state; CAPTCHA solved automatically. Clean JSON/CSV output"
LinkedIn Ads Scraper No Cookies,Goldmine,https://apify.com/logical_scrapers/linkedin-ads-scraper?fpr=youssef,linkedin,7,12,5,1,"The LinkedIn Ads Scraper extracts ads from the public LinkedIn Ad Library at scale, no login or cookies required. Search by keyword or advertiser, you get data for every matching ad: creative variants, images, the advertiser and paying entity, run dates, estimated impressions and audience targeting"
Instagram Number Scraper,bhansalisoft,https://apify.com/bhansalisoft/instagram-number-scraper?fpr=youssef,social-leads,6,1898,1.3,4,Instagram Number Scraper: Scrap Number from Instagram specific profile from search engine based on your keyword
Telegram Group and Channel Member Extractor Without Login,clothe fobia,https://apify.com/clothefobia/telegram-group-and-channel-member-extractor?fpr=youssef,social-leads,6,1143,3,1,Telegram Group and Channel Member Extractor -Extract member From any telegram group/channel Without Telegram Login
Instagram Email Phone Scraper,DataFusionX,https://apify.com/devil_port369-owner/instagram-email-phone-scraper?fpr=youssef,email-finders,6,963,1.7,14,"Scrape Instagram email phone and many more data from any public Instagram profile. Perfect for marketers, analysts, and businesses seeking actionable social media intelligence. It also scrape emails and phone from many other sources"
Free Addresses Scraper - Find HQ Addresses From Any Domain,SR,https://apify.com/s-r/free-addresses-scraper---find-hq-addresses-from-any-domain?fpr=youssef,other-lead-sources,6,962,5,2,"Turn any domain into complete business address data in seconds! Just provide a domain name, and our intelligent actor delivers comprehensive location data - perfect for sales teams, market researchers, and data analysts"
Google Maps Scraper,DATARAVA,https://apify.com/datarava/google-maps-scraper?fpr=youssef,google-maps,6,688,5,13,"Scrape Google Maps business data at scale. Extract phone numbers, emails, reviews, ratings, addresses & more from thousands of locations. Enrich results with real-time emails and social links from business websites. Export instantly or automate via API"
Fast Youtube Channel Video Scraper,AimScrape,https://apify.com/aimscrape/youtube-channel-video-scraper?fpr=youssef,social-leads,6,532,,0,"Scrape any public YouTube channel /videos page and export video URLs/IDs, titles, thumbnails, views text, and publish dates. Supports @username, UC channelId, and channel URLs"
Instagram follower scraper,clothe fobia,https://apify.com/clothefobia/instagram-follower-scraper?fpr=youssef,social-leads,6,455,4.7,4,Instagram follower scraper-Scrape followers from any instagram profiles with more detail
Instagram Reels Scraper,EasyApi,https://apify.com/easyapi/instagram-reels-scraper?fpr=youssef,social-leads,6,366,1,2,"Effortlessly scrape Instagram Reels data from user profiles. Extract comprehensive metadata, including view counts, likes, comments, and media URLs. Perfect for content analysis, influencer research, and competitor tracking"
Instagram Profile Scraper Pro (pay per result),Powerful Bachelor,https://apify.com/powerful_bachelor/instagram-profile-scraper-pro-pay-per-result?fpr=youssef,social-leads,6,322,,0,"Instagram Profile Scraper Pro lets you effortlessly track Instagram profiles, including followers, engagement rate, average likes, and more! Perfect for gaining insights, monitoring competitors, and boosting your strategy. Export data in formats like JSON, CSV, and Excel"
Telegram Email Scraper,EasyApi,https://apify.com/easyapi/telegram-email-scraper?fpr=youssef,email-finders,6,286,1,1,"Effortlessly scrape email addresses from Telegram profile, channels and groups! Find Telegram content matching your keywords and specific email domains. Perfect for lead generation, community outreach, and networking. Powered by stealth technology for reliable data collection"
YellowPages USA Business Lead Scraper,Zebu Data,https://apify.com/delicious_zebu/yellowpages-usa-business-lead-scraper?fpr=youssef,directories,6,268,5,31,"Effortlessly gather business data from YellowPages (US) based on keywords and locations or directly from filtered URLs. With customizable sorting and pagination options, you can scrape valuable business details like names, addresses, ratings, and more - perfect for market research and lead generation!"
Extract Eventbrite online events,scrapingxpert,https://apify.com/scrapingxpert/extract-eventbrite-online-events?fpr=youssef,other-lead-sources,6,259,5,2,"Eventbrite is a popular platform for creating and browsing events, but it doesn't have an API for directly extracting online events. Fortunately, Apify script finds the latest online occasions without coding. The extracted data can be downloaded in different formats or used for custom workflows"
Uber Eats Menu Scraper,SIÁN OÜ,https://apify.com/sian.agency/uber-eats-menu-scraper?fpr=youssef,other-lead-sources,6,211,5,2,"Uber Eats menu scraper. Paste one or more Uber Eats restaurant URLs and get the full menu as structured rows - restaurant name, shop ID, menu sections, dish names, descriptions and prices. Bulk URL input, clean JSON and CSV export, no account or API key needed"
Instagram Email Scraper ( Fast & Affordable),Storm_Scraper,https://apify.com/scrapestorm/instagram-email-scraper-fast-affordable?fpr=youssef,email-finders,6,193,,0,"This Instagram Email Scraper extracts email addresses from Instagram based on your selected keywords and email domains. You can also set the max number of items for results. Perfect for professionals outreach and collaborations, it delivers fast and accurate results"
Dentist Finder,Sam,https://apify.com/cleansyntax/dentist-finder?fpr=youssef,email-finders,6,174,4,1,"Dentist Finder is a comprehensive database providing access to detailed information on all licensed dentists across the USA. This API delivers up-to-date data, including contact details, specialties, office locations, and more"
Fast Google Maps Business Scraper API | Full Profiles & Data,Agents,https://apify.com/theagents/google-maps-business?fpr=youssef,google-maps,6,171,5,7,"Extract comprehensive business profiles from Google Maps with lightning speed. Our scraper delivers complete company data including contact info, hours, ratings, and amenities. Perfect for building databases, market research, and competitive analysis across Google's vast business ecosystem"
Faire Brand Scraper,SASWAVE,https://apify.com/saswave/faire-brand-scraper?fpr=youssef,other-lead-sources,6,134,5,1,"Faire.com scraper. Extract brands information listing and similar brands. Provide lists of brands urls to monitor. Stay updated on your competition. Get data about social accounts, product count, business VAT, country, minimum order amount, is selling on amazon, discounts and more"
Welcome to the jungle scraper,SASWAVE,https://apify.com/saswave/welcome-to-the-jungle-scraper?fpr=youssef,enrichment-verification,6,133,4.1,3,"Welcome to the jungle scraper. Retrieve jobs, companies from welcometothejungle.com website and extract search results informations. Helps for Intent based marketing campaigns. Extract valuable data: social networks, website, tech stack, job count... jobtitle, salary, benefits, remote, date"
Google Search Results Scraper,Rush,https://apify.com/futurizerush/google-search-results-scraper?fpr=youssef,other-lead-sources,6,130,5,1,"Scrape Google search results with optional deep crawl for SEO research, competitor analysis, and content preparation"
Coches.net Scraper,Gen First,https://apify.com/ivanvs/coches-net-scraper?fpr=youssef,other-lead-sources,6,128,2.6,2,"Extract data from coches.com for data on thousands of car listings. Scrape car listings, extract descriptions, images, prices, mileage, contact number, addresses, names, engine information, the transmission of the car, and all other listing details"
Expedia Review Scraper Pro,datawizards,https://apify.com/hello.datawizards/Expedia-Review-Scraper-Pro?fpr=youssef,other-lead-sources,6,121,1.7,2,"Extract detailed Expedia hotel reviews in JSON with the Expedia Review Scraper Pro. Get scores, text, themes, and more from hotel URLs. Ideal for hospitality insights and sentiment analysis. Uses residential proxies for reliable scraping. Built by DataWizards for fast, scalable data extraction"
Techstars Scraper,Michael G,https://apify.com/michael.g/techstars-scraper?fpr=youssef,other-lead-sources,6,117,5,4,"Scrape data on Techstars companies from the Techstars portfolio. Export scraped data, schedule via API, and integrate with other tools or AI workflows"
US Schools & Coaching Staff,Agenscrape,https://apify.com/agenscrape/us-schools-coaching-staff?fpr=youssef,email-finders,6,88,,0,"Access 35,000+ US schools and 800,000+ coaching staff members. Search by zip code, county, or state. Get complete school profiles with contact details, staff directories, emails, and phone numbers. Perfect for recruitment, sales, and research"
NoFluffJobs.com | Search | Job Listings · Emails,Muhamed Didovic,https://apify.com/memo23/nofluffjobs-cheerio-scraper?fpr=youssef,email-finders,6,87,5,1,"Uncover hidden job opportunities across 5 European countries with one search! This NoFluffJobs scraper delivers comprehensive, real-time data on tech jobs, including salaries, skills, and company insights. Save time, expand your job search, and make informed career decisions with ease"
OnlyFans Profile Scraper,SilentFlow,https://apify.com/silentflow/onlyfans-scraper-ppe?fpr=youssef,other-lead-sources,6,72,,0,"Best OnlyFans profile scraper with pay-per-result pricing. Extract bio, subscription price, posts count, photos, videos, total media, favorites, subscribers, active promotions, subscription bundles, avatar, header image, join date, social links, location and 90+ data fields. Proxies included"
Jora.com [AU & NZ & SG] [] Search by URL or keywords,Muhamed Didovic,https://apify.com/memo23/jora-search-cheerio-ppr?fpr=youssef,jobs-hiring-signals,6,67,5,5,"get detailed Jora.com (AU/NZ) job listings, extract titles, salaries, descriptions, employer information, and location details. Supports scraping search results or specific job URLs. Perfect for market analysis and recruiting, with reliable pagination and proxy support"
Kijiji.ca,Youssef Farhan,https://apify.com/fayoussef/kijiji-scraper?fpr=youssef,email-finders,6,66,,0,"Efficiently scrapes Kijiji.ca listings: vehicles, real estate, and more. Extracts detailed data including phone number, price, location, specs, and images from search results (with pagination) or direct ad URLs. Ideal for market research and data collection"
WhatsApp Ad Scraper - Click-to-WhatsApp Meta Ads,Shop Intel,https://apify.com/scrapeio/whatsapp-scraper-premium?fpr=youssef,social-leads,6,57,5.0,4,"Scrape WhatsApp click-to-chat ads from Meta Ad Library. Search by keyword, Page ID, or URL. wa.me links, CTAs, spend estimates. Apify AI, MCP, Cursor ready"
Kyero.com | Search | Detail(s) | Agent(s) | Scraper,Muhamed Didovic,https://apify.com/memo23/kyero-cheerio?fpr=youssef,other-lead-sources,6,39,5,1,"Effortlessly extract detailed property data from Kyero.com with our advanced scraper. Whether you're analyzing the market or searching for the perfect home, this tool gives you fast, reliable access to listing prices, features, agent info, and more. Streamline your real estate workflow today!"
Internshala Scraper - Internships & Jobs + Employer Emails,Muhamed Didovic,https://apify.com/memo23/internshala-scraper?fpr=youssef,email-finders,6,31,,0,"Scrape Internshala internships and jobs - stipend, skills, applicant count, applicants-per-opening, employer hiring history (since / posted / hired), and optional contact email. Filter by keyword, city, badge, stipend, WFH or PPO. Change-only monitoring with applicant deltas"
Eluta.ca Jobs Scraper,Muhamed Didovic,https://apify.com/memo23/eluta-scraper?fpr=youssef,jobs-hiring-signals,6,29,5,1,"Scrape eluta.ca - Canada's national job search engine - by keyword and city. Full descriptions, CAD salary min/max, employer website, NAICS code, HQ geo, Top-100 employer rating, and the real ATS apply link (not an eluta redirect). Incremental monitoring built in. JSON or CSV out"
Indeed Jobs Scraper - GCC Salaries & Employers,Get Anything,https://apify.com/get_anything/indeed-gcc-jobs?fpr=youssef,jobs-hiring-signals,6,26,,0,"Scrape Indeed job listings across the GCC (UAE, Saudi Arabia, Qatar, Kuwait, Bahrain, Oman) with salary ranges, employment type, remote flag, company rating and apply links. Search by keyword and country. Uses a hardened browser to get past Indeed's anti-bot protection"
Dealroom Startup & Market Map Scraper,Abot API,https://apify.com/abotapi/dealroom-co-scraper?fpr=youssef,other-lead-sources,6,15,,0,"Scrape Dealroom.net market maps, company lookup results, live signals, and newly founded startup records. Supports Dealroom URLs, company names, market-map ids, sorting, capped runs, rich normalized company fields, and optional MCP connector export"
Instagram Hashtag Username Scraper,CoderX,https://apify.com/coderx/instagram-hashtag-username-scraper?fpr=youssef,social-leads,5,1112,3.4,5,"This actor scrapes Instagram posts based on a specified hashtag and extracts usernames, profile names, and user IDs. It helps track engaged users, analyze social media trends, and gather audience insights. Ideal for influencer research, marketing, and hashtag-based user analysis"
Instagram Complete Profile Scraper,DataFusionX,https://apify.com/devil_port369-owner/instagram-complete-profile-scraper-ppr?fpr=youssef,social-leads,5,643,5.0,7,Scrape Instagram profile details. Email and Phone also available if mentioned in bio profile and post caption or if it is a public account. Instagram scraper no cookies cheapest version available in the market
Booking Scraper,Bebity,https://apify.com/bebity/booking-stays-scraper?fpr=youssef,other-lead-sources,5,582,,0,"Fast, no-code Booking.com scraper with LLM- & agent-optimized input & output. Extract hotels, apartments, hostels, B&Bs & villas by location, URL or property ID - prices, availability, star ratings, review scores, photos, facilities & coordinates. Export to JSON, CSV or Excel"
Google My Business Scraper Tool,Jamshaid Arif,https://apify.com/moving_beacon-owner1/google-my-business-scraper-tool?fpr=youssef,google-maps,5,456,5,1,"This Python script automates data scraping from Google My Business. It collects essential information like business name, website, phone number, address, ratings, and photos, saving the data in Excel format and uploading it to an Apify dataset"
Google Maps Email Leads Fast Scraper,Miso,https://apify.com/xmiso_scrapers/google-maps-email-leads-fast-scraper?fpr=youssef,google-maps,5,391,4.5,10,Finally scraper which delivers emails and social links for found businesses on google maps. No need to combine other actors. Try it now!
Social Media Email Scraper 2025,Chito Sibug,https://apify.com/chitosibug3/social-media-email-scraper-2025?fpr=youssef,email-finders,5,358,5,1,Find Social Media Email (Youtube、TikTok、Twitter、Instagram、Linkedin) from Private Database and realtime social network search (NOT ONLY find email in description!)
Instagram Posts Scraper,EasyApi,https://apify.com/easyapi/instagram-posts-scraper?fpr=youssef,social-leads,5,358,,0,"Effortlessly scrape Instagram posts data from multiple users. Extract comprehensive details including likes, comments, captions, hashtags, and more. Perfect for social media analysis, market research, and content monitoring"
Fast Google Maps Reviews Scraper API | Extract Ratings & Text,Agents,https://apify.com/theagents/google-maps-reviews?fpr=youssef,google-maps,5,352,5.0,7,"Extract valuable business reviews from Google Maps at high speed. Our cost-effective scraper delivers comprehensive review data, ratings, and customer sentiments to fuel your business intelligence. Monitor brand reputation, analyze competitors, make data-driven decisions with unmatched reliability"
Instagram Followers Scraper,The Netaji,https://apify.com/thenetaji/instagram-followers-scraper?fpr=youssef,social-leads,5,288,,0,Export the complete follower list of one or more public Instagram accounts. Resume large accounts with a saved cursor and optionally enrich every follower with a full public profile
Google Maps Fast Scraper,Miso,https://apify.com/xmiso_scrapers/google-maps-scraper?fpr=youssef,google-maps,5,222,4.8,12,"No need to overpay, Get Google maps results lighting fast, just for. Try it now!"
Restaurant Email List,Sam,https://apify.com/cleansyntax/restaurant-email-list?fpr=youssef,email-finders,5,221,5,1,"This Apify actor provides a list of restaurant email addresses and related details by state. Simply select a U.S. state from the input form, and the actor will return the following fields for each restaurant: restaurant_name, address, city, state, zipcode, phone, email, and category"
Discover LinkedIn Company Posts,Pratik Dani,https://apify.com/pratikdani/discover-linkedin-company-posts?fpr=youssef,linkedin,5,213,,0,The Discover LinkedIn Posts by Company URL Actor extracts and provides detailed information about posts from a specified LinkedIn company profile URL
"Jobs Scraper All-in-One - Listings, Salaries & Insights",ToolzerHub,https://apify.com/toolzerhub/jobs-scraper-all-in-one?fpr=youssef,jobs-hiring-signals,5,195,5,2,"Search live job postings from Indeed, LinkedIn, Glassdoor and company career pages in one run. Each comes back with its pay range, employer, location, posting date and apply link. Add the going rate for roles that quote no pay, and what each posting asks of a candidate"
Fast LinkedIn Job Scraper,Gen First,https://apify.com/ivanvs/fast-linkedin-job-scraper?fpr=youssef,linkedin,5,189,,0,"Extract job listings from Linkedin. Scrape details job details like when it is posted, number of applicants, location and salary range. Download listings data in JSON, XML, Excel"
Europages Scraper,SASWAVE,https://apify.com/saswave/europages-scraper?fpr=youssef,email-finders,5,170,,0,"Europages company scraper. From any domain name. Extract company information from a europages search url. Collect data about company name, description, VAT ID, phonenumber, email, fax, address, website, employee count and more"
Skool Scraper Goat,Goutam Soni,https://apify.com/goat255/skool-scraper-goat?fpr=youssef,other-lead-sources,5,151,3.0,3,"Discover Skool.com communities at scale and get clean metadata per community: pricing, estimated MRR and ARR, member and post counts, course counts, engagement metrics, and the owner profile. Search by keyword or paste community URLs. No login needed. Built-in MRR and price filters"
Lawyer Email Scraper,Sam,https://apify.com/cleansyntax/lawyer-email-list?fpr=youssef,email-finders,5,147,5,2,"High-speed lead generation tool to scrape lawyer and attorney contacts from across the USA. Search by state and area to build a targeted lawyer email databases including full names, law firm offices, and practice areas"
Reddit Scraper - Neatrat,Neatrat,https://apify.com/neatrat/reddit-scraper?fpr=youssef,social-leads,5,142,5.0,4,High-speed Reddit scraping. No API limits. No Proxies needed
Naukrigulf Jobs Scraper,EasyApi,https://apify.com/easyapi/naukrigulf-jobs-scraper?fpr=youssef,jobs-hiring-signals,5,140,,0,"A powerful web scraper for extracting detailed job listings from Naukrigulf.com. Collect comprehensive job data including titles, descriptions, company details, and requirements. Perfect for recruitment analysis, market research, and HR analytics"
"Website Scraper Search Email, Phone, & Social Media",Scraping Solutions,https://apify.com/scraping_solutions/website-scraper-search-email-phone-social-media?fpr=youssef,email-finders,5,122,,0,"Automatically extracts emails, social media links, and phone numbers from any website. Perfect for quickly gathering contact details and online presence data of businesses or professionals"
All Events Scraper,Techforce Global,https://apify.com/techforce.global/all-events-scraper?fpr=youssef,other-lead-sources,5,113,4.9,9,"A fast and reliable scraper for AllEvents.in that extracts event titles, dates, locations, interested people count, and more. Provides clean, structured data with support for Markdown, pagination, and easy API integration for your applications"
"Amazon Seller Lookup - Business Name, Address, Phone & Ratings",Jaybird Technologies,https://apify.com/jaybird/amazon-seller-info-scraper?fpr=youssef,other-lead-sources,5,109,,0,"Look up Amazon seller business info by Seller ID: name, address, phone, ratings & feedback score, clean JSON"
Lead Enrichment API Multi-Provider B2B Data Enrichment,The Howlers,https://apify.com/alizarin_refrigerator-owner/lead-enricher?fpr=youssef,b2b-databases,5,101,,0,"Enrich your leads w/company & contact data from 10+ enrichment providers. Perfect for sales prospecting, lead scoring, CRM enrichment, and account-based marketing. 10 Provider Integrations: Apollo, Clearbit, ZoomInfo, IPinfo, FullContact, Hunter, Lusha, Snov, RocketReach & People Data Labs"
DesignRush Agency Scraper,Dionysus,https://apify.com/dionysus_way/designrush-agency-scraper?fpr=youssef,email-finders,5,76,,0,"Extract agencies' data from DesignRush.com marketplace. Get contact details, pricing, team size, ratings, reviews, services, social profiles, and portfolio info. Export to CSV/JSON. Perfect for lead generation and market research"
FINRA BrokerCheck Scraper,ParseForge,https://apify.com/parseforge/finra-brokercheck-scraper?fpr=youssef,other-lead-sources,5,74,5,3,"Scrape FINRA BrokerCheck for individual brokers and firms. Search by name, CRD, firm, city, state, or exam. Get registration history, disclosures, and exam records. Export to CSV, JSON, Excel, or XML"
99acres Scraper,scrape anything,https://apify.com/gauzy_penguin/99acres-scraper?fpr=youssef,other-lead-sources,5,64,5.0,4,"Extract property listings from 99acres at scale with a robust, production-ready scraper built to handle anti-bot protections"
G2.Com Scraper (It works),Luffy,https://apify.com/coder_luffy/g2-scraper?fpr=youssef,directories,5,59,5,3,"G2.com scraper that pulls software listings, ratings, pros and cons, and market segment data from any category page, so you can track a market without checking it manually"
Flippa Scraper | All-In-One,Fatih Tahta,https://apify.com/fatihtahta/flippa-search-scraper?fpr=youssef,other-lead-sources,5,51,5,1,"Get online business listings, app sales, and digital asset data from Flippa, the leading marketplace for buying and selling websites and SaaS products. Extract titles, prices, revenue, profit, monetization models, seller info. Ideal for market research, portfolio scouting, and acquisition analysis"
Australian Real Estate · All Portals · Download Agents,Muhamed Didovic,https://apify.com/memo23/au-property-multi-portal-scraper?fpr=youssef,email-finders,5,39,,0,"Scrape AU property listings from Domain, commercialrealestate.com.au, Ray White, Harcourts & LJ Hooker in one unified output. Plus an Instant Agent Database: 87,000+ Australian real estate agents with email & phone, filtered by state, suburb or agency. No browser"
Comparis.ch Scraper - Swiss Real Estate & Cars (with Emails),Muhamed Didovic,https://apify.com/memo23/comparis-ch-scraper?fpr=youssef,email-finders,5,35,5,6,"Extract detailed Swiss real estate and vehicle listings including pricing, specifications, images, and seller contact info. Get comprehensive data on properties (location, size, features) and cars (make, model, mileage, condition, technical specs) with historical pricing and market comparisons"
Healthgrades Doctor Scraper - Physician & NPI Data,Muhamed Didovic,https://apify.com/memo23/healthgrades-doctor-scraper?fpr=youssef,enrichment-verification,5,32,,0,"Scrape doctor & physician profiles from Healthgrades by specialty + US city, or paste /usearch and /physician URLs. One flat row per doctor: name, specialty, star rating, reviews, NPI, address, phone, insurance, telehealth. Optional profile enrichment: bio, education, languages"
Metrocuadrado Scraper,Knowten,https://apify.com/knowten/metrocuadrado-scraper?fpr=youssef,other-lead-sources,5,31,5,9,"Scraper ultra rápido de Metrocuadrado Colombia. Extrae fácilmente miles de propiedades con filtros precisos: precio, ciudad, habitaciones y estrato. Obtén información clave: coordenadas, áreas, fotos, descripciones y precios. Perfecto para el análisis del mercado y la prospección inmobiliaria"
"Shopify Store Finder - Emails, Phones & Payments",Muhamed Didovic,https://apify.com/memo23/shopify-store-leads-scraper?fpr=youssef,email-finders,5,29,,0,"Find Shopify stores by keyword or category - no store URL needed. Emails, phones, addresses, ratings, socials, sample product. Optional enrichment finds inboxes the marketplace hides and flags the payment stack (Stripe, PayPal, Adyen +10). Every lead scored 0-100"
USPhonebook People Search Scraper,BowTiedRaccoon,https://apify.com/jungle_synthesizer/usphonebook-people-search-scraper?fpr=youssef,enrichment-verification,5,24,,0,"Scrape US people records from USPhonebook.com by name, optionally narrowed by state. Returns full name, current and past addresses, known relatives, and a direct profile link as clean JSON"
IndiaMART Supplier Scraper,Muhamed Didovic,https://apify.com/memo23/indiamart-scraper?fpr=youssef,other-lead-sources,5,22,,0,"Build Indian supplier shortlists from IndiaMART.com in minutes - full GST numbers, phone, address, prices, MOQ, ratings, TrustSeal and exporter flags in every row. Works with keyword searches (city/state filter) or any IndiaMART URL. New-listings monitoring mode. JSON or CSV out"
Ycombinator Companies Scraper,Abot API,https://apify.com/abotapi/ycombinator-com-scraper?fpr=youssef,other-lead-sources,5,18,3,1,"Pull every ycombinator.com company across every batch, with founders, social URLs, application Q&A, demo-day video, photos, and partner. Filter by 14 dimensions or paste any /companies search URL straight from your browser"
Subito.it Cars Scraper [] Auto · Moto · Vans & Campers,Muhamed Didovic,https://apify.com/memo23/subito-cars-scraper?fpr=youssef,other-lead-sources,5,17,,0,"Scrape Subito.it cars, motorcycles, vans, campers and boats nationwide or by region. One row per listing with price, year, mileage, fuel, gearbox, power, full description, photos, location and dealer/seller info. Paste a search URL or build one from filters. Export as JSON, CSV or Excel"
eBay Scraper - active & sold listings,Black Falcon Data,https://apify.com/blackfalcondata/ebay-scraper?fpr=youssef,other-lead-sources,5,13,,0,Scrape ebay.com - active & sold listings with price & condition · item specifics & images · seller identity · keyword or seller search & price-history. Incremental mode tracks new and changed listings across scheduled runs
Local Businesses With No Website (Instagram Leads),NoSite,https://apify.com/am_production/no-website-leads-finder?fpr=youssef,social-leads,5,9,5,7,"Real local businesses that run entirely on Instagram with no website: filter by country, city, category and audience, then reveal phone, email and handle. Pay per lead, no subscription"
Crunchbase Any Search Results Scraper,SASWAVE,https://apify.com/saswave/crunchbase-search-results?fpr=youssef,b2b-databases,4,822,5.0,3,"Scrape crunchbase and Download ANY Crunchbase search results in a json file (companies, funding, acquisition, peoples...). Only PRO plan needed"
TikTok & YouTube & Loom Transcript Extractor & Video Downloader,Muhamed Didovic,https://apify.com/memo23/tiktok-transcript-extractor-cheerio?fpr=youssef,social-leads,4,559,3.0,11,"Transcripts and metadata from TikTok, YouTube and Loom videos as text, VTT and SRT. Transcript rows download at 720p, of video via residential proxies; Whisper AI fallback for videos without captions audio"
Instagram Profile Scraper Pro,Powerful Bachelor,https://apify.com/powerful_bachelor/instagram-profile-scraper-pro?fpr=youssef,social-leads,4,509,5,2,"Instagram Profile Scraper Pro extracts detailed data like engagement rate, followers, profile pic, and more from Instagram profiles! Perfect for influencers, marketers, and analysts. Export data in multiple formats and gain deep insights easily!"
Instagram Like & Comments Scraper,SASWAVE,https://apify.com/saswave/instagram-like-comments-scraper?fpr=youssef,social-leads,4,482,5.0,2,"List all your followers likes and comments on your posts for data analysis. You can also list likes from a posts you are not the owner, instagram limit of 100 likers per post You can narrow down, who is engaging and who might be a bot, dragging down your reach/engagement. Boost your instagram posts"
Free Google Maps Scraper - Simplified Version,Blue Orion,https://apify.com/blueorion/free-google-maps-scraper-simplified?fpr=youssef,google-maps,4,428,3.3,5,"Simplified version of ""Free Google Maps Scraper - Low-cost & Extensive"". FASTER & CHEAPER"
Yelp Advanced Data Scraper,Zebu Data,https://apify.com/delicious_zebu/yelp-advanced-data-scraper?fpr=youssef,directories,4,408,5.0,29,"Effortlessly scrape detailed business data from Yelp - ratings, reviews, contact info, hours, amenities, popular dishes, health scores, Q&A, and more. Works for restaurants, services, and any Yelp category. Perfect for lead generation, market analysis, apps, and research"
Facebook Group Member Scraper & Extractor,bhansalisoft,https://apify.com/bhansalisoft/facebook-group-member-scraper?fpr=youssef,social-leads,4,388,1,2,"Facebook Group Member Scraper & Extractor for extracting available Facebook group member data, profile URLs, member IDs, and group information. Export results to CSV and Excel"
Google Ads Transparency Analyzer,Traffic Architect,https://apify.com/amernas/google-ads-transparency-analyzer?fpr=youssef,other-lead-sources,4,256,1.6,2,"Google Ads Transparency Analyzer Apify actor that extracts competitor ad data from Google Ads Transparency Center. Features batch processing, FULL/LITE modes, date/region filtering, and proxy support. Automates competitive intelligence gathering for marketers and analysts. Outputs to Apify datasets"
Instagram Profile Hunter: Bulk Website to Instagram Mapper,David,https://apify.com/6sigmag/instagram-profile-hunter-bulk-website-to-instagram-mapper?fpr=youssef,social-leads,4,247,5.0,1,"Transform website URLs into valuable Instagram business profiles in bulk. Automatically extract domains and find associated Instagram accounts for powerful lead generation, competitor analysis, and market research. Save hours of manual work with this efficient automation tool"
Bulk Email Finder Tool - Find Business Emails by Name & Domain,David Bhatt,https://apify.com/davidsharadbhatt/bulk-email-finder-tool---find-business-emails-by-name-domain?fpr=youssef,email-finders,4,237,,0,"Instantly find verified professional email addresses by entering a contact’s first name, last name, and company domain - ideal for sales teams, outreach campaigns, and lead generation"
Facebook Group Auto Poster,bhansalisoft,https://apify.com/bhansalisoft/facebook-group-auto-poster?fpr=youssef,social-leads,4,236,1.2,2,"Automate Facebook group posting with a Facebook Group Auto Poster. Post multiple messages to multiple Facebook groups with customizable delays and execution tracking. Ideal for Facebook marketing, content distribution, community promotion, and lead generation"
Dutch Supermarkets (all 11),Harvest Edge,https://apify.com/harvestedge/dutch-supermarkets-all-11?fpr=youssef,other-lead-sources,4,158,,0,"Scrape all 11 dutch supermarket chains for price, product, url, and size. Albert Heijn, Jumbo, Dirk, SPAR, Hoogvliet, Aldi, Lidl, Vomar, Poiesz, Plus, DekaMarkt. Netherlands, Nederland, supermarkt"
Website Contact Scraper | Enterprise-Grade,Fatih Tahta,https://apify.com/fatihtahta/email-scraper-deep?fpr=youssef,email-finders,4,147,5,1,"The most reliable, enterprise-grade email scraper for any website. Uses a unique hybrid search (fast check + deep scan) to find public emails with an industry-leading success rate. Perfect for building high-quality lead lists for sales, marketing, and outreach"
Zillow Property Data Scraper,Zebu Data,https://apify.com/delicious_zebu/zillow-property-data-scraper?fpr=youssef,other-lead-sources,4,146,5.0,27,"Scrape Zillow listings into structured data: price, beds/baths, Zestimate, rent estimate, days on Zillow, photos, agent & MLS info + 50 more fields. Paste any search URL, or just pick a location and set filters like on Zillow. Fast API-based scraping. Free trial"
Propwire Real Estate Leads Scraper,Crawler Bros,https://apify.com/crawlerbros/propwire-leads-scraper?fpr=youssef,other-lead-sources,4,123,1,1,"Extract US real estate leads from propwire.com with 11M+ properties with owner info, equity, MLS data, lead-type flags (absentee owner, vacant, pre-foreclosure, cash buyer, high equity, etc.), and tax records"
Willhaben.at Car Scraper,Real Spidery,https://apify.com/real_spidery/willhaben-at-car-scraper?fpr=youssef,email-finders,4,118,4.1,3,"Fast and lightweight Willhaben.at scraper allows you to deep dive in the largest Austria online car/real estate market for buyers and sellers. Export scraped data, run the scraper via API, schedule and monitor runs or integrate with other tools. Custom solution is available, just drop us an email"
Social Media Email Finder,Caprolok,https://apify.com/caprolok/social-media-email-finder?fpr=youssef,email-finders,4,113,5,1,"Quickly generate targeted email leads from Instagram, TikTok, YouTube, LinkedIn, and Twitter. Effortlessly search by keywords and locations, obtaining structured contact details and direct links. Perfect for marketers, recruiters, and sales professionals"
YouTube Phone Scraper - Your Global Contact Finder,Storm_Scraper,https://apify.com/scrapestorm/youtube-phone-scraper---your-global-contact-finder?fpr=youssef,social-leads,4,111,,0,"Quickly extract phone numbers from YouTube! Search by keywords, country codes, and scrape unlimited contacts. Filter results for 60+ countries with multiple selections. Get accurate lists of YouTube phone numbers. One click gives you all the info you need, fast and easy!"
Zillow Property Managers/Owners Scraper · Emails,Muhamed Didovic,https://apify.com/memo23/apify-zillow-property-managers-cheerio?fpr=youssef,email-finders,4,106,5.0,3,Effortlessly gather detailed insights on Zillow property managers - streamline your data collection and make informed decisions
Auction.com Property Scraper,ParseForge,https://apify.com/parseforge/auction-com-property-scraper?fpr=youssef,other-lead-sources,4,100,5,4,"Scrape property auction listings from Auction.com. Extract property details including address, price, auction date, property type, square footage, bedrooms, bathrooms, and more. Supports filtering by state, property type, and price range"
Signal.nfx Scraper with Emails,Fatih Tahta,https://apify.com/fatihtahta/signal-nfx-scraper?fpr=youssef,email-finders,4,96,3.7,4,"Scrape Signal.NFX investor lists into enriched, structured data. Extract Investor LinkedIn profiles, emails, firm details, check sizes, investment history, portfolio data, locations, vertical focus. Export clean JSON/CSV/Excel for fundraising, investor targeting, outreach & market mapping"
Multi Board Job Scraper,SilentFlow,https://apify.com/silentflow/all-jobs-scraper-ppe?fpr=youssef,jobs-hiring-signals,4,92,5,1,"Extract 50,000+ job listings from Indeed, LinkedIn, Glassdoor, ZipRecruiter, and Bayt in one API call. Get 50+ data fields per job: salary ranges, company ratings, emails, phones, social links, skills, and apply URLs. Currency conversion, cross-platform dedup, 70+ countries"
DealRoom Scraper | Fast & Reliable,Fatih Tahta,https://apify.com/fatihtahta/dealroom-scraper?fpr=youssef,b2b-databases,4,77,,0,"Map markets and source deals from Dealroom at scale. Get a clean, deduped company dataset with funding, growth, team size, locations, tags and links ready for CRM or analysis. Ideal for deal sourcing, BD, market research, and competitor tracking"
"Substack Scraper - Posts, Newsletters & Comments",LIAICHI MUSTAPHA,https://apify.com/scraper_guru/substack-scraper?fpr=youssef,other-lead-sources,4,65,2.6,2,"Substack scraper for posts, newsletters, authors, subscriber data, full public content, engagement, and nested comments. Search by keyword or scrape any publication"
Skool Group Scraper,Rush,https://apify.com/futurizerush/skool-group-scraper?fpr=youssef,other-lead-sources,4,65,5,1,"Scraped Skool group with details including names, descriptions, member counts, and pricing"
Talent Job Scraper,Shahid Irfan,https://apify.com/shahidirfan/Talent-Job-Scraper?fpr=youssef,jobs-hiring-signals,4,42,5,7,"Extract job listings from Talent.com with structured, ready-to-use data. Talent Job Scraper collects job titles, companies, locations, descriptions, salaries, dates, and job URLs for recruitment research, job aggregation, market analysis, and hiring intelligence"
Airbnb Reviews Scraper,Agenscrape,https://apify.com/agenscrape/airbnb-reviews-scraper?fpr=youssef,other-lead-sources,4,41,5.0,3,"Scrape reviews from any Airbnb listing. Extract star ratings, guest comments, reviewer details, host responses, and review photos. Supports bulk scraping with full pagination"
"LinkedIn Jobs Scraper - No Login, Salary & Company Data",kane liu,https://apify.com/lentic_clockss/linkedin-jobs-scraper?fpr=youssef,linkedin,4,40,,0,"Scrape LinkedIn jobs without login across ~45 countries. Filter by company, industry, job function, and Easy Apply. Extract salary, apply links, and applicant counts for recruiting and lead generation"
Wolt Restaurant & Menu Scraper,Iiro Rahkonen,https://apify.com/needy_hammock/wolt-restaurant-menu-scraper?fpr=youssef,other-lead-sources,4,39,,0,"Scrape restaurant data from Wolt food delivery platform. Extract restaurant details including name, address, rating, menu previews, website, phone, opening hours, and delivery info"
Tendersontime.com [] Leads Scraper,Muhamed Didovic,https://apify.com/memo23/tendersontime-leads-scraper?fpr=youssef,other-lead-sources,4,36,3.6,3,"No limits, no quotas, unlimited extraction. Extracts detailed tender data from TendersOnTime: titles, descriptions, reference numbers, deadlines, values, locations, documents, and more for efficient opportunity tracking"
"TrustRadius Reviews, Products, Category & Compare Scraper",Muhamed Didovic,https://apify.com/memo23/trustradius-scraper?fpr=youssef,linkedin,4,36,,0,"all-in-one scraper - product, reviews, category & compare URLs in one actor. Flat per-review rows with full Q&A sections, reviewer firmographics & LinkedIn URL, dual 0-10/0-5 ratings, awards & featureList. Sitemap-driven bulk mode. Pure HTTP, no browser"
TrustMRR Scraper - Verified Startup Revenue & Acquisitions,Muhamed Didovic,https://apify.com/memo23/trustmrr-scraper?fpr=youssef,enrichment-verification,4,29,,0,"Scrape TrustMRR - payment-verified startup revenue, monthly revenue timelines, MRR, growth, tech stack, founder, and acquisition listings with asking price + revenue multiple. Crawl the acquire marketplace, any category, or all ~15,000 startups. JSON or CSV out, billed per result"
Zumper Rental Listings Scraper [w/ EMAILS] Search + Details,Muhamed Didovic,https://apify.com/memo23/zumper-cheerio?fpr=youssef,email-finders,4,28,1,1,"Zumper.com rental listings scraper - paste any city search or listing URL, get full property rows: price, beds/baths, sqft, address, photos, amenities, agent & brokerage, plus opt-in contact-email enrichment from the manager's own website. Dedup store, JSON or CSV. Pure HTTP, no browser"
The Hub Jobs Scraper,Iiro Rahkonen,https://apify.com/needy_hammock/the-hub-jobs-scraper?fpr=youssef,jobs-hiring-signals,4,22,,0,"Scrape job listings from thehub.io the leading Nordic startup job board. Extract comprehensive job data, including company details, salary information, location, and complete job descriptions"
Zillow Open Houses [] Exact Dates & Times | Any City,Muhamed Didovic,https://apify.com/memo23/zillow-open-houses-scraper?fpr=youssef,other-lead-sources,4,22,5,1,"[] Every upcoming Zillow open house in any US city or ZIP, with the exact dates and times of each showing. Returns price, beds, baths, sq ft, listing agent, coordinates and the full property record. Filter by price, beds or home type. Residential proxies included. JSON, CSV or Excel"
"Zillow Foreclosure Scraper: REO, Auctions & Pre-Foreclosure",Muhamed Didovic,https://apify.com/memo23/zillow-foreclosure-scraper?fpr=youssef,other-lead-sources,4,22,5,1,"[] Scrape every Zillow foreclosure, pre-foreclosure, bank-owned (REO) home & foreclosure auction in any US city or ZIP - auction dates & locations, filing dates, unpaid balance, plus full property details, price & tax history"
"Dubizzle.com Scraper - Property, Motors, Agents & UAE Listings",Abot API,https://apify.com/abotapi/dubizzle-com-scraper?fpr=youssef,email-finders,4,15,,0,"Scrape dubizzle.com across the UAE for property, motors, and agent listings. Search by filters or URLs with auto pagination. Returns price, beds, baths, area, agent/agency contacts, WhatsApp, email, GPS, photos, amenities, verification, and Dubai Land Department history"
Threads Followers & Following Scraper | No Login,Scraping Solutions,https://apify.com/scraping_solutions/threads-followers-following-scraper?fpr=youssef,social-leads,4,4,5,2,"Download available followers or following from public Threads accounts. Get profile links, follower counts when available, deduplication and JSON, CSV or Excel exports for audience research. No Threads login, cookies or additional API key required"
Instagram Followers Scraper,DataFusionX,https://apify.com/devil_port369-owner/instagram-followers-scraper?fpr=youssef,social-leads,3,1016,4.7,15,"The Instagram Followers Scraper extracts follower data from public Instagram account. Ideal for influencer marketing, audience analysis, and business intelligence. Safe API rates ensure account protection while providing valuable insights"
Google search Parser google maps / my business,SASWAVE,https://apify.com/saswave/google-search-parser-google-maps-my-business?fpr=youssef,google-maps,3,868,1.4,2,"Extract company infos from google search results, right side box (website, phone number, reviews, social accounts, address..) Allows you to automate enrichment using queries with a combination of company name, website domain and street address (complete or partial). Check readme for some exemples"
Yellow Pages,McDowell,https://apify.com/mcdowell/yellow-pages?fpr=youssef,directories,3,617,2.0,2,"Scrape Yellow Pages for addresses, categories, names and phone numbers from listings"
Instagram Bulk Message Sender,bhansalisoft,https://apify.com/bhansalisoft/instagram-bulk-message-sender?fpr=youssef,social-leads,3,592,1,2,Instagram Bulk Message Sender- is Advance Software for sending message to all instagram profiles using username
Website Email Contact Scraper,Omkar Cloud,https://apify.com/omkar-cloud/website-email-contact-scraper?fpr=youssef,email-finders,3,526,5,1,"Website Email & Contact Scraper to extract emails, phone numbers & social profiles from any website. Export contact data as JSON, CSV, or Excel"
Linkedin Profile Scraper,Goldmine,https://apify.com/logical_scrapers/linkedin-profile-scraper?fpr=youssef,linkedin,3,472,4.0,4,"Fastest linkedin profile scraper. Easily extract comprehensive LinkedIn profile data, including name, headline, industry, location, experience, education, skills, certifications, and more. Automates LinkedIn data collection for lead generation, recruiting, research, and competitive analysis"
Yelp Business Info Scraper,Zebu Data,https://apify.com/delicious_zebu/yelp-business-info-scraper?fpr=youssef,directories,3,409,4.7,31,"Quickly gather rich, detailed data from Yelp business pages - perfect for insights and analysis!"
Email & Contact Extractor From Any Web,EasyApi,https://apify.com/easyapi/email-contact-extractor-from-any-web?fpr=youssef,email-finders,3,329,,0,"A powerful web scraper that automatically extracts emails, phone numbers, and social media profiles from any website. Features deep crawling, smart retry mechanism, and advanced pattern recognition. Perfect for lead generation and contact discovery"
BBB Business Directory Scraper,EasyApi,https://apify.com/easyapi/bbb-business-directory-scraper?fpr=youssef,directories,3,281,,0,"Scrape business listings from BBB.org (Better Business Bureau) including company details, ratings, contact information, and accreditation status. Perfect for market research and lead generation"
TikTok Hashtag API,Novi,https://apify.com/novi/tiktok-hashtag-api?fpr=youssef,social-leads,3,272,5,2,"Dominate TikTok with our Hashtag API! Get instant access to trending video data, watermark-free downloads, and optimize your content for maximum impact"
Facebook Bulk Profiles Email Scraper,bhansalisoft,https://apify.com/bhansalisoft/facebook-bulk-profiles-email-scraper?fpr=youssef,email-finders,3,263,,0,Facebook Bulk Profiles Email Scraper- Scrap Emails from bulk Facebook Profile link using Google Search Engine
Instagram Bulk DM,Mikolabs,https://apify.com/mikolabs/instagram-bulkdm?fpr=youssef,social-leads,3,260,5,7,This Actor allows you to send personalized direct messages to multiple Instagram users with customizable delays between messages
houzz,scrapingxpert,https://apify.com/scrapingxpert/houzz?fpr=youssef,directories,3,226,5,2,"Houzz is a well-known platform for discovering and exploring home design and remodeling ideas but it lacks an API for directly accessing comprehensive project details. Thankfully,with the help of Apify script users can effortlessly extract the latest project information without any coding knowledge"""
Doctoralia Data Extractor - scrape doctor data,Giovanni Bianciardi,https://apify.com/giovannibiancia/Doctoralia?fpr=youssef,other-lead-sources,3,213,1,1,"Doctoralia Data Extractor will extract detailed information on healthcare professionals from Doctoralia. Ideal for market research, lead generation, and data analysis in the healthcare sector"
Google Maps Reviews Scraper,PowerAI,https://apify.com/powerai/google-map-reviews-scraper?fpr=youssef,google-maps,3,200,5,1,"Scrape Google Maps business reviews with automatic pagination, multiple sorting options (Relevant, Newest, Highest, Lowest), language filtering, and real-time data collection. Perfect for gathering customer feedback, sentiment analysis, and business intelligence"
LinkedIn Employee Scraper & Company People Extractor,Bhojraj Pilaniya,https://apify.com/chirpy_polygon/linkedin-employee-extractor?fpr=youssef,linkedin,3,197,4.5,2,"Extract LinkedIn company employees, job titles, locations, and profile URLs for B2B lead generation, recruiting, account mapping, and market research. Uses your own LinkedIn session cookies"
AI Linkedin Post Scraper,The Howlers,https://apify.com/alizarin_refrigerator-owner/linkedin-post-scraper?fpr=youssef,linkedin,3,195,,0,Scrape viral/trending LinkedIn posts by hashtag or keyword search. Perfect for finding content inspiration and building a library of top-performing posts in your niche. Get top posts from any LinkedIn hashtag. Find posts matching specific keywords. Output formatted for AI voice analysis
YouTube Trending Videos by Categories Scraper,Emmanuel Uchenna,https://apify.com/eunit/youtube-trending-videos-by-categories?fpr=youssef,social-leads,3,181,1.1,2,"Scrape real-time YouTube trending videos by country and category. Get detailed metrics like rank, title, views, likes, and channel name from 25+ countries. Monitor viral content, music, gaming, and more"
Cold Email Lead Finder | LinkedIn Profile,Purple Beep Boop,https://apify.com/purple_beep_boop/find-b2b-emails-for-outreach?fpr=youssef,email-finders,3,177,3.4,4,Scrape B2B LinkedIn data + business emails in bulk for cold email. Only pay per email. Leads returned with no email are free. No cookies or account required
Glassdoor Jobs Scraper & API - Salary Data,Newbs,https://apify.com/newbs/Glassdoor-Job-Scraper?fpr=youssef,jobs-hiring-signals,3,152,,0,"Scrape Glassdoor jobs by keyword, free-text location, company page, or bulk URLs. Export salaries, ratings, posting age, Easy Apply, descriptions, and new-job monitoring data"
LinkedIn Jobs Scraper (No Login Required),Zebu Data,https://apify.com/delicious_zebu/linkedin-jobs-scraper-no-login-required?fpr=youssef,linkedin,3,151,5,27,"Extract LinkedIn job listings without logging in - title, company, salary, absolute post date, logo and full description. Filter by keyword, location, radius, company, date posted, Easy Apply and applicant count, paste a LinkedIn search URL, and pull past LinkedIn's 1000-result cap"
Instagram Scraper Pro - Profile & Post Data API,AutomateLab,https://apify.com/red.cars/instagram-scraper-pro?fpr=youssef,social-leads,3,148,1,1,"Instagram scraper for profiles, posts, hashtags, and comments - follower counts, engagement metrics, and business account data in clean JSON. Built for influencer research, competitor analysis, and AI agents., no API key required"
Discover & Verify Professional Emails,EasyApi,https://apify.com/easyapi/discover-verify-professional-emails?fpr=youssef,email-finders,3,142,,0,"Discover and verify professional email addresses instantly with our advanced Email Finder. Combines smart pattern generation with comprehensive verification checks. Perfect for sales teams, recruiters, and marketers seeking validated contact information"
Dach Region 2M+ Business Leads+ Emails From Google Maps,Miso,https://apify.com/xmiso_scrapers/dach-region-2m-business-leads-emails-from-google-maps-ppr?fpr=youssef,google-maps,3,137,4.5,3,"Looking for affordable apollo.io alternative when searching for DE,AT,CH business leads? Get recent B2B data from continuously updated database of DACH businesses with emails and social links"
"URL to Metadata - mail, social and more",njoylab,https://apify.com/njoylab/url-summary-scraper?fpr=youssef,other-lead-sources,3,136,5,1,"A powerful Apify actor that extracts essential website information, including title, description, images, mail, and social media links. Perfect for quick data gathering and insights from any URL"
Business Contact Extractor,Sue,https://apify.com/washed_fun/business-contact-extractor?fpr=youssef,email-finders,3,128,,0,"Extract business emails and phone numbers from company websites. High-accuracy AI-enabled business contact extractor using smart crawling, LLM and AI extraction, heuristics, and PDF extraction. Finds emails/phones even on complex sites. Supports CSV bulk input and outputs clean, CRM-ready data"
Best & Cheapest LinkedIn Companies Scraper (Pay‑Per‑Result),Bebity,https://apify.com/bebity/bebity-linkedin-companies-ppr?fpr=youssef,linkedin,3,120,5,1,
Thomasnet.com Scraper · Emails,Muhamed Didovic,https://apify.com/memo23/thomasnet-scraper?fpr=youssef,email-finders,3,99,4.7,5,"Thomasnet.com supplier scraper with verified emails - full company profiles incl. emails, phone, certifications, employees, year founded & more. ~25-30 suppliers per search URL, scaled by city/state/category. Reliable anti-bot bypass. JSON or CSV out"
"Youtube Channel Scraper | Subs, Stats & Contact",Apizy,https://apify.com/apizy/youtube-channel-scraper?fpr=youssef,social-leads,3,83,5,6,"Scrape YouTube channel subscribers, views, engagement rate, email, and social links. Transparent pay-per-success pricing -, only when it succeeds. Never charged for failures. 100 channels = No subscriptions, no hidden fees"
BetaList Scraper,Michael G,https://apify.com/michael.g/betalist-scraper?fpr=youssef,directories,3,76,5.0,4,"Scrape data on BetaList startups and their makers from the BetaList topics directory. Export scraped data, schedule via API, and integrate with other tools or AI workflows"
"Healthgrades Scraper - Doctor NPI, Ratings & Contact Data",Jaybird Technologies,https://apify.com/jaybird/healthgrades-scraper?fpr=youssef,enrichment-verification,3,75,,0,"Scrape doctor profiles from Healthgrades.com: names, NPI numbers, specialties, star ratings, education, board certifications, and office locations with phone, fax & geo-coordinates, plus telehealth and new-patient flags. Ideal for healthcare lead generation and provider data enrichment"
BizBuySell Scraper,Lexis Solutions,https://apify.com/lexis-solutions/bizubuysell?fpr=youssef,other-lead-sources,3,70,4.0,7,"Scrape business listings from BizBuySell to extract key details, prices, and seller info. Ideal for market research, acquisition tracking, and business trend analysis. Fast, structured, and customizable"
PsychologyToday.com Search and Details scraper,Muhamed Didovic,https://apify.com/memo23/psychologytoday-scraper?fpr=youssef,other-lead-sources,3,67,5.0,1,"Scrape PsychologyToday by state, city or direct profile URL for therapists, psychiatrists, groups and treatment-rehab. Returns name, credentials, bio, address, phone, image, specialties, expertise, types of therapy, insurance carriers, license, client focus and nearby areas"
Telegram Channel Message Scraper,akula.marketing,https://apify.com/akula.marketing/Telegram-Get-Chat-Messages-Channel-Comments?fpr=youssef,social-leads,3,65,5,1,Scrape Telegram channel messages and group chat posts with author profiles. Delivers Excel export via webhook for lead gen and conversation analysis
Citation Builder,The Howlers,https://apify.com/alizarin_refrigerator-owner/citation-builder?fpr=youssef,email-finders,3,61,,0,"Build local SEO citations by automatically submitting your business NAP (Name, Address, Phone) to 45+ directories. Why Citations Matter Local citations are mentions of your business name, address, and phone number on other websites. They're a critical local SEO ranking factor"
"ImmobilienScout24.de Scraper - Properties, Prices & Agents",Abot API,https://apify.com/abotapi/immoscout24-scraper?fpr=youssef,other-lead-sources,3,50,5,1,"discount. Extract property listings from immobilienscout24.de, Germany's #1 real estate platform with 9,000+ active listings per city. Get fully-detailed listings including price, GPS coordinates, amenities, images, agent contacts, and more"
Jobup Scraper,Lexis Solutions,https://apify.com/lexis-solutions/jobup-scraper?fpr=youssef,jobs-hiring-signals,3,42,5,4,"Extract job listings from Jobup.ch, Switzerland's leading job board. Search by keywords and location, or scrape specific job URLs. Perfect for job market analysis"
Y Combinator Scraper,Shahid Irfan,https://apify.com/shahidirfan/Y-Combinator-Scraper?fpr=youssef,directories,3,39,4.8,6,"Discover the Y Combinator Scraper, an efficient actor for scraping the YC companies directory. Easily extract detailed profiles, founder info, and batch data. Ideal for market research, lead generation, or investment analysis. For best results and to avoid blocks, residential proxies are best"
Rent.Com [] Scraper · Emails,Muhamed Didovic,https://apify.com/memo23/rent-com-scraper?fpr=youssef,email-finders,3,38,5,3,"extract Rent.com property data: pricing, bed/bath ranges, location coordinates, photos, special deals, contact info & availability. Get structured JSON with property details, media galleries & lead information"
Avvo.com [] Lawyer Directory Scraper · Emails,Muhamed Didovic,https://apify.com/memo23/avvo-scraper?fpr=youssef,email-finders,3,29,5.0,1,"No limits. Turn Avvo.com into a structured US-attorney dataset. Pull name, firm, phone, full address with real coordinates, practice areas, languages, credentials, awards, hourly rate, and star ratings from any listing or attorney URL. JSON or CSV out, billed per result"
"Checkatrade Scraper - UK Tradespeople, Ratings & Reviews",Muhamed Didovic,https://apify.com/memo23/checkatrade-scraper?fpr=youssef,other-lead-sources,3,27,,0,"Checkatrade scraper - search any trade + town, or paste profile/search URLs. One flat row per tradesperson: phone, locality, score out of 10, review counts, skills, badges, vetting and member-since. Opt-in full review history from Checkatrade's public API. Pure HTTP, no browser"
App Store Reviews + AI Intelligence · Dev Emails,Muhamed Didovic,https://apify.com/memo23/app-store-scraper?fpr=youssef,email-finders,3,25,5,1,"Apple App Store all-in-one - app details, reviews, ranked search (ASO), similar apps, developer portfolios & emails, multi-country - plus AI review intelligence: deterministic reviewInsights () and AI pain-point analysis with themes, missing features & quick wins ()"
Realtor Rental Listings Scraper,SilentFlow,https://apify.com/silentflow/realtor-rental-scraper-ppe?fpr=youssef,other-lead-sources,3,24,,0,"Get rental listings from Realtor.com with 70+ fields per property: rent, beds and baths, square footage, amenities, pet policy, lease terms, available units, agent contacts, photos and GPS coordinates"
SimplyHired Jobs Scraper,Orgupdate,https://apify.com/orgupdate/SimplyHired?fpr=youssef,jobs-hiring-signals,3,23,,0,"The latest and most advanced SimplyHired Job Scraper. Our new SimplyHired Job Scraper extracts real-time job postings at scale from all over the world. A new research tool built for recruitment, insights and HR"
Chemist Warehouse Product Scraper,ParseForge,https://apify.com/parseforge/chemist-warehouse-scraper?fpr=youssef,other-lead-sources,3,23,,0,"Scrapes Chemist Warehouse Australia product listings by keyword, category, or brand. Returns each product as a flat row with price, stock status, and full details"
Instagram Email & Phone Scraper · Deep Bio-Link Scan · No Login,Muhamed Didovic,https://apify.com/memo23/instagram-email-phone-scraper?fpr=youssef,email-finders,3,22,,0,"Scrape public contact details from any Instagram profile - email, phone, WhatsApp, category and bio links. Follows the link in bio, expands Linktree-style pages, and reads the contact pages behind them, finding numbers a single-page scan misses. No login, no cookies. JSON, CSV or Excel"
SubReddit Info Scraper,AgentX,https://apify.com/agentx/subreddit-info-scraper?fpr=youssef,other-lead-sources,3,20,5.0,2,"Subreddit info scraper that profiles one community in a single call - 47 structured fields covering public descriptions, subscriber counts, access and content flags, submission and archiving settings, brand assets, sticky posts, rules, and wiki pages. Actor Start"
Dice.com Jobs Scraper - Emails & Applicant Counts,Muhamed Didovic,https://apify.com/memo23/apify-dice-scraper-ppe?fpr=youssef,email-finders,3,19,,0,"Dice.com jobs scraper - 10% under the market leader, with data rivals lack: per-job applicant counts, employer contact emails and payment-stack lead scoring. Search by URL or filters; monitoring mode returns only new jobs. Deep rows - pay rate, skills, sponsorship. JSON/CSV"
Jobat Job Scraper [] - Belgium Jobs (NL & FR),Black Falcon Data,https://apify.com/blackfalcondata/jobat-scraper?fpr=youssef,jobs-hiring-signals,3,15,,0,Scrape jobat.be - Belgium's leading board with structured salary · 3 description formats · employer contact data · Dutch and French listings. Incremental mode tracks new and changed jobs across scheduled runs
Canada Job Bank Scraper,Automation Lab,https://apify.com/automation-lab/canada-job-bank-scraper?fpr=youssef,jobs-hiring-signals,3,13,,0,"Extract complete Canada Job Bank postings with employers, salaries, LMIA signals, qualifications, responsibilities, benefits, dates, and application details"
Indeed Job Scraper,Epic Scrapers,https://apify.com/epicscrapers/indeed-scraper?fpr=youssef,jobs-hiring-signals,3,7,,0,"job listings by keyword, location, job type, remote preference, experience level, date posted, or job URL. Extract structured job data including titles, companies, salaries, full descriptions, skills, benefits, ratings, locations, posting dates etc"
TikTok Following Scraper,ToolzerHub,https://apify.com/toolzerhub/tiktok-following-scraper?fpr=youssef,social-leads,3,7,,0,"Extract the accounts a TikTok user follows by username or secUid. Get full profiles for every account: IDs, nicknames, bios, avatars, verification, privacy, region, and follower/following statistics. Export the data, run it via API, or schedule and monitor audience research"
Gumtree Property Scraper,VividSoftwares,https://apify.com/vivid-softwares/gumtree-scraper?fpr=youssef,other-lead-sources,3,5,,0,"Scrape public Gumtree UK property, room and flatshare listings from filtered search URLs. Extract rents, locations, descriptions, images, seller details and property attributes for datasets, APIs, monitoring and AI-agent workflows"
TikTok Scraper | All-In-One,ToolzerHub,https://apify.com/toolzerhub/tiktok-scraper?fpr=youssef,social-leads,3,4,,0,"Extract TikTok videos, profiles, comments, hashtags, sounds, and follower lists in one Actor. Add a username, video URL, hashtag, or search term and get video IDs, captions, play, like, comment and share counts, plus author and music data. No login required"
Zomato Restaurant Reviews Scraper,Factden,https://apify.com/factden/zomato-restaurant-reviews-scraper?fpr=youssef,other-lead-sources,3,4,5.0,3,"Scrape Zomato restaurant reviews at scale - ratings, full review text, reviewer, owner responses, plus a per-restaurant lead record (phone, address, geo, cuisines, cost, rating). Paste restaurant URLs, city/locality listing URLs, or IDs. Filter by rating/date; export JSON/CSV"
Instagram Followers Scraper - Public Follower Data Export,DataFusionX,https://apify.com/devil_port369-owner/instagram-follower?fpr=youssef,social-leads,2,688,5.0,5,"Scrape a public Instagram account's follower list without login, cookies, or proxies. Get username, full name, profile URL, verification and privacy status per follower as flat JSON, CSV, or Excel"
Google Maps Scraper,EasyApi,https://apify.com/easyapi/google-maps-scraper?fpr=youssef,google-maps,2,603,1.6,3,"Powerful Google Maps scraper, collect up to 5000 place results per time, with flexible search options, language support. Perfect for market research, local business discovery, and geospatial data collection"
Google Maps Business Lead and Business Website Scraper,LeadGen Labs,https://apify.com/lead.gen.labs/google-maps-business-lead-and-business-website-scraper?fpr=youssef,google-maps,2,578,1.1,6,"Unlock valuable business leads by effortlessly scraping contact details - name, address, phone, website, and reviews - from Google Maps. Perfect for boosting your marketing outreach and sales pipeline"
Reddit Scraper Lite,Caleb David,https://apify.com/microworlds/reddit-scraper-lite?fpr=youssef,social-leads,2,509,4.9,10,"Pay Per Result, unlimited Reddit web scraper to crawl posts, comments, communities, subreddits, and users without login. Limit web scraping by number of posts or items and extract all data in a dataset in multiple formats"
"Crunchbase Scraper: 130+ Fields, No API Key",Scrapefull,https://apify.com/scrapefull/crunchbase-scraper?fpr=youssef,b2b-databases,2,407,1,1,"Extract 130+ fields from any Crunchbase company page: funding, investors, founders, contacts, and more. No API key or subscription needed. Export to JSON, CSV, or Excel"
Google Ads & Insight Scraper,SASWAVE,https://apify.com/saswave/google-ads-insight-scraper?fpr=youssef,other-lead-sources,2,339,5,4,"Extract ADS or INSIGHTS from a search url on google ads transparency website. From adstransparency.google.com get data about advertisers, regions, ADS, spend per advertisers / regions and more. Details on information page. Extract and analyze data from Google's Ads Transparency Center"
Dice.com US Tech Jobs Scraper,Lexis Solutions,https://apify.com/lexis-solutions/dice-com-jobs-scraper?fpr=youssef,jobs-hiring-signals,2,320,5,10,"Scrape US tech jobs data from dice.com. Export to Excel, CSV, JSON, or API with Apify. Extract job listings, salaries, locations, and more"
Reddit Comments Scraper,EasyApi,https://apify.com/easyapi/reddit-comments-scraper?fpr=youssef,social-leads,2,286,5,1,"Extract Reddit comments with their complete thread structure, including nested replies, user information, and engagement metrics. Perfect for analyzing discussions, sentiment analysis, and tracking community engagement on Reddit posts"
Google Maps Business Listing,TrueFetch,https://apify.com/truefetch/google-maps-business-listing?fpr=youssef,google-maps,2,284,5,2,"Google Maps business listings API: send a keyword and location to get 43-field records with IDs, categories, addresses, coordinates, review and photo counts, contacts, hours, hotel details, and attributes - no API key or daily quota"
Shopify App Store Scraper,BowTiedRaccoon,https://apify.com/jungle_synthesizer/shopify-app-store-scraper-2?fpr=youssef,other-lead-sources,2,272,1,1,"Scrape apps from the Shopify App Store with pricing, ratings, developer info, and user reviews. Also scrapes the Shopify Theme Store - theme name, designer, price, features, presets, version and reviews"
Glassdoor Jobs Scraper,Silo,https://apify.com/silo/glassdoor-jobs-scraper?fpr=youssef,jobs-hiring-signals,2,269,5,2,"Introducing the Glassdoor Jobs Scraper for Apify! This cutting-edge tool simplifies job listing extraction from Glassdoor. Ideal for job seekers, recruiters, and market analysts, it provides extensive customization to meet diverse job-hunting and research requirements effortlessly"
Realtor.com Agent Scraper,EasyApi,https://apify.com/easyapi/realtor-com-agent-scraper?fpr=youssef,email-finders,2,263,1,1,"Scrape real estate agent profiles from Realtor.com, including their contact details, service areas, experience, listings, and performance metrics. Perfect for lead generation and market research"
Free Google Maps Scraper - Low-cost & Extensive,Blue Orion,https://apify.com/blueorion/free-google-maps-scraper-extensive?fpr=youssef,google-maps,2,211,4.9,5,"Reliable Actor to Extract Google Maps data using Free Credit or. Extensive Data Outputs include `addresses`, `coordinates`, `reviews`, `menus`, `opening hours`, `gas station info`, `EV charging station info`, `tours and activities`, `admission and tickets`, and `hotel deals`"
Social Media Contact Scraper,EasyApi,https://apify.com/easyapi/social-media-contact-scraper?fpr=youssef,email-finders,2,198,,0,"Supercharge your lead generation with our Social Media Contact Scraper! Extract emails, phone numbers, and social media profiles from websites effortlessly. Customizable depth, domain control, and stealth mode for efficient and ethical scraping. Build your contact database today!"
Skool Members Scraper,Muhamed Didovic,https://apify.com/memo23/skool-members-scraper-rent?fpr=youssef,email-finders,2,194,2.9,2,"Boost your business leads with our Skool.com Groups' Members/Users Scraper. Gather user details like names, emails, and social media links (Facebook, Instagram, LinkedIn, Twitter, etc.). It is ideal for market research, competitor analysis, and lead generation. Save time with our advanced scraper"
LinkedIn Job Search Scraper,PowerAI,https://apify.com/powerai/linkedin-job-search-scraper?fpr=youssef,linkedin,2,194,1,1,"Extract job listings from LinkedIn with detailed metadata including job titles, company information, requirements, and direct URLs. Perfect for job market research, competitor analysis, and talent acquisition"
Upwork Jobs,datawizards,https://apify.com/hello.datawizards/upwork-jobs?fpr=youssef,jobs-hiring-signals,2,189,1,1,"Upwork-Jobs-Bulk-Scraper: Scrape Upwork job listings by keywords for structured data on titles, rates, and skills. Ideal for job market analysis and tracking freelance gigs. Use Apify Proxy to avoid blocks. Gain insights into freelance trends and rates"
Scrape business emails from Google Maps,EasyApi,https://apify.com/easyapi/scrape-business-emails-from-google-maps?fpr=youssef,google-maps,2,171,1,1,"Extract business email addresses from Google Maps search results without using any third-party APIs. Perfect for lead generation, sales outreach, and market research. Supports multiple search queries and delivers clean, structured data. Built with advanced scraping technology"
YellowPages Australia Lead Generator,Zebu Data,https://apify.com/delicious_zebu/yellowpages-australia-lead-generator?fpr=youssef,directories,2,167,5,30,"Effortlessly scrape detailed business data from YellowPages.com.au by keyword, location, and filters like “Open Now” or “Popular.” Fast, flexible, and ideal for lead generation or market research"
Companies House UK Scraper,Lexis Solutions,https://apify.com/lexis-solutions/companies-house-uk-scraper?fpr=youssef,b2b-databases,2,167,4.6,8,"Scrape company info from UK Companies House. Extract company registration number, address, status, incorporation date, URL, and more"
Gelbe Seiten Scraper | German Yellow Pages Scraper,Dominic M. Quaiser,https://apify.com/dominic-quaiser/gelbe-seiten-german-yellow-pages-scraper?fpr=youssef,directories,2,149,3.5,2,"Scrape German business listings from Gelbe Seiten with flexible detail levels. This Apify Actor supports fast, basic, and deep search modes, rate limiting, proxy rotation, and index control. Ideal for lead gen, SEO, and market research. Outputs structured data to Apify datasets"
Upwork Jobs Scraper,Orgupdate,https://apify.com/orgupdate/upwork-jobs-scraper?fpr=youssef,jobs-hiring-signals,2,146,2.7,2,"The latest and most advanced Upwork Jobs Scraper. Our Upwork Jobs Scraper extracts real-time job postings at scale from all over the world. A new research tool built for recruitment, insights and HR"
Aliexpress Bulk Scraper Pro,datawizards,https://apify.com/hello.datawizards/aliexpress-bulk-scraper-pro?fpr=youssef,other-lead-sources,2,130,5,1,"Aliexpress Bulk Scraper Pro: Scrape AliExpress product listings effortlessly with keyword searches. Get structured JSON data with product IDs, titles, prices, discounts, ratings, and images. Ideal for e-commerce research, price comparison, and market trends. Use Apify Proxy to avoid blocks"
E-commerce Email Scraper - Cheap & Advanced,Storm_Scraper,https://apify.com/scrapestorm/e-commerce-email-scraper---cheap-advanced?fpr=youssef,email-finders,2,127,5,1,"Scrape E-commerce Emails Easily Enter your search parameters (e.g product keywords, email domains & platform) to collect verified seller or store contacts along with product title, store description & more Perfect for e-commerce lead generation, B2B outreach, product research & market analysis"
Crunchbase Session Cookies,SASWAVE,https://apify.com/saswave/crunchbase-session-cookies?fpr=youssef,b2b-databases,2,108,5,1,"With login password, get your session cookies. Before each run, we test previous session cookies generated from last run. If still valid, they are returned, else we generate new cookies"
HelloWork Scraper,Lexis Solutions,https://apify.com/lexis-solutions/hellowork-scraper?fpr=youssef,jobs-hiring-signals,2,92,5,7,"The HelloWork scraper is a web scraping tool that retrieves job postings from HelloWork, a job search website in France Le scraper HelloWork est un outil de web scraping qui récupère les offres d'emploi de HelloWork, un site de recherche d'emploi en France"
Bing Maps Scraper,karamelo,https://apify.com/karamelo/bing-maps-scraper?fpr=youssef,google-maps,2,88,,0,"Bing Maps offers incredible potential for businesses across a large spectrum of industries. It offers a detailed directory of contact information, reviews, ratings, photos, phone, local address, website and more. Bing Maps can be a huge business data insights alternative to Google Maps"
Free Google Ads Scraper,Bruce Martin,https://apify.com/cryptdarkly/google-ads-scraper?fpr=youssef,other-lead-sources,2,83,5,1,"The most robust, domain-focused Google Ads Scraper on Apify. Extract active ads, creative details, and landing pages with built-in OCR and stealth technology. FREE FOR A LIMITED TIME"
Idealista Scraper,SilentFlow,https://apify.com/silentflow/idealista-scraper-ppr?fpr=youssef,other-lead-sources,2,81,,0,"Scrape Idealista listings across Spain, Portugal and Italy. Get 75 fields per property: asking price, size, rooms, GPS coordinates, energy rating, neighborhood, agency name and phone, floor plans and virtual tours. Go past the 1,800 result search cap. Export straight to CSV, JSON or Excel"
Facebook Auto Message Sender,clothe fobia,https://apify.com/clothefobia/facebook-auto-message-sender?fpr=youssef,social-leads,2,71,,0,Facebook Auto Message Sender- Send Message to all facebook profiles using facebook cookie method
WebMD Doctor Scraper,EasyApi,https://apify.com/easyapi/webmd-doctor-scraper?fpr=youssef,email-finders,2,70,,0,"Scrape detailed doctor profiles from WebMD search results, including doctor information, specialties, ratings, reviews, locations and contact details. Perfect for healthcare provider research and analysis"
PagesJaunes Scraper | Fast & Reliable,Fatih Tahta,https://apify.com/fatihtahta/pagesjaunes-france-scraper?fpr=youssef,email-finders,2,70,,0,"Extract clean, structured France business data right from PagesJaunes.fr. It grabs every visible listing to deliver names, phone numbers, websites, ratings, addresses, hours and more. Ideal for sales, market mapping or local competitor research"
LinkedIn Ads Scraper,Gen First,https://apify.com/ivanvs/linkedin-ads-scraper?fpr=youssef,linkedin,2,64,2.0,2,"Extract details about ads from Linkedin Ad Library. Scrape ad details like when it was run, ad targeting, advertiser and content of ad. Download ad data in JSON, XML, Excel format"
E-Commerce Phone Number Scraper - Cheapest (All-in-One),Storm_Scraper,https://apify.com/scrapestorm/e-commerce-phone-number-scraper---cheapest-all-in-one?fpr=youssef,email-finders,2,57,3.8,4,"Scrape Mass/Bulk E-Commerce Phone Numbers Easily Enter your search parameters (e.g. keyword & platform) to collect verified business phone numbers from top e-commerce sites and marketplaces Ideal for lead generation, dropshipping research, seller outreach, and data enrichment"
Exa.ai People Search,Fantastic.jobs,https://apify.com/fantastic-jobs/exa-ai-people-search?fpr=youssef,enrichment-verification,2,56,,0,"Unofficial Apify wrapper for Exa.ai's People search. 1 Billion+ Profiles! Advanced people search for sales, recruiting, and market research. Find professionals by role, location, skills, and more across LinkedIn and other professional networks"
Clutch.co Scraper,Shahid Irfan,https://apify.com/shahidirfan/Clutch-co-Scraper?fpr=youssef,directories,2,54,5,5,"Introducing the Clutch.co Scraper, a lightweight actor for extracting company profiles, client reviews, and ratings from Clutch.co. Quick and effective. For best results and reliable data extraction, the use of residential proxies is strongly advised. Get the B2B insights you need!"
Zillow Agents Search Scraper,PowerAI,https://apify.com/powerai/zillow-agents-search-scraper?fpr=youssef,email-finders,2,52,,0,"Extract comprehensive real estate agent data from Zillow. Search agents by name, or keyword to gather detailed information including contact details, ratings, reviews, business information, and more"
500 Global Scraper,Michael G,https://apify.com/michael.g/500-global-scraper?fpr=youssef,other-lead-sources,2,45,5,3,"Scrape data on 500 Global companies from the 500 Global portfolio. Export scraped data, schedule via API, and integrate with other tools or AI workflows"
Aqarmap Scraper () · Emails,Muhamed Didovic,https://apify.com/memo23/agarmap-cheerio?fpr=youssef,email-finders,2,44,5,2,"This scraper extracts detailed Egyptian real estate data, including property listings (for sale/rent) and individual property details. It captures key fields like property type, price, location, amenities, room counts, availability dates, and unique identifiers for comprehensive market analysis"
Apple Maps Business Listings Scraper,The Howlers,https://apify.com/alizarin_refrigerator-owner/apple-maps-business-listings-scraper?fpr=youssef,directories,2,41,,0,"Scrape Business Listings from Apple Maps. Apple's mapping platform has unique business data including Apple's proprietary percentage-based ratings, aggregated reviews from Yelp & TripAdvisor & more. Business names and categories, Hours, NAP, websites, & more"
LinkedIn Profile API,TrueFetch,https://apify.com/truefetch/linkedin-profile-api?fpr=youssef,linkedin,2,38,4.0,2,"LinkedIn profile scraper for one public member URL. Export a sparse 24-field person snapshot with identity, roles, experience, education, articles, activity, counts, and provenance"
Google All-in-One Scraper,EasyApi,https://apify.com/easyapi/google-all-in-one-scraper?fpr=youssef,other-lead-sources,2,38,,0,"Comprehensive Google Scraper: Extract data from web, news, images, videos, scholar, autocomplete, and places searches. Efficient customizable parameters, and automatic pagination. Your one-stop solution for Google search data!"
Leboncoin Real Estate Scraper - Phone Leads,mostafa ennadi,https://apify.com/mostafa-ennadi/leboncoin-immobilier-phone-leads-scraper?fpr=youssef,other-lead-sources,2,37,5,3,"Scrape Leboncoin real estate listings for market research, pricing analysis, monitoring, seller discovery, agency prospecting, and phone leads"
Immonet [] Search · Detail Pages · Scraper,Muhamed Didovic,https://apify.com/memo23/immonet-scraper?fpr=youssef,email-finders,2,35,5,1,"get pricing details with financing links, GPS coordinates, full addresses, room counts, living space, energy certificates (class, consumption, heating type), provider ratings, contact information including phone numbers, and company profiles, high-resolution images"
"WooCommerce Scraper: Products, Prices & Reviews",Sourabh Kumar,https://apify.com/sourabhbgp/woocommerce-scraper?fpr=youssef,other-lead-sources,2,31,5,1,"Scrape products from any WooCommerce store: prices, sale prices, variation prices, stock, images, categories and reviews. Search and filter by keyword, category, price or sale. Many stores per run"
Mobile.de Reviews Scraper,Lexis Solutions,https://apify.com/lexis-solutions/mobile-de-reviews-scraper?fpr=youssef,other-lead-sources,2,29,5.0,5,Collect comprehensive reviews of auto sellers from Mobile.de for in-depth market analysis and competitor insights. | Sammeln Sie umfassende Bewertungen von Autoverkäufern auf Mobile.de für eine gründliche Marktanalyse und Wettbewerbsinformationen
Werk.nl | Search | Detail | Scraper [] · Emails,Muhamed Didovic,https://apify.com/memo23/werk-nl-cheerio?fpr=youssef,email-finders,2,25,5,1,"Extract comprehensive job data including titles, salaries, locations, employer details, contact information, requirements (education, languages, licenses), working hours, contract types, and application methods - everything needed for job market analysis"
Workday Jobs Scraper - Company Careers & Job Listings,Abot API,https://apify.com/abotapi/myworkdayjobs-scraper?fpr=youssef,jobs-hiring-signals,2,24,,0,"Scrape job postings from any Workday-hosted careers site on Myworkdayjobs.com. Paste careers-page or job URLs and get structured job data, including title, full description, locations, time type, posting dates, employer, apply URL, country, and geo data"
Randstad.com Jobs [] Scraper,Muhamed Didovic,https://apify.com/memo23/randstad-com-scraper?fpr=youssef,jobs-hiring-signals,2,23,5.0,1,"Scrape Randstad.com jobs worldwide: extract job titles, descriptions, salaries, locations (country/region/city), company names, employment types, specialisms, job categories, posting dates, and client information from any country's Randstad site"
"Uber Eats Scraper - Menus, Prices, Reviews",Sourabh Kumar,https://apify.com/sourabhbgp/ubereats-scraper?fpr=youssef,other-lead-sources,2,23,,0,"Scrape Uber Eats restaurants worldwide - full menus with prices in cents, reviews, hours, ratings, and chain IDs in a single HTTP request. 10 countries supported., no per-run fee"
Subreddit Posts Scraper,AgentX,https://apify.com/agentx/subreddit-posts-scraper?fpr=youssef,other-lead-sources,2,22,5.0,2,"Subreddit posts scraper for one community with new, top, hot, rising, or controversial sorting: 43 top-level fields per post covering engagement signals, flags, media, duplicate links, and optional nested comments. Inputs accept 1-1,000 posts and 0-2,000 comments per post"
Chamber of Commerce Member Directory Scraper,BowTiedRaccoon,https://apify.com/jungle_synthesizer/chamber-of-commerce-aggregator-scraper?fpr=youssef,directories,2,21,,0,"Extract member businesses from US chamber-of-commerce directories. Walks each chamber sitemap and pulls business name, address, phone, website, social links, categories, and description. Supply one or more chamber URLs (GrowthZone / ChamberMaster platform)"
Comparably.com Reviews and Stats Scraper · Emails,Muhamed Didovic,https://apify.com/memo23/comparably-cheerio-scraper?fpr=youssef,email-finders,2,20,5,2,"Access detailed employee reviews, company culture metrics, and CEO approval ratings to make informed HR decisions and benchmark workplace satisfaction"
"Google Maps Leads Scraper - unlimited volume, no 120 cap",Muhamed Didovic,https://apify.com/memo23/google-maps-leads-scraper?fpr=youssef,google-maps,2,19,,0,"Google caps every Maps search at ~120 results. This one tiles the search area and subdivides until it has them all - 783 businesses where a single search returns 140. Phone, website, rating, category, full address, coordinates per row. Optional emails and web-platform detection"
Randstad.nl Jobs [] Scraper,Muhamed Didovic,https://apify.com/memo23/randstad-nl-scraper?fpr=youssef,jobs-hiring-signals,2,15,5.0,2,"Extract job data from Randstad.nl including job titles, salaries, locations, contact details, company info, work hours, contract types, education requirements, and full descriptions. Get structured data with metadata, benefits, and application details for market research and recruitment"
Landandfarm.com [] Search | Detail(s) | PPE | Scraper,Muhamed Didovic,https://apify.com/memo23/landandfarm-scraper?fpr=youssef,other-lead-sources,2,14,,0,"Ideal for real estate investors, market analysts, and property researchers, it tracks property details, pricing, and listing information. With easy setup and multiple export formats (JSON, CSV), it's perfect for anyone looking to gather comprehensive property data from Land And Farm"
"YouTube Video Scraper [FAST] | Views, Duration & Thumbnails",Apizy,https://apify.com/apizy/youtube-video-scraper?fpr=youssef,social-leads,2,13,5,5,"Turn any YouTube channel into a clean dataset. Pull titles, url, views, durations, thumbnails, and publish dates for up to 1,000 videos in one run, great for content research, competitor tracking. Most runs finish in under 10 seconds. Pay, only when it succeeds. Failures are free"
"Naver Map Scraper Places, Menus, Reviews",Abot API,https://apify.com/abotapi/naver-map-scraper?fpr=youssef,other-lead-sources,2,13,,0,"Scrape Naver Map places by keyword or URL: names, categories, ratings, phones, addresses, GPS, menus, opening hours, facilities, subway and bus transit, photos, plus visitor and blog reviews. 70+ fields, full pagination, three sort orders, fast and low cost"
RandstadUSA.com Jobs [] Scraper · Emails,Muhamed Didovic,https://apify.com/memo23/randstad-usa-scraper?fpr=youssef,email-finders,2,7,,0,"Scrape RandstadUSA jobs with filters (location, distance, remote, job type, specialism). Get job titles, salaries, descriptions, skills, contact info, coordinates, and application URLs. AI-enhanced data extraction"
"Imprint & Impressum Scraper - Email, Phone, VAT & Socials",Thomas Ehrler,https://apify.com/perceptr0n/imprint-impressum-website-contact-scraper?fpr=youssef,email-finders,2,6,,0,"Domains to verified company records from the imprint / Impressum / legal notice: name, legal form, address, register (HRB, FN, CHE), VAT ID checked against the EU VIES register, e-mail, phone, fax, social profiles. Germany, Austria, Switzerland. No login, no cookies, no API key"
Lawyer Legion Scraper,BowTiedRaccoon,https://apify.com/jungle_synthesizer/lawyerlegion-scraper?fpr=youssef,email-finders,2,6,,0,"Scrape attorney profiles from LawyerLegion.com. Extract names, contact details, practice areas, bar admissions, board certifications, education, and firm information. Filter by U.S. state. Ideal for legal marketing, recruiting, and lead generation"
Reddit Post Scraper,ToolzerHub,https://apify.com/toolzerhub/reddit-post-scraper?fpr=youssef,social-leads,2,5,,0,"Extract a complete Reddit post record by post ID or permalink URL, or batch multiple posts at once. Get post ID, subreddit, title, author, creation date, score, upvotes, comment count, and full post detail. No Reddit account or API key required"
"Naukri Job Scraper - Salary, Skills & Full JD",Corvuslab,https://apify.com/corvuslab/naukri-jobs-scraper?fpr=youssef,jobs-hiring-signals,2,5,5,1,"Naukri Job Scraper extracts structured job listing data from Naukri.com - job title, company, experience, salary, location, full details. Fast, reliable, and built for scale. Ideal for recruiters, market researchers, and businesses tracking hiring trends"
"Scrape Trustpilot Reviews, Bypass limit cap",Vladimir Efimenco,https://apify.com/mof1re/trustpilot-reviews-scraper-bypass-limit?fpr=youssef,directories,2,4,,0,"Trustpilot reviews scraper - calls the site's data API directly. Full review text, verification, replies, and business profile (trust score, categories, contact info). Beast Mode digs deeper via multiple filter combos for max coverage (BYPASS 200 Limit cap)"
Google Ads Transparency Scraper,SilentFlow,https://apify.com/silentflow/google-ads-transparency-scraper?fpr=youssef,social-leads,2,4,,0,"Extract every ad an advertiser runs on Google Search, YouTube, Display and Shopping from the Ads Transparency Center. Search by brand name, domain, or advertiser ID and get creatives, first and last shown dates, ad formats, variation counts, and per-country reach. Export to JSON, CSV or Excel"
TikTok User Search Scraper,ToolzerHub,https://apify.com/toolzerhub/tiktok-user-search-scraper?fpr=youssef,social-leads,2,4,,0,"Search TikTok user accounts by keyword. Get IDs, nicknames, bios, avatars, verification, privacy, region, and account statistics for every result, with optional full-profile detail. Export the data, run it via API, or schedule and monitor creator research"
Email Verifier & Validator,One Scales,https://apify.com/onescales/email-verifier-validator?fpr=youssef,email-finders,2,4,5.0,2,"Bulk email verification made simple. Detect invalid, risky, and disposable-style addresses before you send. Try free, scale up to 50,000 emails per run"
X List Scraper | Pay-Per-Result,Xquik,https://apify.com/xquik/x-list-scraper?fpr=youssef,social-leads,2,2,5,2,"Scrape X (Twitter) List posts, members, and followers on every Apify plan. Use List URLs or IDs in bulk. No X login. Built by Xquik. World's fastest & cheapest X (Twitter) scraper service. Not affiliated with X Corp"
CaleProcure Solicitations Scraper,Automation Lab,https://apify.com/automation-lab/cal-eprocure-solicitations-contracts?fpr=youssef,other-lead-sources,2,2,,0,"Search and export current California CaleProcure solicitations with event IDs, agencies, statuses, and bid deadlines"
Influencer Finder,Mamba Labs,https://apify.com/mambalabs/creator-finder?fpr=youssef,social-leads,2,2,,0,"Finds creators by keyword and niche across TikTok, Instagram, YouTube, Pinterest, Twitch, Threads, and podcasts. Follower band filter keeps unknown counts and skips podcasts. One flat row per creator with handle, profile URL, and follower count. Contributes to a shared creator pool, on by default"
"Kaufland Seller Contact Scraper - Emails, Phone, VAT",Muhamed Didovic,https://apify.com/memo23/kaufland-sellers-scraper?fpr=youssef,email-finders,2,2,,0,"Turn any Kaufland search, product or shop URL into a lead list of the third-party sellers - legal name, address, VAT, phone and email from the impressum. Germany, Austria, Czechia, Slovakia, Poland, France and Italy. Every offer, not just the buy-box. Pure HTTP. JSON/CSV"
Link in Bio Scraper and Newsletter Detector,Mamba Labs,https://apify.com/mambalabs/link-in-bio-newsletter-checker?fpr=youssef,email-finders,2,2,,0,"Follows a creator's link-in-bio page and website. One flat row with outbound links, social profiles, newsletter status, what they sell, manager contact, evidence URLs, and a segment_tier (A, B1, B2, C; C is a newsletter plus an email). Contributes to a shared creator and agency pool, on by default"
Influencer Lead List Builder,Mamba Labs,https://apify.com/mambalabs/creator-lead-list-all-in-one?fpr=youssef,social-leads,2,2,,0,"Runs discovery, profile read, and link-in-bio check in one run, from keywords or a handle list. One flat row per creator per platform, linked by a creator ID, with contact, newsletter status, what they sell, and manager. Contributes to a shared creator and agency pool, on by default"
Influencer Profile Scraper,Mamba Labs,https://apify.com/mambalabs/creator-profile-reader?fpr=youssef,social-leads,2,2,,0,"Reads public creator profiles from a list of handles or URLs. One flat row per profile with followers, post count, bio, bio link, business email, engagement rate, and verified flag. max_residential_reads caps the Instagram bio fetch charge. Contributes to a shared creator pool, on by default"
Google Maps Business with Emails Extractor,Goldmine,https://apify.com/logical_scrapers/google-maps-email-extractor?fpr=youssef,google-maps,1,736,2.0,6,"Best for lead generation. Extract complete business information from Google Maps listing like ratings, opening hours, contact info, email addresses, social media links, and more. Ideal for building rich contact databases to support lead generation, market research, and business outreach"
Clutch.co Search Results Scraper ( Pay Per Results),Gopalakrishnan,https://apify.com/gopalakrishnan/clutch-companies-scraper?fpr=youssef,directories,1,467,3.9,3,"This Apify actor swiftly scrapes Clutch.co search results for lead generation. Get essential company data - names, URLs, ratings - for. Integrates seamlessly with enrichment tools. Fast, efficient, and cost-effective!"
Advanced Clutch.co Scrapper,ScrapeVerse,https://apify.com/scrapeverse/advanced-clutch-co-scrapper?fpr=youssef,directories,1,328,4,1,Get most detailed response from this Advanced Clutch.co Scrapper. That automates data extraction process for Clutch.co company data. Just add urls of clutch.co company profile pages and get insightful structured data right away
Website Contact Scraper,SASWAVE,https://apify.com/saswave/website-contact-scraper?fpr=youssef,email-finders,1,220,,0,"Crawl multiple website at once and extract their social accounts (linkedin, facebook, instagram) and the emails found"
Tiktok Profile & Video Scraper,SASWAVE,https://apify.com/saswave/tiktok-profile-video-scraper?fpr=youssef,social-leads,1,207,5,1,"Advanced Fast Tiktok Profile scraper. Extract profile data about followers count, likes, video count, following count, friend count, id, username, bio link, avatar, verified status, region, language, private account status and more"
Tiktok Profile Scraper,Pratik Dani,https://apify.com/pratikdani/tiktok-profile-scraper?fpr=youssef,social-leads,1,175,,0,"Scrapes publicly available profile information, including follower/following counts, bio, videos, and more, from TikTok"
Website DNS Scraper - Mail provider / Tech stack,SASWAVE,https://apify.com/saswave/website-dns-scraper?fpr=youssef,enrichment-verification,1,133,4.9,3,"From a list of domain names, get infos about tech stack (hubspot, webflow, klaviyo...) used and mail provider (google, outlook...) + All the dns records (TXT, A, SOA..) DNS based"
Zillow Scraper,Emmanuel Uchenna,https://apify.com/eunit/zillow-scraper?fpr=youssef,other-lead-sources,1,127,,0,"Extract data about properties for sale and rent on Zillow using the Zillow API, but with no daily call limits. Scrape millions of listings and download your data as HTML, JSON, CSV, Excel, or XML. Export scraped data, run the scraper via API, schedule and monitor runs, or integrate with other tools"
Yellow Pages US Scraper,karamelo,https://apify.com/karamelo/yellow-pages-us-scraper?fpr=youssef,directories,1,119,,0,"Search for businesses on the US Yellow Pages. Extract key business information from Yellow Pages US listings, including business names, addresses, phone numbers, categories, website URL, opening hours, ratings, a snippet review.... Export results to JSON, XLS, XML, HTML table, CSV, JSONL"
Facebook Ad Library Scraper Pro,Dennis,https://apify.com/kalirobot/fb-ad-library-scraper?fpr=youssef,social-leads,1,119,5,2,"Fast & reliable Facebook Ad Library scraper. Extract ads by keyword or page with smart fallback search. Get creative, targeting, metrics & media. Multi-country support. Perfect for competitor analysis & ad intelligence"
SeLoger Scraper (by ads URLs),Azzouzana,https://apify.com/azzouzana/seloger-mass-products-scraper-by-items-urls?fpr=youssef,other-lead-sources,1,108,,0,"Très simple! Entrez les URL des biens pour en obtenir les titres, descriptions, photos, évaluations énergétiques, prix, contacts, transports et plus encore Extraire les biens depuis seloger.com rapidement avec les infos détaillées à faible coût, avec exportation en JSON, CSV, EXCEL, etc"
Facebook Events Scraper,Jan Danecki,https://apify.com/danek/facebook-events-scraper?fpr=youssef,social-leads,1,103,3,1,"Scrap Facebook events fast and easy. This actor is a lightweight version of the Facebook Events actor. It is designed to be fast and efficient, so it can extract numerous events in a short time. It is also less likely to be blocked by Facebook"
Wellfound Startup Scraper With Emails | AngelList Directory,Fatih Tahta,https://apify.com/fatihtahta/wellfound-startup-scraper?fpr=youssef,email-finders,1,93,,0,"Extract structured Wellfound startup profiles including company details, email adresses, phone numbers, social media accounts, hiring signal and more. Built for startup sourcing, market intelligence, and automated CRM or analytics pipelines"
Realtor.ca Agents Scraper | Canada,ScrapeMind,https://apify.com/scrapemind/realtor-canada-agents?fpr=youssef,other-lead-sources,1,91,5,1,"Extract realtor.ca Agents data | Canada for any city or search. Download data as JSON, CSV, or Excel for research, lead generation, or analysis"
Autoscout24 Scraper,API Master,https://apify.com/inquisitive_sarangi/autoscout24-com-scraper?fpr=youssef,other-lead-sources,1,89,,0,"Autoscout24 scraper is a straightforward yet powerful tool designed to extract listings from AutoScout24, an online marketplace for buying and selling new and used vehicles, motorbikes, and accessories"
Github Search Scraper,SASWAVE,https://apify.com/saswave/github-search-scraper?fpr=youssef,other-lead-sources,1,76,5,1,Github search scraper. Get all data from search results list
Welcome to the jungle Jobs Scraper,Orgupdate,https://apify.com/orgupdate/welcome-to-the-jungle-jobs-scraper?fpr=youssef,jobs-hiring-signals,1,55,,0,"The latest and most advanced Welcome to the jungle Jobs Scraper. Our Welcome to the jungle Jobs Scraper extracts real-time job postings at scale from all over the world. A new research tool built for recruitment, insights and HR"
Instagram Profile Scraper,Lazy Scraper,https://apify.com/lazyscraper/instagram-profile-scraper?fpr=youssef,social-leads,1,52,,0,"This scraper extracts structured public data from Instagram profiles, including bio, full name, post counts, and follower metrics. Unlike most scrapers, it delivers precise follower counts and retrieves top posts with exact likes, comments, captions, and timestamps - straight from official data"
Dubai Real Estate Data Scraper,SIÁN OÜ,https://apify.com/sian.agency/bayut-property-scraper?fpr=youssef,other-lead-sources,1,48,5,3,"Bayut scraper and UAE property data API for Dubai and Abu Dhabi. Search for-sale and for-rent residential and commercial listings; return price, rent frequency, bedrooms, bathrooms, area in sqft, price per sqft, furnishing, completion status, permit number, photos and agency contacts"
SBA.GOV Scraper | US Small Business Directory,Fatih Tahta,https://apify.com/fatihtahta/sba-gov-scraper?fpr=youssef,directories,1,41,,0,"Scrape verified U.S. small-business data from SBA.gov including company names, certifications, NAICS, contacts, and capability statements. Perfect for vendor vetting, compliance sourcing, and lead generation"
Find A Lawyer in USA Lead Generation Scraper,LeadGen Labs,https://apify.com/lead.gen.labs/find-a-lawyer-in-usa-lead-generation-scraper?fpr=youssef,other-lead-sources,1,40,,0,This is the best lead generation tool to find and extracts Lawyers in USA for your lead generation strategies. It covers all Lawyer's practice areas
BuildZoom Scraper,ParseBird,https://apify.com/parsebird/buildzoom-scraper?fpr=youssef,email-finders,1,40,,0,"Scrape contractor data from BuildZoom. Search by city and trade, filter by construction type and project value. Extract BZ scores, licenses, permits, reviews, insurance, and contact info for 4M+ US contractors"
DentalPlans.com Dentist Scraper,EasyApi,https://apify.com/easyapi/dentalplans-com-dentist-scraper?fpr=youssef,email-finders,1,38,5,1,"Extract detailed dentist information from DentalPlans.com search results, including practice details, contact info, and appointment availability. Perfect for healthcare research, provider analysis, and dental market insights"
Lamudi.ph Property Scraper,Shahid Irfan,https://apify.com/shahidirfan/lamudi-ph-property-scraper?fpr=youssef,other-lead-sources,1,37,5,4,"Extract real estate listings from Lamudi.ph instantly. Scrape property prices, locations, agent details & descriptions for the Philippine market analysis. Perfect for property investors, market researchers & lead generation. Automate your real estate data collection efficiently"
Bluesky Followers Scraper,Storm_Scraper,https://apify.com/scrapestorm/bluesky-followers-scraper?fpr=youssef,b2b-databases,1,36,4.7,24,"Easily gather data about Bluesky followers. Enter a username or DID to retrieve key info like profile name, avatar image, description, account creation date, and labels. Seamlessly integrate with tools like Google Drive, Zapier, & more to streamline your workflow & boost productivity!"
Apple Maps Scraper,Lexis Solutions,https://apify.com/lexis-solutions/apple-maps-scraper?fpr=youssef,google-maps,1,35,5,1,"Extract location, business, and point-of-interest data from Apple Maps - addresses, coordinates, contact details, images, reviews, amenities, business hours, and more. Ideal for mapping apps, travel platforms, and market intelligence. Fast, reliable, and fully customizable"
Skool Map Scraper,FlowExtract API,https://apify.com/dz_omar/skool-map-scraper?fpr=youssef,other-lead-sources,1,34,5,2,"Extract member locations & full profiles from any Skool community map GPS coordinates, names, bios, social links, level & points. Works on communities with 200,000+ members. Perfect for events, outreach & research"
ForRent.com [] Scraper · Emails,Muhamed Didovic,https://apify.com/memo23/forrent-com-scraper?fpr=youssef,email-finders,1,31,4.3,2,"scrape comprehensive property data from ForRent.com. Extracts listings with pricing, floor plans, amenities, photos, walk scores, nearby points of interest, school ratings, and detailed leasing information. Ideal for market analysis and data aggregation"
ForRentUniversity.com [] Scraper · Emails,Muhamed Didovic,https://apify.com/memo23/forrentuniversity-scraper?fpr=youssef,email-finders,1,26,5,1,"Extract comprehensive student housing data: floor plans, pricing, amenities, reviews, walkability scores, nearby schools, transit info, virtual tours, property photos, management contacts, and detailed location data from ForRentUniversity.com listings"
"Startup Fast [] · Launches, Websites & Emails",Muhamed Didovic,https://apify.com/memo23/startupfast-scraper?fpr=youssef,email-finders,1,22,5,1,"[] startupfa.st scraper - scrape startup & product launches by category or across all 37 categories. Each project: name, tagline, the product's own website, logo, categories, upvotes, launch type & socials. Optional contact-email enrichment. Pure HTTP, JSON/CSV"
Zillow Property Scraper,AgentX,https://apify.com/agentx/zillow-property-scraper?fpr=youssef,other-lead-sources,1,21,5.0,2,"Zillow property scraper for United States and Canada sale, rental, and sold searches. Return 40 normalized fields with source-linked records and pay-per-result billing"
Subito.it Scraper [] Cars · Property · Jobs & More,Muhamed Didovic,https://apify.com/memo23/subito-scraper?fpr=youssef,jobs-hiring-signals,1,19,5,1,"Scrape Subito.it Italian classifieds across every category - cars, real estate, electronics, jobs and goods. Title, full description, price, condition, category features (year/mileage/fuel…), location, images and seller. Paste a search URL or build one from filters"
Substack Scraper - Posts·Comments·Subscribers w/ EMAILS,Muhamed Didovic,https://apify.com/memo23/substack-scraper?fpr=youssef,email-finders,1,19,4.6,2,"Scrape Substack newsletters - full post content, threaded comments, tags, authors, podcast episodes and EXACT subscriber counts. Works with custom domains, date filters, paid-post detection, optional author contact emails. Any publication or post URL. Pure HTTP, JSON/CSV out"
State Bar [] Lawyer & Attorney License Verification,Muhamed Didovic,https://apify.com/memo23/us-state-bar-scraper?fpr=youssef,other-lead-sources,1,18,,0,"Verify US attorneys against their state bar's official roster. Look up name, license status (Active/Inactive/Resigned/Disbarred), bar #, city, admission date - sourced directly from the state bar. v1: California (~250k attorneys). 14 filters. JSON/CSV out, billed per result"
Edjoin Scraper · Emails,Muhamed Didovic,https://apify.com/memo23/edjoin-scraper?fpr=youssef,email-finders,1,18,5.0,2,Empower your recruitment process with data-driven insights. Our Edjoin Scraper transforms scattered job listings into a comprehensive talent acquisition strategy for schools and districts
a16z Speedrun Companies Scraper,Muhamed Didovic,https://apify.com/memo23/a16z-speedrun-companies-scraper?fpr=youssef,email-finders,1,18,5.0,2,"a16z Speedrun Companies Scraper: ~240 startups (SR001-SR006) - cohort, industries, location, website, LinkedIn/X/GitHub, founders + LinkedIn. Fast refreshed catalog. Filter cohort, industry, region, search. Many emails included; optional enrichEmails via website + OSINT"
LinkedIn Company Audience Builder (ABM),Muhamed Didovic,https://apify.com/memo23/linkedin-company-url-finder?fpr=youssef,linkedin,1,16,,0,"Turn website domains into a LinkedIn Campaign Manager Company List audience. Paste any domain list - the actor finds each company's LinkedIn page URL, name, and location from its own website and emits upload-ready CSV columns with LinkedIn's exact template names. Optional contact emails"
North Carolina Electrical Contractor Leads Scraper (NCBEEC),Muhamed Didovic,https://apify.com/memo23/north-carolina-electrical-contractor-leads-scraper?fpr=youssef,email-finders,1,16,5.0,2,"Scrape license-verified electrician leads from North Carolina's state board (NCBEEC) - business name, license number, class, status, expiry, address, phone, and qualifier decision-makers. Full-state sweep or city/company/license search. Opt-in contact-email finding. JSON or CSV out"
SpareRoom Property Scraper,VividSoftwares,https://apify.com/vivid-softwares/spareroom-property-scraper?fpr=youssef,other-lead-sources,1,14,,0,"Scrape public SpareRoom UK room, flatshare and rental listings from filtered search URLs. Extract rent, location, property type, bedrooms, advertiser details and listing URLs for research, monitoring, APIs and AI-agent workflows"
"Domclick RU Property Scraper - Listings, Prices & Agent Data",Abot API,https://apify.com/abotapi/domclick-scraper?fpr=youssef,other-lead-sources,1,13,,0,"Extract property listings from domclick.ru, one of Russia’s largest real estate portals. Search by city or use listing/search URLs. Returns 70+ fields including price, area, rooms, floor, address, GPS, metro info, photos, seller and agency details, developer data, discounts, and mortgage flags"
North Carolina Plumbing & HVAC Contractor Leads Scraper,Muhamed Didovic,https://apify.com/memo23/north-carolina-plumbing-hvac-contractor-leads-scraper?fpr=youssef,other-lead-sources,1,13,,0,"Scrape license-verified plumbing, HVAC & fire-sprinkler contractor leads from North Carolina's state licensing board - company, license number, active classifications, expiry, address, phone, classification holders, and technician-employer links. Full-state sweep or targeted search"
TrueLocal AU Directory Listings & Reviews Scraper,Abot API,https://apify.com/abotapi/truelocal-com-au-scraper?fpr=youssef,directories,1,13,,0,"Scrape TrueLocal.com.au business listings by keyword, location, or URL. Extract names, addresses, GPS coordinates, phones, emails, websites, ratings, and review counts. Optional review mode exports individual reviews with author, rating, text, and date. Automatic pagination included"
Subito.it Real Estate Scraper [] Sale & Rent · Immobili,Muhamed Didovic,https://apify.com/memo23/subito-real-estate-scraper?fpr=youssef,other-lead-sources,1,13,5.0,1,"Scrape Subito.it real estate (immobili): apartments, houses, rooms and commercial property for sale or rent across every Italian region. One row per listing with price, size, rooms, full description, photos, location and seller. Paste a search URL or build one from filters. JSON/CSV/Excel"
US Contractor License Leads Scraper (Multi-State),Muhamed Didovic,https://apify.com/memo23/us-contractor-license-leads-scraper?fpr=youssef,email-finders,1,12,,0,"License-verified contractor leads across every US state board on the ARLS platform in one run - NC electrical, NC plumbing/HVAC, NC general contractors, and LA contractors (with board-published emails). Company, license #, class, status, expiry, address, phone. Full-state sweep or targeted search"
"GoWork Scraper (FR, DE & ES) · Emails",Muhamed Didovic,https://apify.com/memo23/gowork-scraper?fpr=youssef,email-finders,1,6,5,1,"Structured employer data (FR, DE, ES): one record per company with page and Open Graph metadata, Schema.org JSON-LD, flattened organization attributes, enriched firmographics and rating distribution, threaded reviews with replies, crawl provenance via parseMeta, and Cloudflare challenge detection"
AutoTrader Canada Scraper - used car listings,Black Falcon Data,https://apify.com/blackfalcondata/autotrader-ca-scraper?fpr=youssef,other-lead-sources,1,5,,0,Scrape autotrader.ca - filter by make model year & price · full vehicle specs with listing photos · dealer name & phone from Canada's largest car marketplace. Incremental mode tracks new and changed listings across scheduled runs
Company Career Pages Scraper,Automation Lab,https://apify.com/automation-lab/company-career-page-jobs-scraper?fpr=youssef,jobs-hiring-signals,1,3,,0,Extract normalized public jobs from supplied career pages across five supported ATS platforms and JobPosting JSON-LD for recurring hiring feeds
"Justia Lawyer Profiles, Reviews & Office Locations Scraper",Abot API,https://apify.com/abotapi/justia-lawyer-scraper?fpr=youssef,directories,1,3,,0,"Scrape attorney profiles from the Justia Lawyer Directory. Extract names, contacts, office locations, practice areas, education, experience, awards, bar admissions, peer endorsements and Justia Lawyer Ratings. Search by state, city, practice area or scrape profile URLs"
French Company Registry Scraper,deriverge s.r.o,https://apify.com/deriverge/french-company-check?fpr=youssef,other-lead-sources,1,2,,0,"Check French companies in bulk by SIREN, SIRET or VAT number: Sirene and RNE identity, head office, activity code, status, BODACC collective proceedings, turnover and net result, and EU VIES. Unmatched rows are free"
Influencer Talent Agency Lookup,Mamba Labs,https://apify.com/mambalabs/talent-agency-lookup?fpr=youssef,social-leads,1,2,,0,"Matches a creator to the talent agency that represents them, or an agency to its public roster. One flat row with agency name, domain, public contact, niches, and match method. Coverage is partial and each row says how it matched. Reads and contributes to a shared agency pool, on by default"
Wellfound (AngelList) Jobs Scraper & Job Alerts - Salary/Equity,Luke Hunter,https://apify.com/lukehunter/wellfound-jobs-scraper?fpr=youssef,jobs-hiring-signals,1,2,,0,"Get the newest Wellfound (AngelList) startup jobs for a role or location: title, company, salary range, equity, remote policy, size and stage. Turn on job alerts and run on a schedule to get only new listings each time, billed once each"
Buyer Intent Signals API - Hiring & Missing-Tech Scoring,ToolFoundry,https://apify.com/toolfoundry/buyer-intent-signals?fpr=youssef,jobs-hiring-signals,1,2,,0,Score accounts 0-100 on buyer intent from public signals: active hiring on public ATS job boards plus a missing tech category you sell into (homepage detection). ICP lead scoring for Clay or your CRM. an open job board; no open board = free. Not third-party intent surge data
GitHub Repository Stats & Search API,Rod Services,https://apify.com/rod_analytics/github-repo-stats?fpr=youssef,other-lead-sources,1,2,,0,"Get GitHub repository stats through the official REST API: stars, forks, watchers, issues, PRs, languages, releases, contributors count, commit activity, license and topics. Look up repos, search by language, stars, topics and dates, or list an organization"
S1Homes Scotland Property Scraper,VividSoftwares,https://apify.com/vivid-softwares/s1homes-scotland-property-scraper?fpr=youssef,other-lead-sources,1,2,,0,"Scrape S1Homes, Scotland's property website. Paste any search URL to get every listing for sale or to rent with prices, dates added, photos, floor plans, videos, nearby schools and stations, and agent contacts"
Tech Stack Detector: Wappalyzer & BuiltWith Alternative,deriverge s.r.o,https://apify.com/deriverge/tech-stack-detector?fpr=youssef,enrichment-verification,1,2,,0,"Detect what any website is built with, in bulk: CMS, ecommerce, analytics, ads, tag managers, frameworks, servers, CDN and hosting, plus email and SaaS tools from DNS. 7,600 fingerprints with version and evidence, change alerts. JSON, CSV, Excel, API"
"JobsDB Jobs Scraper - Hong Kong & Thailand, Descriptions",Northbell,https://apify.com/northbell/jobsdb-jobs-scraper?fpr=youssef,jobs-hiring-signals,1,2,,0,"JobsDB jobs scraper for Hong Kong and Thailand: title, company, location, work type, salary as min/max/interval in local currency, posting date, full description - plus which jobs are new since your last run. Search by keyword and location. No login"
"Website Contact Scraper: Emails, Phones & Socials, Fixed Price",Adrian Voss,https://apify.com/accountable_eel/website-contact-extractor?fpr=youssef,email-finders,1,2,,0,"Contact info scraper alternative: a fixed price per website and a hard page cap, so no runaway crawls. For a list of websites, get emails (role inboxes flagged), E.164 phones, LinkedIn, X, Facebook, Instagram, YouTube, TikTok, contact form and address. Export to Google Sheets. Empty sites are free"
Reddit User Profile Scraper,ToolzerHub,https://apify.com/toolzerhub/reddit-user-profile-scraper?fpr=youssef,social-leads,1,2,,0,"Extract a Reddit user's public profile by username: account age, karma, and creation date. Get username, creation date, and full profile detail including trophy case and active subreddits. No Reddit account or API key required"
"Career Site Jobs Search API: Greenhouse, Workday, Lever, Ashby",deriverge s.r.o,https://apify.com/deriverge/career-site-jobs-search?fpr=youssef,jobs-hiring-signals,1,2,,0,"Search open jobs straight from company career sites on Greenhouse, Workday, Oracle, Ashby, Lever, Rippling, SmartRecruiters, Workable and more: filter by title, country, seniority, remote, salary and visa sponsorship, full description read live. JSON, CSV, API"
NYC FDNY Contractor Leads & Hearing Radar,Luke Hunter,https://apify.com/lukehunter/fdny-violation-radar?fpr=youssef,other-lead-sources,1,2,,0,"Fresh NYC FDNY/OATH fire-code summonses, filterable by borough and remediation trade, routed with hearing-date urgency for fire-protection contractors and compliance buyers. Buildings and businesses only"
Bizquest Businesses For Sale Scraper,BowTiedRaccoon,https://apify.com/jungle_synthesizer/bizquest-businesses-for-sale-scraper?fpr=youssef,other-lead-sources,1,2,,0,"Scrape active BizQuest business-for-sale listings: title, location, category, asking price, cash flow, and gross revenue, with a direct link to each listing"
LinkedIn Jobs Scraper,Robert Khairislamov,https://apify.com/robertosan16/linkedin-jobs-scraper?fpr=youssef,linkedin,1,2,,0,"Scrape public LinkedIn job listings by keyword and location, without login or cookies: title, company, seniority, employment type, applicants, salary, full description and apply link. Filters and alerts"
"Government Tenders Scraper - EU TED, UK, SAM.gov Procurement",Chorelet,https://apify.com/chorelet/government-tenders-scraper?fpr=youssef,other-lead-sources,1,2,,0,"Public procurement notices from EU TED, UK Find a Tender, UK Contracts Finder, SAM.gov and grants.gov in one schema - title, buyer, country, CPV/NAICS, deadline and days left, value, documents and awardee. No API key, filter by keyword, code, country or date"
Lithuanian Company Register Scraper,deriverge s.r.o,https://apify.com/deriverge/lithuanian-company-check?fpr=youssef,b2b-databases,1,2,,0,"Check Lithuanian companies in bulk by legal entity code: JAR register name, form and legal status including bankruptcy, VMI VAT registration history, exact tax debt and EU VIES. Unmatched rows are free. API and watch lists"
Chicago Contract Recompete & Extension Radar,Luke Hunter,https://apify.com/lukehunter/chicago-contract-expiration-radar?fpr=youssef,other-lead-sources,1,2,,0,"Find expiring City of Chicago incumbent contracts, filterable by expiration window, department and minimum award amount, with revision-safe extension history for recompete prospecting"
"SEEK Jobs Scraper - Australia & NZ, Full Descriptions",Northbell,https://apify.com/northbell/seek-jobs-scraper?fpr=youssef,jobs-hiring-signals,1,2,,0,"SEEK jobs scraper for Australia and New Zealand: title, company, location, work type, on-site/hybrid/remote, salary as min/max/interval, posting date, full description - plus which jobs are new since your last run. Search by keyword and location. No login"
StepStone Jobs Scraper,Robert Khairislamov,https://apify.com/robertosan16/stepstone-jobs-scraper?fpr=youssef,jobs-hiring-signals,1,2,,0,"Scrape StepStone.de jobs in Germany by keyword and city: title, company, location, remote, contract type, full description, benefits, industry and apply link. All StepStone filters and alerts"
Remote Jobs Scraper: Six Boards in One Table,deriverge s.r.o,https://apify.com/deriverge/remote-jobs-scraper?fpr=youssef,jobs-hiring-signals,1,2,,0,"Scrape remote jobs from Himalayas, Remote OK, Remotive, Jobicy, Working Nomads and We Work Remotely in one table: title, company, category, type, seniority, candidate location, salary as numbers and date. Filter by keyword, location and salary; new jobs only"
"Company Registry API: Lookup by LEI, VAT Number, CIK or Org ID",Adrian Voss,https://apify.com/accountable_eel/company-registry-unified-lookup?fpr=youssef,other-lead-sources,1,2,,0,"Company lookup by LEI, VAT number, CIK, Norwegian or Finnish business ID, or France SIREN for a list of identifiers, without an API key. Verify a vendor before paying an invoice, screen a CRM list, clean a column of mixed company IDs. GLEIF, SEC EDGAR, Brønnøysund, PRH, SIRENE, VIES VAT validation"
RCRA Enforcement Response Leads,Luke Hunter,https://apify.com/lukehunter/rcra-enforcement-radar?fpr=youssef,other-lead-sources,1,2,,0,"Deduplicated recent RCRA enforcement actions joined to EPA's own evaluation and violation evidence, filterable by state and minimum penalty, with an optional filter for unresolved linked violations. One flat row per action, ready for CRM or Sheets"
Bulgarian Commercial Register Scraper,deriverge s.r.o,https://apify.com/deriverge/bulgarian-company-check?fpr=youssef,other-lead-sources,1,2,,0,"Check Bulgarian companies in bulk by EIK or VAT number: Commercial Register name in Cyrillic and Latin, legal form, seat, capital, activity and EU VIES VAT validity. Sole traders' names are withheld for privacy. Unmatched rows are free"
"JobStreet Jobs Scraper - MY, SG, PH, ID, Descriptions",Northbell,https://apify.com/northbell/jobstreet-jobs-scraper?fpr=youssef,jobs-hiring-signals,1,2,,0,"JobStreet jobs scraper for Malaysia, Singapore, the Philippines and Indonesia: title, company, location, work type, salary as min/max/interval in local currency, posting date, full description - plus which jobs are new since your last run. Search by keyword and location. No login"
Influencer Change Monitor,Mamba Labs,https://apify.com/mambalabs/creator-change-monitor?fpr=youssef,social-leads,1,2,,0,"Rechecks a saved creator list and returns one row per change since the last run: follower milestone, newsletter added, new product, new bio link, new manager. A run with no change returns one free no_change row: list name, handle count, run time. Contributes to a shared creator pool, on by default"
Reddit Subreddit Posts Scraper,ToolzerHub,https://apify.com/toolzerhub/reddit-subreddit-posts-scraper?fpr=youssef,social-leads,1,2,,0,"Extract Reddit posts from any subreddit by Best, Hot, New, Top, or Rising sort order. Just add a subreddit name and get post ID, title, author, subreddit, score, and comment count, with full post detail on request. No Reddit account or API key required"
"Google Jobs Scraper: Job Listings, Salaries & Apply Links",Jura Moshkov,https://apify.com/juramoshkov/google-jobs-scraper?fpr=youssef,jobs-hiring-signals,1,2,,0,"Search Google for Jobs like a recruiter: one row per posting with title, company, location, salary, posting date, remote flag and every apply link (Indeed, LinkedIn, ZipRecruiter, company career sites). Query like ""software engineer in Austin, TX"". No login, no proxies"
Chicago New Business License Radar,Luke Hunter,https://apify.com/lukehunter/chicago-new-business-license-radar?fpr=youssef,other-lead-sources,1,2,,0,"New Chicago business licenses as opening leads, refreshed daily from the City's official dataset: restaurants, liquor, retail, salons, and auto. Grouped by category and classified as new business, new location, or relocation. Businesses only - individuals are excluded. No account or API key needed"
"Reed.co.uk Jobs Scraper - UK Salaries, Descriptions",Northbell,https://apify.com/northbell/reed-jobs-scraper?fpr=youssef,jobs-hiring-signals,1,2,,0,"Reed.co.uk jobs scraper: title, company, location, salary as min/max with hour/day/year, permanent/contract/temporary, hybrid/on-site/remote, posting and expiry dates, full description - plus which jobs are new since your last run. Search by keyword and location. No login"
SEC Form D Scraper: Reg D Funding Rounds,Pradio Actors,https://apify.com/pradio/sec-edgar-form-d?fpr=youssef,other-lead-sources,1,2,,0,"Get the full SEC Form D filing as one row of 46 fields for: issuer, amounts offered and sold, minimum investment, investor counts, exemptions and related persons. List recent Reg D filings or read pasted EDGAR links. Filter by date, state, industry and size, or keep operating companies only"
"Indeed Jobs Scraper - Canada, US & 6 More Countries",Akhil rajesh,https://apify.com/akhil_rajesh/indeed-jobs-scraper?fpr=youssef,jobs-hiring-signals,1,2,,0,"Scrape Indeed jobs in 8 countries: Canada, the US, UK, Ireland, Australia, New Zealand, India and Germany. Search a city, a region, or a whole country swept city by city. Full descriptions, pay, employer details and direct apply links. Scheduled runs can return only jobs you have not seen before"
"Tabelog Scraper - Japan Restaurants, Ratings & Reviews",Scrapewise Data,https://apify.com/scrapewise/tabelog-scraper?fpr=youssef,other-lead-sources,1,2,,0,"Scrape Tabelog (食べログ), Japan's #1 restaurant guide, without login: name, rating, reviews count, categories, price range, address, coordinates, hours, seats, payment, awards and photos. Search by keyword, prefecture and category, or paste links. Optional reviews. Error rows are free"
Skool Communities Scraper,Nice Dev,https://apify.com/nice_dev/skool-communities-scraper?fpr=youssef,directories,1,2,,0,"Scrape the whole Skool community directory: members, price, rating, owner contacts, and the posts, members, classroom and calendar of public communities"
Company Hiring Signals: Open Roles by Domain Across 10 ATS,Adrian Voss,https://apify.com/accountable_eel/company-hiring-signal?fpr=youssef,jobs-hiring-signals,1,2,,0,"Hiring signals for a list of companies: paste domains, we find each one's job system (Greenhouse, Lever, Ashby, Workable, Workday + 5 more) and return open roles, departments, locations, remote share and new job postings since the last run. To Google Sheets or Clay. Pay per company found"
Boat & Yacht Listings Scraper for Yachtall,Haketa,https://apify.com/haketa/yachtall-scraper?fpr=youssef,other-lead-sources,1,2,,0,"Scrape boat & yacht listings from Yachtall: title, price, currency, year, boat type & category, length, cabins, fuel, location, seller and photos. For marine market research, pricing and dealer leads. Independent tool, not affiliated with Yachtall"
"GoodFirms Scraper: IT Companies, Agencies & Reviews",Scrapewise Data,https://apify.com/scrapewise/goodfirms-scraper?fpr=youssef,other-lead-sources,1,2,,0,"Scrape GoodFirms directories and company profiles without login: name, website, location, hourly rate, team size, founded, rating, review count, services with focus %, industries, offices and client reviews. Filters by rate, size and reviews. Error rows are free"
New Healthcare Organization NPI Radar,Luke Hunter,https://apify.com/lukehunter/new-healthcare-organization-npi-radar?fpr=youssef,other-lead-sources,1,2,,0,"Newly enumerated ORGANIZATION NPIs from CMS's weekly NPPES file, refreshed weekly: home health, hospice, behavioral health, DME, NEMT, clinics and more. Segmented by buyer taxonomy, new-org vs. new-location flagged. No individuals, no Authorized Official data, no key needed"
Workday Jobs Scraper,Robert Khairislamov,https://apify.com/robertosan16/workday-jobs-scraper?fpr=youssef,jobs-hiring-signals,1,2,,0,"Scrape jobs from any Workday career site (myworkdayjobs.com): title, locations, dates, salary from the description, full text and apply link. Gets every job, even beyond the 2,000 Workday shows per search"
Immobiliare.it Listings Scraper,Nice Dev,https://apify.com/nice_dev/immobiliare-listings-scraper?fpr=youssef,other-lead-sources,1,2,,0,"Scrape Immobiliare.it (Italy) property listings for sale and rent by city, province, region, map area or search URL: price, size, rooms, GPS, agency and phone, energy class, costs, photos. Export to JSON, CSV or Excel"
Upwork Freelancers Scraper,BowTiedRaccoon,https://apify.com/jungle_synthesizer/upwork-freelancers-scraper?fpr=youssef,jobs-hiring-signals,1,2,,0,"Search and scrape Upwork freelancer profiles by keyword. Extracts hourly rates, job success scores, total earnings, skills, location, Top Rated status, availability, and more. Filter by Top Rated, Top Rated Plus, or US-only freelancers. Supports pagination to retrieve large result sets"
"Email Security Signals: DMARC, SPF, DKIM & BIMI Checker",ToolFoundry,https://apify.com/toolfoundry/email-security-signals?fpr=youssef,email-finders,1,2,,0,"Grade a list of domains A-F on email authentication: SPF (incl. 10-lookup limit), DMARC policy and reporting vendor, DKIM, MTA-STS, TLS-RPT, BIMI, DNSSEC, security.txt. Flags Google/Yahoo/Microsoft bulk-sender compliance, detected sending vendors and sales-ready pitch reasons"
UK Companies House Search & Company Data,Rod Services,https://apify.com/rod_analytics/uk-companies-house?fpr=youssef,b2b-databases,1,2,,0,"Search UK companies by name, number, SIC code, incorporation date, status or location in the official Companies House API. Status, SIC labels, address, accounts and confirmation due dates, filings, PSC, charges and officers in one schema for KYB, due diligence and leads"
"InfoJobs Jobs Scraper - Spain, Salaries, Descriptions",Northbell,https://apify.com/northbell/infojobs-jobs-scraper?fpr=youssef,jobs-hiring-signals,1,2,,0,"InfoJobs.net jobs scraper for Spain: title, company, city, salary as min/max with period and gross/net, contract type, working hours, on-site/hybrid/remote, description, posting date - plus which jobs are new since your last run. Search by keyword and province. No login"
"Authentic Jobs Scraper: Design, Dev, Creative Jobs",Pradio Actors,https://apify.com/pradio/authentic-jobs?fpr=youssef,jobs-hiring-signals,1,2,,0,"Get every design, developer and creative tech job on Authentic Jobs, with the salary as numbers, the category, the job type and the remote status on each row. Search by keyword or leave it empty for the whole board; a daily schedule can return only new listings. No login"
LinkedIn Ad Library Advertiser Disclosure Scraper,BowTiedRaccoon,https://apify.com/jungle_synthesizer/linkedin-ad-library-advertiser-disclosure-scraper?fpr=youssef,linkedin,1,2,,0,"Scrape LinkedIn Ad Library ads by keyword, company ID, or country: advertiser name, ad creative, and the full EU DSA disclosure block - total and per-country impressions, audience targeting, and the legal entity paying for each ad"
"Craigslist Scraper [] Search, Leads & Housing",UnitBytes | Enterprise Web Data,https://apify.com/unitbytes/craigslist-scraper?fpr=youssef,email-finders,1,2,,0,"Fast Craigslist Scraper with search discovery, deep detail extraction, FREE phone & email leads, and automatic deduplication for scheduled monitoring"
Canadian Job Market Scraper - Job Bank,Akhil rajesh,https://apify.com/akhil_rajesh/canadian-jobs-scraper?fpr=youssef,jobs-hiring-signals,1,2,,0,"Scrape Canadian job postings from Job Bank, the Government of Canada's official job board. Search by keyword plus city, province or postal code, and get salary, employer, location, NOC code, work hours and posting dates as clean structured fields"
Greenhouse Jobs Scraper & API: Any Board or All Greenhouse Jobs,deriverge s.r.o,https://apify.com/deriverge/greenhouse-jobs-scraper?fpr=youssef,jobs-hiring-signals,1,2,,0,"Scrape any Greenhouse job board by company, or search all 150,000+ open Greenhouse jobs by keyword, country, seniority, remote and salary. Title, locations, salary as numbers, apply link, full description. New jobs only mode. JSON, CSV, API"
"EU Company Registry Lookup: FR, NO, FI, EE + VIES VAT + LEI",Rod Services,https://apify.com/rod_analytics/eu-company-lookup?fpr=youssef,b2b-databases,1,2,,0,"Search or look up companies in the official business registers of France (SIRENE), Norway (Brønnøysund), Finland (PRH YTJ) and Estonia (e-Business Register), validate EU VAT numbers in VIES and add GLEIF LEI codes. One normalized schema for KYB, due diligence and B2B lead enrichment"
Reddit Post Comments Scraper,ToolzerHub,https://apify.com/toolzerhub/reddit-post-comments-scraper?fpr=youssef,social-leads,1,2,,0,"Extract a Reddit post's full comment tree by sort mode: Best, New, Top, or Old. Get comment ID, post ID, author, creation date, score, upvotes, and full comment detail, plus collapsed reply threads on request. No Reddit account required"
AutoTrader.ca Scraper-Used Car Listings & Prices,Akhil rajesh,https://apify.com/akhil_rajesh/autotrader-canada-scraper?fpr=youssef,other-lead-sources,1,2,,0,"Scrape used and new car listings from AutoTrader.ca. Search by make, model, province or city, set price, year and mileage limits, and get price, mileage, trim, dealer, location and photos as structured data. Export to JSON, CSV or Excel, or use the API"
Latvian Company Register Scraper,deriverge s.r.o,https://apify.com/deriverge/latvian-company-check?fpr=youssef,b2b-databases,1,2,,0,"Check Latvian companies in bulk by registration number: Register of Enterprises status, VAT payer register with risk flag, insolvency and liquidation registers, sanctions links and EU VIES. Unmatched rows are free. API and watch lists"
Lever Jobs Scraper & API: Any Lever Page or All Lever Jobs,deriverge s.r.o,https://apify.com/deriverge/lever-jobs-scraper?fpr=youssef,jobs-hiring-signals,1,2,,0,"Scrape any Lever careers page by company, or search all 40,000+ open Lever jobs by keyword, country, seniority, remote and salary. Title, team, locations, salary as numbers, apply link, full description. New jobs only mode. JSON, CSV, API"
"bol.com Scraper - Seller Leads (VAT, KvK, Email) & Products",Muhamed Didovic,https://apify.com/memo23/bol-com-seller-leads-scraper?fpr=youssef,email-finders,1,2,,0,"Scrape bol.com (NL + BE) seller leads and products, pure HTTP. Each seller: legal company name, VAT number (NL and BE), KvK / KBO number, registered address and seller score, plus an optional verified email. Search, category, seller or product URLs. JSON/CSV"
Emerging Federal Contractor Radar,Luke Hunter,https://apify.com/lukehunter/emerging-federal-contractor-radar?fpr=youssef,other-lead-sources,1,2,,0,"New US federal contract awards from USAspending, filterable by NAICS code and awarding agency, flagged by the winner's lifetime award history: first-time federal contractors and small emerging vendors. No API key needed"
Company Hiring Signals API - Hiring Velocity & Tech Stack,ToolFoundry,https://apify.com/toolfoundry/hiring-signals?fpr=youssef,enrichment-verification,1,2,,0,"Company hiring signals from Greenhouse, Lever, Ashby, Workday, Workable, SmartRecruiters, Breezy HR & Personio. Input names or domains; get open jobs, 7/30/90-day hiring velocity, hiringScore, tech stack from job posts, new/closed roles., misses free. Works in Clay and AI agents"
Hospital Ownership Change Radar,Luke Hunter,https://apify.com/lukehunter/hospital-chow-radar?fpr=youssef,other-lead-sources,1,2,,0,"Find hospitals that just changed ownership, filterable by state and date range, with buyer, seller, effective date, and owner details, so vendors have a timely reason to reach the new decision-makers"
Reddit Search Scraper,ToolzerHub,https://apify.com/toolzerhub/reddit-search-scraper?fpr=youssef,social-leads,1,2,,0,"Search Reddit by keyword across posts, comments, subreddits, or users. Get result ID, post ID, subreddit ID, username, title, author, subreddit, creation date, score, and comment count for every match. No Reddit account or API key required"
Tech Stack Detector - BuiltWith & Wappalyzer Alternative,ToolFoundry,https://apify.com/toolfoundry/tech-enricher?fpr=youssef,enrichment-verification,1,2,,0,"Tech stack lookup for any domain list: 84 common CMS, ecommerce, analytics, marketing, support, hosting/CDN and framework signatures from the homepage, plus email and DNS provider., not found = free. Works in Clay"
"SEEK, JobStreet & JobsDB Jobs Scraper",Akhil rajesh,https://apify.com/akhil_rajesh/seek-jobstreet-jobsdb-scraper?fpr=youssef,jobs-hiring-signals,1,2,,0,"Scrape jobs from SEEK (Australia, New Zealand), JobStreet (Malaysia, Singapore, Philippines, Indonesia) and JobsDB (Hong Kong, Thailand): full descriptions, pay as numbers in the right currency, applicant counts and change tracking between runs. No 550-job limit; many searches or links per run"
German Energy Assets Scraper (MaStR),Thomas Ehrler,https://apify.com/perceptr0n/german-energy-assets-mastr?fpr=youssef,other-lead-sources,1,2,,0,"Export solar parks, wind farms, battery storage and CHP plants from the official German Marktstammdatenregister: operator name, capacity in kW, commissioning date, full address, district, grid operator. 9.2 million registered units, filterable by source, state, power and age"
Reddit Subreddit Info Scraper,ToolzerHub,https://apify.com/toolzerhub/reddit-subreddit-info-scraper?fpr=youssef,social-leads,1,2,,0,"Extract a Reddit subreddit's public profile and community stats by name. Just add a subreddit name and get subreddit ID, title, creation date, plus style, settings, and highlights detail. No Reddit account or API key required"
All-in-One Jobs Scraper,Robert Khairislamov,https://apify.com/robertosan16/all-in-one-jobs-scraper?fpr=youssef,jobs-hiring-signals,1,2,,0,"Search LinkedIn and 12 more job sites at once by keyword and country: Dice, Welcome to the Jungle, StepStone, SEEK, Jobstreet, JobsDB, Reed, InfoJobs and Greenhouse, Lever, Ashby and Workday career sites. One format, no duplicates"
Estonian Business Register Scraper,deriverge s.r.o,https://apify.com/deriverge/estonian-company-check?fpr=youssef,other-lead-sources,1,2,,0,"Check Estonian companies in bulk by registry code: e-Business Register status, legal form, VAT number, exact EMTA tax debt, quarterly turnover, taxes and headcount, and EU VIES. Unmatched rows are free. API and scheduled watch lists"
"Wellfound Jobs Scraper - Startup Jobs, Salary & Equity",Akhil rajesh,https://apify.com/akhil_rajesh/wellfound-jobs-scraper?fpr=youssef,jobs-hiring-signals,1,2,,0,"Scrape startup jobs from Wellfound (formerly AngelList Talent): salary and equity ranges parsed into numbers, full descriptions, company size, tagline and badges, and an exact Y Combinator flag. Search by role and city, filter to YC or remote jobs, and export to JSON, CSV or Excel"
"Idealista Scraper - Spain, Italy, Portugal Listings",Nice Dev,https://apify.com/nice_dev/idealista-listings-scraper?fpr=youssef,other-lead-sources,1,2,,0,"Scrape Idealista property listings in Spain, Italy and Portugal: price, size, rooms, GPS, photos, agency name and phone, price drops. Sale, rent and rooms. Export to JSON, CSV or Excel"
Bank Branch Closings & Merger Radar (FDIC),Luke Hunter,https://apify.com/lukehunter/bank-branch-merger-radar?fpr=youssef,other-lead-sources,1,2,,0,"Find new US bank branch closings, openings, relocations and mergers from the FDIC, filterable by event type and state, with acquirer/target, branches transferred and local branch-count context. No FDIC key needed"
Romanian Company Registry Scraper,deriverge s.r.o,https://apify.com/deriverge/romanian-company-check?fpr=youssef,other-lead-sources,1,2,,0,"Check Romanian companies in bulk by CUI or VAT number via ANAF and EU VIES: legal name, address, registry number, VAT status, fiscal inactivity, e-Factura and five years of turnover, profit and headcount. Unmatched rows are free"
New Shopify Stores Radar & Shopify Checker (Pre-Launch),Pre-Launch Radar,https://apify.com/prelaunch-radar/new-shopify-stores-pre-launch-radar?fpr=youssef,other-lead-sources,1,2,,0,"New Shopify stores, including pre-launch stores behind a password page, detected from public Certificate Transparency logs, with RDAP registration date, niche, country and catalog counts. Also checks any domain for Shopify. Flat JSON for AI agents and MCP. Zero personal data"
Czech Company Registry Scraper,deriverge s.r.o,https://apify.com/deriverge/czech-company-check?fpr=youssef,other-lead-sources,1,2,,0,"Check Czech and Slovak companies in bulk by IČO, VAT number or name: ARES registry data, VAT payer reliability, published bank accounts, ISIR insolvency and EU VIES. Legal name, address, status and risk flags. Unmatched rows are free"
Google Search Results Scraper · SERP API,Alfalfa,https://apify.com/alfalfa/google-serp-scraper?fpr=youssef,other-lead-sources,1,2,,0,"Google search results scraper and Google SERP API replacement: organic results with resolved URLs, ads, shopping ads, People Also Ask, related searches, pagination, any country and language. One record per result page, final price, no start fee"
Polish Company Registry Scraper (KRS),deriverge s.r.o,https://apify.com/deriverge/polish-company-check?fpr=youssef,other-lead-sources,1,2,,0,"Check Polish companies in bulk by NIP or KRS: VAT white list status with published bank accounts, invoice account verification, KRS court register data and insolvency, and EU VIES. Unmatched rows are free. API and watch lists"
UK Companies House Scraper,Scrapewise Data,https://apify.com/scrapewise/companies-house-scraper?fpr=youssef,b2b-databases,1,2,,0,"Scrape UK companies from Companies House without an API key: number, name, status, type, registered address, SIC codes, incorporation and dissolution dates, accounts and confirmation statement dates, overdue flags, previous names, filings and charges. Bulk filters. Error rows are free"
Google Ads Transparency Scraper,deriverge s.r.o,https://apify.com/deriverge/google-ads-transparency-scraper?fpr=youssef,other-lead-sources,1,2,,0,"Scrape the Google Ads Transparency Center: every ad an advertiser or domain runs on Google, with format, preview, first and last shown dates, regions, impression ranges and creative variants. New ads only mode for competitor tracking; API"
"OfferUp Scraper [] Cars, Deals & Items",UnitBytes | Enterprise Web Data,https://apify.com/unitbytes/offerup-scraper?fpr=youssef,other-lead-sources,1,2,,0,"Fast OfferUp Scraper with no login required. Extract local marketplace listings, car specs, electronics, seller ratings, HD photos, and prices with Smart Scrape deduplication"
Hospital Price Transparency Enforcement Leads - CMS Radar,Luke Hunter,https://apify.com/lukehunter/hospital-price-transparency-enforcement-leads?fpr=youssef,other-lead-sources,1,2,,0,"Find hospitals with recent CMS Hospital Price Transparency enforcement actions (Warning Notice, CAP Request, CMP Notice), filterable by state and lookback window, one research-ready lead per hospital for compliance vendors and consultants"
Google Maps Reviews + Risk Flags � Reply Drafts,Mohammed Samaan,https://apify.com/leadharbor/local-review-booster?fpr=youssef,google-maps,1,2,,0,"Returns one row per Google Maps review � rating, sentiment, topic, urgency, a health/safety/legal risk flag, reply status and a suggested reply. No login, no cookies, no session required. For restaurants, clinics, salons and agencies"
"Tech Jobs Feed - Dice, StepStone & Remote Boards",B,https://apify.com/halobartku/tech-jobs-feed?fpr=youssef,jobs-hiring-signals,1,1,,0,"IT jobs scraper & tech jobs feed API: Dice, StepStone, LinkedIn, Remotive, Arbeitnow, RemoteOK. Stellenangebote aus DE-Boards, normalised rows. Independently validated. Built by an autonomous AI agent"
Eventbrite Scraper: Events by City and Date,deriverge s.r.o,https://apify.com/deriverge/eventbrite-scraper?fpr=youssef,other-lead-sources,1,1,,0,"Scrape Eventbrite events by city, date range and price: title, date, venue, organizer, ticket price and link. Splits a range into day-sized searches to get past Eventbrite's result ceiling. Filtered events are never charged. JSON, CSV, API"
Reddit User Posts Scraper,ToolzerHub,https://apify.com/toolzerhub/reddit-user-posts-scraper?fpr=youssef,social-leads,1,1,,0,"Extract every post a Reddit user has submitted, sorted by New, Hot, or Top. Just add a username and get post ID, title, subreddit, creation date, score, upvotes, and comment count for each post. No Reddit account required"
TikTok Followers Scraper,ToolzerHub,https://apify.com/toolzerhub/tiktok-followers-scraper?fpr=youssef,social-leads,1,1,,0,"Extract a TikTok account's followers by username or secUid. Get full profiles for every follower: IDs, nicknames, bios, avatars, verification, privacy, region, and follower/following statistics. Export the data, run it via API, or schedule and monitor audience growth"
"Greenhouse, Lever, Workday & Ashby Jobs Scraper",deriverge s.r.o,https://apify.com/deriverge/greenhouse-lever-workday-jobs-scraper?fpr=youssef,jobs-hiring-signals,1,1,,0,"Scrape jobs from company career sites on 14 ATS platforms: Greenhouse, Lever, Workday, Ashby, Oracle, iCIMS, Rippling, SmartRecruiters, Workable, BambooHR and more. Title, seniority, country, remote, salary, date, apply link. Company domains work; new jobs only mode"
Lithuania Company Registry (JAR) Fresh Details,Karl Sundström,https://apify.com/vhsgreed/lithuania-jar-registru-centras-api-fresh?fpr=youssef,other-lead-sources,1,1,,0,"Look up Lithuanian companies in the official JAR registry by name or company code. Returns legal form, status, address, activity codes and registration details"
Upwork Jobs Scraper,Nice Dev,https://apify.com/nice_dev/upwork-jobs-scraper?fpr=youssef,jobs-hiring-signals,1,1,,0,"Scrape Upwork job posts by keyword or search URL: title, full description, skills, budget, hourly rate, experience level, duration and publication time. Export to JSON, CSV or Excel"
